family,preprocessing,task,scenario,model,feature,mean_relative_frequency,n_seeds_total,n_seeds_with_feature,status
family1_no_clr_microbiome_raw,Without CLR,classification,C_environment_microbiome,pysr,B101_Unclassified_Genus10,0.0033333333333333,100,5,complete_100_seeds
family1_no_clr_microbiome_raw,Without CLR,classification,C_environment_microbiome,pysr,B102_TM7a,0.002,100,3,complete_100_seeds
family1_no_clr_microbiome_raw,Without CLR,classification,C_environment_microbiome,pysr,B105_Clostridium_sensu_stricto_1,0.0153333333333333,100,22,complete_100_seeds
family1_no_clr_microbiome_raw,Without CLR,classification,C_environment_microbiome,pysr,B106_Unclassified_Genus11,0.0026666666666666,100,4,complete_100_seeds
family1_no_clr_microbiome_raw,Without CLR,classification,C_environment_microbiome,pysr,B108_Oligoflexus,0.0033333333333333,100,5,complete_100_seeds
family1_no_clr_microbiome_raw,Without CLR,classification,C_environment_microbiome,pysr,B109_Unclassified_Genus12,0.0086666666666666,100,11,complete_100_seeds
family1_no_clr_microbiome_raw,Without CLR,classification,C_environment_microbiome,pysr,B10_Sphingomonas,0.0013333333333333,100,2,complete_100_seeds
family1_no_clr_microbiome_raw,Without CLR,classification,C_environment_microbiome,pysr,B111_Peredibacter,0.0006666666666666,100,1,complete_100_seeds
family1_no_clr_microbiome_raw,Without CLR,classification,C_environment_microbiome,pysr,B112_Erythrobacter,0.0006666666666666,100,1,complete_100_seeds
family1_no_clr_microbiome_raw,Without CLR,classification,C_environment_microbiome,pysr,B115_Bacillus,0.0006666666666666,100,1,complete_100_seeds
family1_no_clr_microbiome_raw,Without CLR,classification,C_environment_microbiome,pysr,B120_Mesorhizobium,0.0006666666666666,100,1,complete_100_seeds
family1_no_clr_microbiome_raw,Without CLR,classification,C_environment_microbiome,pysr,B131_Limnobacter,0.004,100,6,complete_100_seeds
family1_no_clr_microbiome_raw,Without CLR,classification,C_environment_microbiome,pysr,B140_Hymenobacter,0.0073333333333333,100,11,complete_100_seeds
family1_no_clr_microbiome_raw,Without CLR,classification,C_environment_microbiome,pysr,B144_Seohaeicola,0.0006666666666666,100,1,complete_100_seeds
family1_no_clr_microbiome_raw,Without CLR,classification,C_environment_microbiome,pysr,B146_Gramella,0.0033333333333333,100,5,complete_100_seeds
family1_no_clr_microbiome_raw,Without CLR,classification,C_environment_microbiome,pysr,B152_Rhizorhapis,0.0006666666666666,100,1,complete_100_seeds
family1_no_clr_microbiome_raw,Without CLR,classification,C_environment_microbiome,pysr,B155_Thermoactinomyces,0.0006666666666666,100,1,complete_100_seeds
family1_no_clr_microbiome_raw,Without CLR,classification,C_environment_microbiome,pysr,B156_Pseudorhodobacter,0.0013333333333333,100,2,complete_100_seeds
family1_no_clr_microbiome_raw,Without CLR,classification,C_environment_microbiome,pysr,B162_Paraglaciecola,0.0006666666666666,100,1,complete_100_seeds
family1_no_clr_microbiome_raw,Without CLR,classification,C_environment_microbiome,pysr,B163_OM27_clade,0.0006666666666666,100,1,complete_100_seeds
family1_no_clr_microbiome_raw,Without CLR,classification,C_environment_microbiome,pysr,B165_Stenotrophomonas,0.0006666666666666,100,1,complete_100_seeds
family1_no_clr_microbiome_raw,Without CLR,classification,C_environment_microbiome,pysr,B170_Ferruginibacter,0.0146666666666666,100,19,complete_100_seeds
family1_no_clr_microbiome_raw,Without CLR,classification,C_environment_microbiome,pysr,B177_Ensifer,0.0006666666666666,100,1,complete_100_seeds
family1_no_clr_microbiome_raw,Without CLR,classification,C_environment_microbiome,pysr,B182_Persicitalea,0.0473809523809523,100,52,complete_100_seeds
family1_no_clr_microbiome_raw,Without CLR,classification,C_environment_microbiome,pysr,B189_Candidatus_Symbiobacter,0.002,100,3,complete_100_seeds
family1_no_clr_microbiome_raw,Without CLR,classification,C_environment_microbiome,pysr,B18_Massilia,0.0013333333333333,100,2,complete_100_seeds
family1_no_clr_microbiome_raw,Without CLR,classification,C_environment_microbiome,pysr,B193_Unclassified_Genus30,0.0006666666666666,100,1,complete_100_seeds
family1_no_clr_microbiome_raw,Without CLR,classification,C_environment_microbiome,pysr,B197_Leisingera,0.0006666666666666,100,1,complete_100_seeds
family1_no_clr_microbiome_raw,Without CLR,classification,C_environment_microbiome,pysr,B19_Actinomyces,0.0006666666666666,100,1,complete_100_seeds
family1_no_clr_microbiome_raw,Without CLR,classification,C_environment_microbiome,pysr,B1_Streptococcus,0.0013333333333333,100,2,complete_100_seeds
family1_no_clr_microbiome_raw,Without CLR,classification,C_environment_microbiome,pysr,B200_Blastococcus,0.0006666666666666,100,1,complete_100_seeds
family1_no_clr_microbiome_raw,Without CLR,classification,C_environment_microbiome,pysr,B201_Unclassified_Genus31,0.0013333333333333,100,2,complete_100_seeds
family1_no_clr_microbiome_raw,Without CLR,classification,C_environment_microbiome,pysr,B20_Rhodococcus,0.0073333333333333,100,11,complete_100_seeds
family1_no_clr_microbiome_raw,Without CLR,classification,C_environment_microbiome,pysr,B211_Unclassified_Genus34,0.0139999999999999,100,20,complete_100_seeds
family1_no_clr_microbiome_raw,Without CLR,classification,C_environment_microbiome,pysr,B215_Unclassified_Genus36,0.012,100,17,complete_100_seeds
family1_no_clr_microbiome_raw,Without CLR,classification,C_environment_microbiome,pysr,B218_Unclassified_Genus38,0.0006666666666666,100,1,complete_100_seeds
family1_no_clr_microbiome_raw,Without CLR,classification,C_environment_microbiome,pysr,B219_Subsaxibacter,0.0066666666666666,100,10,complete_100_seeds
family1_no_clr_microbiome_raw,Without CLR,classification,C_environment_microbiome,pysr,B230_Micromonospora,0.01,100,13,complete_100_seeds
family1_no_clr_microbiome_raw,Without CLR,classification,C_environment_microbiome,pysr,B233_Unclassified_Genus39,0.0093333333333333,100,13,complete_100_seeds
family1_no_clr_microbiome_raw,Without CLR,classification,C_environment_microbiome,pysr,B234_Lachnoclostridium,0.048,100,54,complete_100_seeds
family1_no_clr_microbiome_raw,Without CLR,classification,C_environment_microbiome,pysr,B236_Paenibacillus,0.3775714285714286,100,100,complete_100_seeds
family1_no_clr_microbiome_raw,Without CLR,classification,C_environment_microbiome,pysr,B238_Hyphomicrobium,0.0006666666666666,100,1,complete_100_seeds
family1_no_clr_microbiome_raw,Without CLR,classification,C_environment_microbiome,pysr,B23_Flavobacterium,0.0013333333333333,100,2,complete_100_seeds
family1_no_clr_microbiome_raw,Without CLR,classification,C_environment_microbiome,pysr,B243_Rhabdobacter,0.006,100,9,complete_100_seeds
family1_no_clr_microbiome_raw,Without CLR,classification,C_environment_microbiome,pysr,B245_Octadecabacter,0.1834285714285714,100,94,complete_100_seeds
family1_no_clr_microbiome_raw,Without CLR,classification,C_environment_microbiome,pysr,B247_Fluviicola,0.0013333333333333,100,2,complete_100_seeds
family1_no_clr_microbiome_raw,Without CLR,classification,C_environment_microbiome,pysr,B250_Pseudolabrys,0.0006666666666666,100,1,complete_100_seeds
family1_no_clr_microbiome_raw,Without CLR,classification,C_environment_microbiome,pysr,B254_Euzebya,0.0006666666666666,100,1,complete_100_seeds
family1_no_clr_microbiome_raw,Without CLR,classification,C_environment_microbiome,pysr,B255_Methylibium,0.0026666666666666,100,3,complete_100_seeds
family1_no_clr_microbiome_raw,Without CLR,classification,C_environment_microbiome,pysr,B259_Aurantimonas,0.0006666666666666,100,1,complete_100_seeds
family1_no_clr_microbiome_raw,Without CLR,classification,C_environment_microbiome,pysr,B25_Methylobacterium_Methylorubrum,0.0013333333333333,100,2,complete_100_seeds
family1_no_clr_microbiome_raw,Without CLR,classification,C_environment_microbiome,pysr,B261_Unclassified_Genus45,0.0139999999999999,100,21,complete_100_seeds
family1_no_clr_microbiome_raw,Without CLR,classification,C_environment_microbiome,pysr,B269_Luteimonas,0.0006666666666666,100,1,complete_100_seeds
family1_no_clr_microbiome_raw,Without CLR,classification,C_environment_microbiome,pysr,B26_Pseudomonas,0.0613809523809523,100,66,complete_100_seeds
family1_no_clr_microbiome_raw,Without CLR,classification,C_environment_microbiome,pysr,B276_Pedomicrobium,0.0006666666666666,100,1,complete_100_seeds
family1_no_clr_microbiome_raw,Without CLR,classification,C_environment_microbiome,pysr,B278_Unclassified_Genus49,0.0006666666666666,100,1,complete_100_seeds
family1_no_clr_microbiome_raw,Without CLR,classification,C_environment_microbiome,pysr,B28_Clostridium_sensu_stricto_12,0.0006666666666666,100,1,complete_100_seeds
family1_no_clr_microbiome_raw,Without CLR,classification,C_environment_microbiome,pysr,B291_Leptothrix,0.0006666666666666,100,1,complete_100_seeds
family1_no_clr_microbiome_raw,Without CLR,classification,C_environment_microbiome,pysr,B293_Unclassified_Genus53,0.0033333333333333,100,5,complete_100_seeds
family1_no_clr_microbiome_raw,Without CLR,classification,C_environment_microbiome,pysr,B297_Aquimonas,0.0013333333333333,100,2,complete_100_seeds
family1_no_clr_microbiome_raw,Without CLR,classification,C_environment_microbiome,pysr,B298_Aurantisolimonas,0.0720952380952381,100,67,complete_100_seeds
family1_no_clr_microbiome_raw,Without CLR,classification,C_environment_microbiome,pysr,B29_Unclassified_Genus1,0.0193333333333333,100,26,complete_100_seeds
family1_no_clr_microbiome_raw,Without CLR,classification,C_environment_microbiome,pysr,B309_Unclassified_Genus58,0.0126666666666666,100,17,complete_100_seeds
family1_no_clr_microbiome_raw,Without CLR,classification,C_environment_microbiome,pysr,B311_Bdellovibrio,0.0006666666666666,100,1,complete_100_seeds
family1_no_clr_microbiome_raw,Without CLR,classification,C_environment_microbiome,pysr,B312_Methyloceanibacter,0.0006666666666666,100,1,complete_100_seeds
family1_no_clr_microbiome_raw,Without CLR,classification,C_environment_microbiome,pysr,B316_Clostridium_sensu_stricto_9,0.0013333333333333,100,2,complete_100_seeds
family1_no_clr_microbiome_raw,Without CLR,classification,C_environment_microbiome,pysr,B317_Streptosporangium,0.0013333333333333,100,2,complete_100_seeds
family1_no_clr_microbiome_raw,Without CLR,classification,C_environment_microbiome,pysr,B319_Unclassified_Genus62,0.0013333333333333,100,2,complete_100_seeds
family1_no_clr_microbiome_raw,Without CLR,classification,C_environment_microbiome,pysr,B31_Acidovorax,0.0006666666666666,100,1,complete_100_seeds
family1_no_clr_microbiome_raw,Without CLR,classification,C_environment_microbiome,pysr,B322_Defluviicoccus,0.0006666666666666,100,1,complete_100_seeds
family1_no_clr_microbiome_raw,Without CLR,classification,C_environment_microbiome,pysr,B324_Adhaeribacter,0.0026666666666666,100,4,complete_100_seeds
family1_no_clr_microbiome_raw,Without CLR,classification,C_environment_microbiome,pysr,B327_Clavibacter,0.01,100,13,complete_100_seeds
family1_no_clr_microbiome_raw,Without CLR,classification,C_environment_microbiome,pysr,B328_Unclassified_Genus65,0.0227142857142857,100,30,complete_100_seeds
family1_no_clr_microbiome_raw,Without CLR,classification,C_environment_microbiome,pysr,B32_Rathayibacter,0.0013333333333333,100,2,complete_100_seeds
family1_no_clr_microbiome_raw,Without CLR,classification,C_environment_microbiome,pysr,B332_Lautropia,0.006,100,9,complete_100_seeds
family1_no_clr_microbiome_raw,Without CLR,classification,C_environment_microbiome,pysr,B336_Hirschia,0.0006666666666666,100,1,complete_100_seeds
family1_no_clr_microbiome_raw,Without CLR,classification,C_environment_microbiome,pysr,B338_Geminicoccus,0.0553333333333333,100,61,complete_100_seeds
family1_no_clr_microbiome_raw,Without CLR,classification,C_environment_microbiome,pysr,B341_Unclassified_Genus69,0.0006666666666666,100,1,complete_100_seeds
family1_no_clr_microbiome_raw,Without CLR,classification,C_environment_microbiome,pysr,B343_Rhodoferax,0.0066666666666666,100,10,complete_100_seeds
family1_no_clr_microbiome_raw,Without CLR,classification,C_environment_microbiome,pysr,B348_Unclassified_Genus71,0.044047619047619,100,50,complete_100_seeds
family1_no_clr_microbiome_raw,Without CLR,classification,C_environment_microbiome,pysr,B350_Unclassified_Genus72,0.0006666666666666,100,1,complete_100_seeds
family1_no_clr_microbiome_raw,Without CLR,classification,C_environment_microbiome,pysr,B366_Blastocatella,0.0147619047619047,100,20,complete_100_seeds
family1_no_clr_microbiome_raw,Without CLR,classification,C_environment_microbiome,pysr,B373_Verrucosispora,0.0086666666666666,100,13,complete_100_seeds
family1_no_clr_microbiome_raw,Without CLR,classification,C_environment_microbiome,pysr,B376_Unclassified_Genus82,0.0246666666666666,100,31,complete_100_seeds
family1_no_clr_microbiome_raw,Without CLR,classification,C_environment_microbiome,pysr,B379_Rubellimicrobium,0.004,100,6,complete_100_seeds
family1_no_clr_microbiome_raw,Without CLR,classification,C_environment_microbiome,pysr,B380_Pelosinus,0.0026666666666666,100,4,complete_100_seeds
family1_no_clr_microbiome_raw,Without CLR,classification,C_environment_microbiome,pysr,B385_Unclassified_Genus86,0.0006666666666666,100,1,complete_100_seeds
family1_no_clr_microbiome_raw,Without CLR,classification,C_environment_microbiome,pysr,B38_Unclassified_Genus2,0.0013333333333333,100,2,complete_100_seeds
family1_no_clr_microbiome_raw,Without CLR,classification,C_environment_microbiome,pysr,B393_Unclassified_Genus92,0.0493333333333333,100,51,complete_100_seeds
family1_no_clr_microbiome_raw,Without CLR,classification,C_environment_microbiome,pysr,B394_Paraclostridium,0.0066666666666666,100,10,complete_100_seeds
family1_no_clr_microbiome_raw,Without CLR,classification,C_environment_microbiome,pysr,B396_Segetibacter,0.002,100,3,complete_100_seeds
family1_no_clr_microbiome_raw,Without CLR,classification,C_environment_microbiome,pysr,B397_Unclassified_Genus93,0.0026666666666666,100,4,complete_100_seeds
family1_no_clr_microbiome_raw,Without CLR,classification,C_environment_microbiome,pysr,B399_Unclassified_Genus94,0.0006666666666666,100,1,complete_100_seeds
family1_no_clr_microbiome_raw,Without CLR,classification,C_environment_microbiome,pysr,B39_Burkholderia_Caballeronia_Paraburkholderia,0.0013333333333333,100,2,complete_100_seeds
family1_no_clr_microbiome_raw,Without CLR,classification,C_environment_microbiome,pysr,B3_Rothia,0.0006666666666666,100,1,complete_100_seeds
family1_no_clr_microbiome_raw,Without CLR,classification,C_environment_microbiome,pysr,B404_Asticcacaulis,0.0013809523809523,100,2,complete_100_seeds
family1_no_clr_microbiome_raw,Without CLR,classification,C_environment_microbiome,pysr,B411_Unclassified_Genus99,0.0046666666666666,100,7,complete_100_seeds
family1_no_clr_microbiome_raw,Without CLR,classification,C_environment_microbiome,pysr,B412_Caenimonas,0.0006666666666666,100,1,complete_100_seeds
family1_no_clr_microbiome_raw,Without CLR,classification,C_environment_microbiome,pysr,B413_Ahniella,0.0033333333333333,100,5,complete_100_seeds
family1_no_clr_microbiome_raw,Without CLR,classification,C_environment_microbiome,pysr,B41_Staphylococcus,0.0053333333333333,100,8,complete_100_seeds
family1_no_clr_microbiome_raw,Without CLR,classification,C_environment_microbiome,pysr,B425_Aridibacter,0.0107142857142857,100,16,complete_100_seeds
family1_no_clr_microbiome_raw,Without CLR,classification,C_environment_microbiome,pysr,B429_Christensenellaceae_R_7_group,0.0006666666666666,100,1,complete_100_seeds
family1_no_clr_microbiome_raw,Without CLR,classification,C_environment_microbiome,pysr,B430_Parasegetibacter,0.0013333333333333,100,2,complete_100_seeds
family1_no_clr_microbiome_raw,Without CLR,classification,C_environment_microbiome,pysr,B431_Unclassified_Genus105,0.0006666666666666,100,1,complete_100_seeds
family1_no_clr_microbiome_raw,Without CLR,classification,C_environment_microbiome,pysr,B434_UTBCD1,0.0026666666666666,100,4,complete_100_seeds
family1_no_clr_microbiome_raw,Without CLR,classification,C_environment_microbiome,pysr,B436_Luteitalea,0.0013333333333333,100,2,complete_100_seeds
family1_no_clr_microbiome_raw,Without CLR,classification,C_environment_microbiome,pysr,B438_CL500_3,0.004,100,6,complete_100_seeds
family1_no_clr_microbiome_raw,Without CLR,classification,C_environment_microbiome,pysr,B441_Unclassified_Genus109,0.0073809523809523,100,10,complete_100_seeds
family1_no_clr_microbiome_raw,Without CLR,classification,C_environment_microbiome,pysr,B447_Unclassified_Genus112,0.0007142857142857,100,1,complete_100_seeds
family1_no_clr_microbiome_raw,Without CLR,classification,C_environment_microbiome,pysr,B451_Undibacterium,0.0013333333333333,100,2,complete_100_seeds
family1_no_clr_microbiome_raw,Without CLR,classification,C_environment_microbiome,pysr,B459_Unclassified_Genus118,0.0053333333333333,100,8,complete_100_seeds
family1_no_clr_microbiome_raw,Without CLR,classification,C_environment_microbiome,pysr,B460_Belnapia,0.0006666666666666,100,1,complete_100_seeds
family1_no_clr_microbiome_raw,Without CLR,classification,C_environment_microbiome,pysr,B465_Halobacillus,0.0006666666666666,100,1,complete_100_seeds
family1_no_clr_microbiome_raw,Without CLR,classification,C_environment_microbiome,pysr,B467_Pontibacillus,0.0013333333333333,100,2,complete_100_seeds
family1_no_clr_microbiome_raw,Without CLR,classification,C_environment_microbiome,pysr,B46_Bradyrhizobium,0.0213809523809523,100,29,complete_100_seeds
family1_no_clr_microbiome_raw,Without CLR,classification,C_environment_microbiome,pysr,B470_Rheinheimera,0.0226666666666666,100,30,complete_100_seeds
family1_no_clr_microbiome_raw,Without CLR,classification,C_environment_microbiome,pysr,B471_Geodermatophilus,0.0026666666666666,100,4,complete_100_seeds
family1_no_clr_microbiome_raw,Without CLR,classification,C_environment_microbiome,pysr,B473_Ramlibacter,0.0006666666666666,100,1,complete_100_seeds
family1_no_clr_microbiome_raw,Without CLR,classification,C_environment_microbiome,pysr,B478_Nitratireductor,0.0006666666666666,100,1,complete_100_seeds
family1_no_clr_microbiome_raw,Without CLR,classification,C_environment_microbiome,pysr,B480_Runella,0.0093333333333333,100,14,complete_100_seeds
family1_no_clr_microbiome_raw,Without CLR,classification,C_environment_microbiome,pysr,B481_Limibaculum,0.0006666666666666,100,1,complete_100_seeds
family1_no_clr_microbiome_raw,Without CLR,classification,C_environment_microbiome,pysr,B482_Unclassified_Genus124,0.0026666666666666,100,4,complete_100_seeds
family1_no_clr_microbiome_raw,Without CLR,classification,C_environment_microbiome,pysr,B485_Neochlamydia,0.0414285714285714,100,44,complete_100_seeds
family1_no_clr_microbiome_raw,Without CLR,classification,C_environment_microbiome,pysr,B486_Brevibacillus,0.0139999999999999,100,21,complete_100_seeds
family1_no_clr_microbiome_raw,Without CLR,classification,C_environment_microbiome,pysr,B487_Unclassified_Genus125,0.0166666666666666,100,21,complete_100_seeds
family1_no_clr_microbiome_raw,Without CLR,classification,C_environment_microbiome,pysr,B492_Unclassified_Genus128,0.0013333333333333,100,2,complete_100_seeds
family1_no_clr_microbiome_raw,Without CLR,classification,C_environment_microbiome,pysr,B494_Sediminibacterium,0.002,100,3,complete_100_seeds
family1_no_clr_microbiome_raw,Without CLR,classification,C_environment_microbiome,pysr,B49_Bacteriovorax,0.0013333333333333,100,2,complete_100_seeds
family1_no_clr_microbiome_raw,Without CLR,classification,C_environment_microbiome,pysr,B503_Gemmatimonas,0.0246666666666666,100,29,complete_100_seeds
family1_no_clr_microbiome_raw,Without CLR,classification,C_environment_microbiome,pysr,B508_Lutispora,0.002,100,3,complete_100_seeds
family1_no_clr_microbiome_raw,Without CLR,classification,C_environment_microbiome,pysr,B520_Unclassified_Genus141,0.004,100,6,complete_100_seeds
family1_no_clr_microbiome_raw,Without CLR,classification,C_environment_microbiome,pysr,B523_Rhodopseudomonas,0.0066666666666666,100,10,complete_100_seeds
family1_no_clr_microbiome_raw,Without CLR,classification,C_environment_microbiome,pysr,B525_Labrys,0.0086666666666666,100,13,complete_100_seeds
family1_no_clr_microbiome_raw,Without CLR,classification,C_environment_microbiome,pysr,B532_WCHB1_32,0.0073333333333333,100,11,complete_100_seeds
family1_no_clr_microbiome_raw,Without CLR,classification,C_environment_microbiome,pysr,B534_Unclassified_Genus144,0.0033333333333333,100,5,complete_100_seeds
family1_no_clr_microbiome_raw,Without CLR,classification,C_environment_microbiome,pysr,B539_Steroidobacter,0.0006666666666666,100,1,complete_100_seeds
family1_no_clr_microbiome_raw,Without CLR,classification,C_environment_microbiome,pysr,B53_Paracoccus,0.0066666666666666,100,10,complete_100_seeds
family1_no_clr_microbiome_raw,Without CLR,classification,C_environment_microbiome,pysr,B540_Cereibacter,0.0006666666666666,100,1,complete_100_seeds
family1_no_clr_microbiome_raw,Without CLR,classification,C_environment_microbiome,pysr,B543_Unclassified_Genus147,0.016,100,21,complete_100_seeds
family1_no_clr_microbiome_raw,Without CLR,classification,C_environment_microbiome,pysr,B548_Unclassified_Genus150,0.0327142857142857,100,41,complete_100_seeds
family1_no_clr_microbiome_raw,Without CLR,classification,C_environment_microbiome,pysr,B54_Paenisporosarcina,0.002,100,2,complete_100_seeds
family1_no_clr_microbiome_raw,Without CLR,classification,C_environment_microbiome,pysr,B555_Puia,0.0013333333333333,100,2,complete_100_seeds
family1_no_clr_microbiome_raw,Without CLR,classification,C_environment_microbiome,pysr,B560_Unclassified_Genus157,0.0013333333333333,100,2,complete_100_seeds
family1_no_clr_microbiome_raw,Without CLR,classification,C_environment_microbiome,pysr,B563_P3O42,0.0006666666666666,100,1,complete_100_seeds
family1_no_clr_microbiome_raw,Without CLR,classification,C_environment_microbiome,pysr,B567_Wenxinia,0.0093333333333333,100,13,complete_100_seeds
family1_no_clr_microbiome_raw,Without CLR,classification,C_environment_microbiome,pysr,B57_Kocuria,0.0206666666666666,100,27,complete_100_seeds
family1_no_clr_microbiome_raw,Without CLR,classification,C_environment_microbiome,pysr,B580_Candidatus_Entotheonella,0.0006666666666666,100,1,complete_100_seeds
family1_no_clr_microbiome_raw,Without CLR,classification,C_environment_microbiome,pysr,B582_Unclassified_Genus162,0.0073333333333333,100,11,complete_100_seeds
family1_no_clr_microbiome_raw,Without CLR,classification,C_environment_microbiome,pysr,B584_Fibrella,0.006,100,9,complete_100_seeds
family1_no_clr_microbiome_raw,Without CLR,classification,C_environment_microbiome,pysr,B58_Agromyces,0.0006666666666666,100,1,complete_100_seeds
family1_no_clr_microbiome_raw,Without CLR,classification,C_environment_microbiome,pysr,B59_Altererythrobacter,0.002,100,3,complete_100_seeds
family1_no_clr_microbiome_raw,Without CLR,classification,C_environment_microbiome,pysr,B603_Nitrosospira,0.0073333333333333,100,11,complete_100_seeds
family1_no_clr_microbiome_raw,Without CLR,classification,C_environment_microbiome,pysr,B609_Unclassified_Genus175,0.0086666666666666,100,12,complete_100_seeds
family1_no_clr_microbiome_raw,Without CLR,classification,C_environment_microbiome,pysr,B610_Unclassified_Genus176,0.002,100,3,complete_100_seeds
family1_no_clr_microbiome_raw,Without CLR,classification,C_environment_microbiome,pysr,B611_Unclassified_Genus177,0.006,100,9,complete_100_seeds
family1_no_clr_microbiome_raw,Without CLR,classification,C_environment_microbiome,pysr,B61_Sediminicola,0.0013333333333333,100,2,complete_100_seeds
family1_no_clr_microbiome_raw,Without CLR,classification,C_environment_microbiome,pysr,B621_Unclassified_Genus181,0.002,100,3,complete_100_seeds
family1_no_clr_microbiome_raw,Without CLR,classification,C_environment_microbiome,pysr,B628_Archangium,0.0213809523809523,100,27,complete_100_seeds
family1_no_clr_microbiome_raw,Without CLR,classification,C_environment_microbiome,pysr,B633_Unclassified_Genus185,0.0046666666666666,100,7,complete_100_seeds
family1_no_clr_microbiome_raw,Without CLR,classification,C_environment_microbiome,pysr,B638_Desulfobulbus,0.0033333333333333,100,5,complete_100_seeds
family1_no_clr_microbiome_raw,Without CLR,classification,C_environment_microbiome,pysr,B639_Ruminiclostridium,0.0006666666666666,100,1,complete_100_seeds
family1_no_clr_microbiome_raw,Without CLR,classification,C_environment_microbiome,pysr,B641_Unclassified_Genus189,0.0006666666666666,100,1,complete_100_seeds
family1_no_clr_microbiome_raw,Without CLR,classification,C_environment_microbiome,pysr,B649_OLB8,0.0046666666666666,100,7,complete_100_seeds
family1_no_clr_microbiome_raw,Without CLR,classification,C_environment_microbiome,pysr,B651_Unclassified_Genus195,0.0006666666666666,100,1,complete_100_seeds
family1_no_clr_microbiome_raw,Without CLR,classification,C_environment_microbiome,pysr,B659_Anaeromyxobacter,0.0227142857142857,100,31,complete_100_seeds
family1_no_clr_microbiome_raw,Without CLR,classification,C_environment_microbiome,pysr,B668_Anaerolinea,0.002,100,3,complete_100_seeds
family1_no_clr_microbiome_raw,Without CLR,classification,C_environment_microbiome,pysr,B672_Desulfosporosinus,0.0026666666666666,100,4,complete_100_seeds
family1_no_clr_microbiome_raw,Without CLR,classification,C_environment_microbiome,pysr,B69_Oleibacter,0.0007142857142857,100,1,complete_100_seeds
family1_no_clr_microbiome_raw,Without CLR,classification,C_environment_microbiome,pysr,B81_Unclassified_Genus7,0.0006666666666666,100,1,complete_100_seeds
family1_no_clr_microbiome_raw,Without CLR,classification,C_environment_microbiome,pysr,B83_Unclassified_Genus8,0.0006666666666666,100,1,complete_100_seeds
family1_no_clr_microbiome_raw,Without CLR,classification,C_environment_microbiome,pysr,B87_Pontibacter,0.006047619047619,100,8,complete_100_seeds
family1_no_clr_microbiome_raw,Without CLR,classification,C_environment_microbiome,pysr,B88_Aeromonas,0.002,100,3,complete_100_seeds
family1_no_clr_microbiome_raw,Without CLR,classification,C_environment_microbiome,pysr,B8_Tepidiphilus,0.002,100,3,complete_100_seeds
family1_no_clr_microbiome_raw,Without CLR,classification,C_environment_microbiome,pysr,B95_Unclassified_Genus9,0.0073809523809523,100,11,complete_100_seeds
family1_no_clr_microbiome_raw,Without CLR,classification,C_environment_microbiome,pysr,C1_salt,0.0107142857142857,100,15,complete_100_seeds
family1_no_clr_microbiome_raw,Without CLR,classification,C_environment_microbiome,pysr,C2_fresh,0.018,100,24,complete_100_seeds
family1_no_clr_microbiome_raw,Without CLR,classification,C_environment_microbiome,pysr,C3_sed,0.06,100,61,complete_100_seeds
family1_no_clr_microbiome_raw,Without CLR,classification,C_environment_microbiome,pysr,F101_Stachybotrys,0.0013333333333333,100,2,complete_100_seeds
family1_no_clr_microbiome_raw,Without CLR,classification,C_environment_microbiome,pysr,F105_Pleurophragmium,0.0033333333333333,100,5,complete_100_seeds
family1_no_clr_microbiome_raw,Without CLR,classification,C_environment_microbiome,pysr,F108_Pestalotiopsis,0.0053333333333333,100,8,complete_100_seeds
family1_no_clr_microbiome_raw,Without CLR,classification,C_environment_microbiome,pysr,F10_Boeremia,0.0006666666666666,100,1,complete_100_seeds
family1_no_clr_microbiome_raw,Without CLR,classification,C_environment_microbiome,pysr,F110_Fusicolla,0.0153333333333333,100,20,complete_100_seeds
family1_no_clr_microbiome_raw,Without CLR,classification,C_environment_microbiome,pysr,F111_Bimuria,0.0553809523809523,100,58,complete_100_seeds
family1_no_clr_microbiome_raw,Without CLR,classification,C_environment_microbiome,pysr,F114_Acrostalagmus,0.002,100,3,complete_100_seeds
family1_no_clr_microbiome_raw,Without CLR,classification,C_environment_microbiome,pysr,F116_Nectriopsis,0.0006666666666666,100,1,complete_100_seeds
family1_no_clr_microbiome_raw,Without CLR,classification,C_environment_microbiome,pysr,F119_Phaeosphaeria,0.0066666666666666,100,10,complete_100_seeds
family1_no_clr_microbiome_raw,Without CLR,classification,C_environment_microbiome,pysr,F129_Phialemoniopsis,0.0013333333333333,100,2,complete_100_seeds
family1_no_clr_microbiome_raw,Without CLR,classification,C_environment_microbiome,pysr,F132_Psathyrella,0.04,100,47,complete_100_seeds
family1_no_clr_microbiome_raw,Without CLR,classification,C_environment_microbiome,pysr,F138_Lophiostoma,0.0006666666666666,100,1,complete_100_seeds
family1_no_clr_microbiome_raw,Without CLR,classification,C_environment_microbiome,pysr,F140_Didymocyrtis,0.0013333333333333,100,2,complete_100_seeds
family1_no_clr_microbiome_raw,Without CLR,classification,C_environment_microbiome,pysr,F141_Unclassified_Genus27,0.03,100,40,complete_100_seeds
family1_no_clr_microbiome_raw,Without CLR,classification,C_environment_microbiome,pysr,F143_Chordomyces,0.02,100,30,complete_100_seeds
family1_no_clr_microbiome_raw,Without CLR,classification,C_environment_microbiome,pysr,F144_Monocillium,0.0006666666666666,100,1,complete_100_seeds
family1_no_clr_microbiome_raw,Without CLR,classification,C_environment_microbiome,pysr,F147_Microscypha,0.0093333333333333,100,13,complete_100_seeds
family1_no_clr_microbiome_raw,Without CLR,classification,C_environment_microbiome,pysr,F148_Diaporthe,0.0013333333333333,100,2,complete_100_seeds
family1_no_clr_microbiome_raw,Without CLR,classification,C_environment_microbiome,pysr,F149_Lectera,0.0026666666666666,100,4,complete_100_seeds
family1_no_clr_microbiome_raw,Without CLR,classification,C_environment_microbiome,pysr,F153_Volutella,0.0026666666666666,100,4,complete_100_seeds
family1_no_clr_microbiome_raw,Without CLR,classification,C_environment_microbiome,pysr,F156_Torula,0.0139999999999999,100,19,complete_100_seeds
family1_no_clr_microbiome_raw,Without CLR,classification,C_environment_microbiome,pysr,F157_Unclassified_Genus31,0.002,100,3,complete_100_seeds
family1_no_clr_microbiome_raw,Without CLR,classification,C_environment_microbiome,pysr,F158_Metacordyceps,0.0073333333333333,100,11,complete_100_seeds
family1_no_clr_microbiome_raw,Without CLR,classification,C_environment_microbiome,pysr,F159_Sampaiozyma,0.022047619047619,100,31,complete_100_seeds
family1_no_clr_microbiome_raw,Without CLR,classification,C_environment_microbiome,pysr,F15_Preussia,0.0006666666666666,100,1,complete_100_seeds
family1_no_clr_microbiome_raw,Without CLR,classification,C_environment_microbiome,pysr,F161_Westerdykella,0.0113333333333333,100,17,complete_100_seeds
family1_no_clr_microbiome_raw,Without CLR,classification,C_environment_microbiome,pysr,F163_Dioszegia,0.004,100,6,complete_100_seeds
family1_no_clr_microbiome_raw,Without CLR,classification,C_environment_microbiome,pysr,F166_Unclassified_Genus32,0.0133333333333333,100,18,complete_100_seeds
family1_no_clr_microbiome_raw,Without CLR,classification,C_environment_microbiome,pysr,F167_Chaetomium,0.0013333333333333,100,2,complete_100_seeds
family1_no_clr_microbiome_raw,Without CLR,classification,C_environment_microbiome,pysr,F168_Pholiota,0.006,100,9,complete_100_seeds
family1_no_clr_microbiome_raw,Without CLR,classification,C_environment_microbiome,pysr,F169_Naganishia,0.0133333333333333,100,17,complete_100_seeds
family1_no_clr_microbiome_raw,Without CLR,classification,C_environment_microbiome,pysr,F16_Vishniacozyma,0.0073333333333333,100,11,complete_100_seeds
family1_no_clr_microbiome_raw,Without CLR,classification,C_environment_microbiome,pysr,F173_Holtermanniella,0.0006666666666666,100,1,complete_100_seeds
family1_no_clr_microbiome_raw,Without CLR,classification,C_environment_microbiome,pysr,F175_Candida,0.0006666666666666,100,1,complete_100_seeds
family1_no_clr_microbiome_raw,Without CLR,classification,C_environment_microbiome,pysr,F177_Exophiala,0.004,100,6,complete_100_seeds
family1_no_clr_microbiome_raw,Without CLR,classification,C_environment_microbiome,pysr,F178_Trematosphaeria,0.0013333333333333,100,2,complete_100_seeds
family1_no_clr_microbiome_raw,Without CLR,classification,C_environment_microbiome,pysr,F17_Unclassified_Genus1,0.0013333333333333,100,2,complete_100_seeds
family1_no_clr_microbiome_raw,Without CLR,classification,C_environment_microbiome,pysr,F180_Lachnellula,0.0006666666666666,100,1,complete_100_seeds
family1_no_clr_microbiome_raw,Without CLR,classification,C_environment_microbiome,pysr,F188_Keissleriella,0.0006666666666666,100,1,complete_100_seeds
family1_no_clr_microbiome_raw,Without CLR,classification,C_environment_microbiome,pysr,F18_Unclassified_Genus2,0.002,100,3,complete_100_seeds
family1_no_clr_microbiome_raw,Without CLR,classification,C_environment_microbiome,pysr,F190_Xanthothecium,0.0013333333333333,100,2,complete_100_seeds
family1_no_clr_microbiome_raw,Without CLR,classification,C_environment_microbiome,pysr,F194_Oculimacula,0.0026666666666666,100,4,complete_100_seeds
family1_no_clr_microbiome_raw,Without CLR,classification,C_environment_microbiome,pysr,F199_Alfaria,0.0033333333333333,100,5,complete_100_seeds
family1_no_clr_microbiome_raw,Without CLR,classification,C_environment_microbiome,pysr,F19_Pyrenochaetopsis,0.0006666666666666,100,1,complete_100_seeds
family1_no_clr_microbiome_raw,Without CLR,classification,C_environment_microbiome,pysr,F204_Deconica,0.004,100,6,complete_100_seeds
family1_no_clr_microbiome_raw,Without CLR,classification,C_environment_microbiome,pysr,F206_Acrodontium,0.0006666666666666,100,1,complete_100_seeds
family1_no_clr_microbiome_raw,Without CLR,classification,C_environment_microbiome,pysr,F219_Haptocillium,0.0013333333333333,100,2,complete_100_seeds
family1_no_clr_microbiome_raw,Without CLR,classification,C_environment_microbiome,pysr,F21_Asteromyces,0.0126666666666666,100,18,complete_100_seeds
family1_no_clr_microbiome_raw,Without CLR,classification,C_environment_microbiome,pysr,F22_Hypholoma,0.0013333333333333,100,2,complete_100_seeds
family1_no_clr_microbiome_raw,Without CLR,classification,C_environment_microbiome,pysr,F24_Gibberella,0.044047619047619,100,47,complete_100_seeds
family1_no_clr_microbiome_raw,Without CLR,classification,C_environment_microbiome,pysr,F25_Thelebolus,0.0006666666666666,100,1,complete_100_seeds
family1_no_clr_microbiome_raw,Without CLR,classification,C_environment_microbiome,pysr,F29_Periconia,0.0006666666666666,100,1,complete_100_seeds
family1_no_clr_microbiome_raw,Without CLR,classification,C_environment_microbiome,pysr,F33_Unclassified_Genus5,0.0587142857142857,100,66,complete_100_seeds
family1_no_clr_microbiome_raw,Without CLR,classification,C_environment_microbiome,pysr,F35_Paraphaeosphaeria,0.0153333333333333,100,21,complete_100_seeds
family1_no_clr_microbiome_raw,Without CLR,classification,C_environment_microbiome,pysr,F37_Clitocybe,0.0106666666666666,100,16,complete_100_seeds
family1_no_clr_microbiome_raw,Without CLR,classification,C_environment_microbiome,pysr,F38_Saitozyma,0.0006666666666666,100,1,complete_100_seeds
family1_no_clr_microbiome_raw,Without CLR,classification,C_environment_microbiome,pysr,F3_Mycosphaerella,0.0126666666666666,100,18,complete_100_seeds
family1_no_clr_microbiome_raw,Without CLR,classification,C_environment_microbiome,pysr,F41_Symmetrospora,0.0006666666666666,100,1,complete_100_seeds
family1_no_clr_microbiome_raw,Without CLR,classification,C_environment_microbiome,pysr,F44_Heterobasidion,0.05,100,54,complete_100_seeds
family1_no_clr_microbiome_raw,Without CLR,classification,C_environment_microbiome,pysr,F45_Trechispora,0.0013333333333333,100,2,complete_100_seeds
family1_no_clr_microbiome_raw,Without CLR,classification,C_environment_microbiome,pysr,F4_Botryotinia,0.0006666666666666,100,1,complete_100_seeds
family1_no_clr_microbiome_raw,Without CLR,classification,C_environment_microbiome,pysr,F50_Tausonia,0.0139999999999999,100,18,complete_100_seeds
family1_no_clr_microbiome_raw,Without CLR,classification,C_environment_microbiome,pysr,F52_Paraconiothyrium,0.0147142857142857,100,19,complete_100_seeds
family1_no_clr_microbiome_raw,Without CLR,classification,C_environment_microbiome,pysr,F57_Crepidotus,0.0013333333333333,100,2,complete_100_seeds
family1_no_clr_microbiome_raw,Without CLR,classification,C_environment_microbiome,pysr,F5_Mucor,0.0006666666666666,100,1,complete_100_seeds
family1_no_clr_microbiome_raw,Without CLR,classification,C_environment_microbiome,pysr,F60_Neoascochyta,0.0026666666666666,100,4,complete_100_seeds
family1_no_clr_microbiome_raw,Without CLR,classification,C_environment_microbiome,pysr,F64_Wallemia,0.0046666666666666,100,7,complete_100_seeds
family1_no_clr_microbiome_raw,Without CLR,classification,C_environment_microbiome,pysr,F66_Didymella,0.0006666666666666,100,1,complete_100_seeds
family1_no_clr_microbiome_raw,Without CLR,classification,C_environment_microbiome,pysr,F68_Gibellulopsis,0.008,100,11,complete_100_seeds
family1_no_clr_microbiome_raw,Without CLR,classification,C_environment_microbiome,pysr,F6_Plectosphaerella,0.004,100,5,complete_100_seeds
family1_no_clr_microbiome_raw,Without CLR,classification,C_environment_microbiome,pysr,F73_Unclassified_Genus11,0.0013333333333333,100,2,complete_100_seeds
family1_no_clr_microbiome_raw,Without CLR,classification,C_environment_microbiome,pysr,F74_Phallus,0.0006666666666666,100,1,complete_100_seeds
family1_no_clr_microbiome_raw,Without CLR,classification,C_environment_microbiome,pysr,F76_Lophiotrema,0.0006666666666666,100,1,complete_100_seeds
family1_no_clr_microbiome_raw,Without CLR,classification,C_environment_microbiome,pysr,F80_Unclassified_Genus13,0.0193333333333333,100,24,complete_100_seeds
family1_no_clr_microbiome_raw,Without CLR,classification,C_environment_microbiome,pysr,F85_Unclassified_Genus14,0.0279999999999999,100,32,complete_100_seeds
family1_no_clr_microbiome_raw,Without CLR,classification,C_environment_microbiome,pysr,F87_Unclassified_Genus15,0.0006666666666666,100,1,complete_100_seeds
family1_no_clr_microbiome_raw,Without CLR,classification,C_environment_microbiome,pysr,F8_Alternaria,0.0013333333333333,100,2,complete_100_seeds
family1_no_clr_microbiome_raw,Without CLR,classification,C_environment_microbiome,pysr,F91_Cadophora,0.046,100,51,complete_100_seeds
family1_no_clr_microbiome_raw,Without CLR,classification,C_environment_microbiome,pysr,F92_Leucosporidium,0.02,100,29,complete_100_seeds
family1_no_clr_microbiome_raw,Without CLR,classification,C_environment_microbiome,pysr,F95_Tetracladium,0.0006666666666666,100,1,complete_100_seeds
family1_no_clr_microbiome_raw,Without CLR,classification,C_environment_microbiome,pysr,F97_Murispora,0.002,100,3,complete_100_seeds
family1_no_clr_microbiome_raw,Without CLR,classification,C_environment_microbiome,pysr,HFI,0.0087142857142857,100,12,complete_100_seeds
family1_no_clr_microbiome_raw,Without CLR,classification,C_environment_microbiome,pysr,LS_PC1,0.0046666666666666,100,7,complete_100_seeds
family1_no_clr_microbiome_raw,Without CLR,classification,C_environment_microbiome,pysr,LS_PC2,0.0006666666666666,100,1,complete_100_seeds
family1_no_clr_microbiome_raw,Without CLR,classification,C_environment_microbiome,pysr,NDFI,0.0013333333333333,100,2,complete_100_seeds
family1_no_clr_microbiome_raw,Without CLR,classification,C_environment_microbiome,pysr,SO2_mean,0.0133809523809523,100,19,complete_100_seeds
family1_no_clr_microbiome_raw,Without CLR,classification,C_environment_microbiome,pysr,SOC_0_5cm_pct,0.0066666666666666,100,9,complete_100_seeds
family1_no_clr_microbiome_raw,Without CLR,classification,C_environment_microbiome,pysr,T_PC1,0.0113333333333333,100,17,complete_100_seeds
family1_no_clr_microbiome_raw,Without CLR,classification,C_environment_microbiome,pysr,T_PC2,0.0006666666666666,100,1,complete_100_seeds
family1_no_clr_microbiome_raw,Without CLR,classification,C_environment_microbiome,pysr,asp_cos,0.0473809523809523,100,53,complete_100_seeds
family1_no_clr_microbiome_raw,Without CLR,classification,C_environment_microbiome,pysr,built,0.0006666666666666,100,1,complete_100_seeds
family1_no_clr_microbiome_raw,Without CLR,classification,C_environment_microbiome,pysr,crops,0.002,100,3,complete_100_seeds
family1_no_clr_microbiome_raw,Without CLR,classification,C_environment_microbiome,pysr,curv,0.0227142857142857,100,30,complete_100_seeds
family1_no_clr_microbiome_raw,Without CLR,classification,C_environment_microbiome,pysr,curv_prof,0.0333809523809523,100,43,complete_100_seeds
family1_no_clr_microbiome_raw,Without CLR,classification,C_environment_microbiome,pysr,dist_river_m,0.0013333333333333,100,2,complete_100_seeds
family1_no_clr_microbiome_raw,Without CLR,classification,C_environment_microbiome,pysr,dist_sea,0.0006666666666666,100,1,complete_100_seeds
family1_no_clr_microbiome_raw,Without CLR,classification,C_environment_microbiome,pysr,dist_urban,0.008047619047619,100,12,complete_100_seeds
family1_no_clr_microbiome_raw,Without CLR,classification,C_environment_microbiome,pysr,flow_acc_log,0.0033333333333333,100,5,complete_100_seeds
family1_no_clr_microbiome_raw,Without CLR,classification,C_environment_microbiome,pysr,flow_dir_cos,0.002,100,3,complete_100_seeds
family1_no_clr_microbiome_raw,Without CLR,classification,C_environment_microbiome,pysr,flow_len,0.0033333333333333,100,5,complete_100_seeds
family1_no_clr_microbiome_raw,Without CLR,classification,C_environment_microbiome,pysr,pH_0_5cm,0.0033333333333333,100,5,complete_100_seeds
family1_no_clr_microbiome_raw,Without CLR,classification,C_environment_microbiome,pysr,slope_pct,0.2588095238095238,100,100,complete_100_seeds
family1_no_clr_microbiome_raw,Without CLR,classification,C_environment_microbiome,pysr,trees,0.0106666666666666,100,15,complete_100_seeds
family1_no_clr_microbiome_raw,Without CLR,classification,C_environment_microbiome,pysr,wind_speed_10m,0.006047619047619,100,9,complete_100_seeds
family1_no_clr_microbiome_raw,Without CLR,regression_18,C_environment_microbiome,pysr,AER_AI_mean,0.0005555555555555,100,1,complete_100_seeds
family1_no_clr_microbiome_raw,Without CLR,regression_18,C_environment_microbiome,pysr,B103_Delftia,0.0133333333333333,100,22,complete_100_seeds
family1_no_clr_microbiome_raw,Without CLR,regression_18,C_environment_microbiome,pysr,B10_Sphingomonas,0.0011111111111111,100,2,complete_100_seeds
family1_no_clr_microbiome_raw,Without CLR,regression_18,C_environment_microbiome,pysr,B122_Tropicimonas,0.0005555555555555,100,1,complete_100_seeds
family1_no_clr_microbiome_raw,Without CLR,regression_18,C_environment_microbiome,pysr,B128_Alsobacter,0.0172222222222222,100,30,complete_100_seeds
family1_no_clr_microbiome_raw,Without CLR,regression_18,C_environment_microbiome,pysr,B131_Limnobacter,0.0038888888888888,100,7,complete_100_seeds
family1_no_clr_microbiome_raw,Without CLR,regression_18,C_environment_microbiome,pysr,B133_Robiginitalea,0.1388888888888888,100,91,complete_100_seeds
family1_no_clr_microbiome_raw,Without CLR,regression_18,C_environment_microbiome,pysr,B141_Tamlana,0.0022222222222222,100,4,complete_100_seeds
family1_no_clr_microbiome_raw,Without CLR,regression_18,C_environment_microbiome,pysr,B145_Flavihumibacter,0.0205555555555555,100,37,complete_100_seeds
family1_no_clr_microbiome_raw,Without CLR,regression_18,C_environment_microbiome,pysr,B14_Enterococcus,0.0333333333333333,100,59,complete_100_seeds
family1_no_clr_microbiome_raw,Without CLR,regression_18,C_environment_microbiome,pysr,B150_Pseudophaeobacter,0.0016666666666666,100,3,complete_100_seeds
family1_no_clr_microbiome_raw,Without CLR,regression_18,C_environment_microbiome,pysr,B161_Eudoraea,0.1,100,92,complete_100_seeds
family1_no_clr_microbiome_raw,Without CLR,regression_18,C_environment_microbiome,pysr,B167_Polynucleobacter,0.0011111111111111,100,2,complete_100_seeds
family1_no_clr_microbiome_raw,Without CLR,regression_18,C_environment_microbiome,pysr,B16_Anoxybacillus,0.0044444444444444,100,8,complete_100_seeds
family1_no_clr_microbiome_raw,Without CLR,regression_18,C_environment_microbiome,pysr,B171_Iamia,0.0005555555555555,100,1,complete_100_seeds
family1_no_clr_microbiome_raw,Without CLR,regression_18,C_environment_microbiome,pysr,B174_Unclassified_Genus26,0.0977777777777777,100,85,complete_100_seeds
family1_no_clr_microbiome_raw,Without CLR,regression_18,C_environment_microbiome,pysr,B17_Duganella,0.0111111111111111,100,18,complete_100_seeds
family1_no_clr_microbiome_raw,Without CLR,regression_18,C_environment_microbiome,pysr,B192_Roseobacter,0.1283333333333333,100,94,complete_100_seeds
family1_no_clr_microbiome_raw,Without CLR,regression_18,C_environment_microbiome,pysr,B195_Marinoscillum,0.0466666666666666,100,82,complete_100_seeds
family1_no_clr_microbiome_raw,Without CLR,regression_18,C_environment_microbiome,pysr,B197_Leisingera,0.0005555555555555,100,1,complete_100_seeds
family1_no_clr_microbiome_raw,Without CLR,regression_18,C_environment_microbiome,pysr,B202_Paucibacter,0.8216666666666668,100,100,complete_100_seeds
family1_no_clr_microbiome_raw,Without CLR,regression_18,C_environment_microbiome,pysr,B222_Alkanindiges,0.0011111111111111,100,2,complete_100_seeds
family1_no_clr_microbiome_raw,Without CLR,regression_18,C_environment_microbiome,pysr,B232_Arenimonas,0.0016666666666666,100,3,complete_100_seeds
family1_no_clr_microbiome_raw,Without CLR,regression_18,C_environment_microbiome,pysr,B244_Cryobacterium,0.06,100,66,complete_100_seeds
family1_no_clr_microbiome_raw,Without CLR,regression_18,C_environment_microbiome,pysr,B252_Gaetbulibacter,0.0011111111111111,100,2,complete_100_seeds
family1_no_clr_microbiome_raw,Without CLR,regression_18,C_environment_microbiome,pysr,B268_Aminobacter,0.0066666666666666,100,12,complete_100_seeds
family1_no_clr_microbiome_raw,Without CLR,regression_18,C_environment_microbiome,pysr,B26_Pseudomonas,0.0083333333333333,100,15,complete_100_seeds
family1_no_clr_microbiome_raw,Without CLR,regression_18,C_environment_microbiome,pysr,B27_Rickettsiella,0.0011111111111111,100,2,complete_100_seeds
family1_no_clr_microbiome_raw,Without CLR,regression_18,C_environment_microbiome,pysr,B282_Unclassified_Genus50,0.005,100,9,complete_100_seeds
family1_no_clr_microbiome_raw,Without CLR,regression_18,C_environment_microbiome,pysr,B286_Unclassified_Genus52,0.0005555555555555,100,1,complete_100_seeds
family1_no_clr_microbiome_raw,Without CLR,regression_18,C_environment_microbiome,pysr,B293_Unclassified_Genus53,0.0005555555555555,100,1,complete_100_seeds
family1_no_clr_microbiome_raw,Without CLR,regression_18,C_environment_microbiome,pysr,B328_Unclassified_Genus65,0.0005555555555555,100,1,complete_100_seeds
family1_no_clr_microbiome_raw,Without CLR,regression_18,C_environment_microbiome,pysr,B34_Arenibacter,0.0044444444444444,100,8,complete_100_seeds
family1_no_clr_microbiome_raw,Without CLR,regression_18,C_environment_microbiome,pysr,B351_Crocinitomix,0.0005555555555555,100,1,complete_100_seeds
family1_no_clr_microbiome_raw,Without CLR,regression_18,C_environment_microbiome,pysr,B401_Thalassolituus,0.0022222222222222,100,4,complete_100_seeds
family1_no_clr_microbiome_raw,Without CLR,regression_18,C_environment_microbiome,pysr,B404_Asticcacaulis,0.3338888888888888,100,100,complete_100_seeds
family1_no_clr_microbiome_raw,Without CLR,regression_18,C_environment_microbiome,pysr,B405_Unclassified_Genus95,0.0172222222222222,100,23,complete_100_seeds
family1_no_clr_microbiome_raw,Without CLR,regression_18,C_environment_microbiome,pysr,B407_Unclassified_Genus96,0.0061111111111111,100,11,complete_100_seeds
family1_no_clr_microbiome_raw,Without CLR,regression_18,C_environment_microbiome,pysr,B40_Pseudohongiella,0.0472222222222222,100,64,complete_100_seeds
family1_no_clr_microbiome_raw,Without CLR,regression_18,C_environment_microbiome,pysr,B410_Unclassified_Genus98,0.0005555555555555,100,1,complete_100_seeds
family1_no_clr_microbiome_raw,Without CLR,regression_18,C_environment_microbiome,pysr,B419_Psychrosphaera,0.0011111111111111,100,2,complete_100_seeds
family1_no_clr_microbiome_raw,Without CLR,regression_18,C_environment_microbiome,pysr,B41_Staphylococcus,0.0338888888888888,100,46,complete_100_seeds
family1_no_clr_microbiome_raw,Without CLR,regression_18,C_environment_microbiome,pysr,B42_Aquitalea,0.0622222222222222,100,74,complete_100_seeds
family1_no_clr_microbiome_raw,Without CLR,regression_18,C_environment_microbiome,pysr,B435_Flavimaricola,0.0166666666666666,100,30,complete_100_seeds
family1_no_clr_microbiome_raw,Without CLR,regression_18,C_environment_microbiome,pysr,B43_Glaciecola,0.0077777777777777,100,14,complete_100_seeds
family1_no_clr_microbiome_raw,Without CLR,regression_18,C_environment_microbiome,pysr,B442_Schleiferia,0.0011111111111111,100,2,complete_100_seeds
family1_no_clr_microbiome_raw,Without CLR,regression_18,C_environment_microbiome,pysr,B470_Rheinheimera,0.0244444444444444,100,44,complete_100_seeds
family1_no_clr_microbiome_raw,Without CLR,regression_18,C_environment_microbiome,pysr,B48_Acinetobacter,0.0311111111111111,100,56,complete_100_seeds
family1_no_clr_microbiome_raw,Without CLR,regression_18,C_environment_microbiome,pysr,B498_Unclassified_Genus130,0.0361111111111111,100,49,complete_100_seeds
family1_no_clr_microbiome_raw,Without CLR,regression_18,C_environment_microbiome,pysr,B515_Dechloromonas,0.0061111111111111,100,10,complete_100_seeds
family1_no_clr_microbiome_raw,Without CLR,regression_18,C_environment_microbiome,pysr,B517_Unclassified_Genus138,0.0088888888888888,100,15,complete_100_seeds
family1_no_clr_microbiome_raw,Without CLR,regression_18,C_environment_microbiome,pysr,B518_Unclassified_Genus140,0.0022222222222222,100,3,complete_100_seeds
family1_no_clr_microbiome_raw,Without CLR,regression_18,C_environment_microbiome,pysr,B528_Unclassified_Genus143,0.0116666666666666,100,21,complete_100_seeds
family1_no_clr_microbiome_raw,Without CLR,regression_18,C_environment_microbiome,pysr,B543_Unclassified_Genus147,0.0011111111111111,100,2,complete_100_seeds
family1_no_clr_microbiome_raw,Without CLR,regression_18,C_environment_microbiome,pysr,B553_Unclassified_Genus154,0.005,100,8,complete_100_seeds
family1_no_clr_microbiome_raw,Without CLR,regression_18,C_environment_microbiome,pysr,B578_Afipia,0.0005555555555555,100,1,complete_100_seeds
family1_no_clr_microbiome_raw,Without CLR,regression_18,C_environment_microbiome,pysr,B581_Kitasatospora,0.0016666666666666,100,3,complete_100_seeds
family1_no_clr_microbiome_raw,Without CLR,regression_18,C_environment_microbiome,pysr,B591_Prosthecomicrobium,0.0005555555555555,100,1,complete_100_seeds
family1_no_clr_microbiome_raw,Without CLR,regression_18,C_environment_microbiome,pysr,B59_Altererythrobacter,0.0005555555555555,100,1,complete_100_seeds
family1_no_clr_microbiome_raw,Without CLR,regression_18,C_environment_microbiome,pysr,B606_Sulfurifustis,0.0066666666666666,100,11,complete_100_seeds
family1_no_clr_microbiome_raw,Without CLR,regression_18,C_environment_microbiome,pysr,B60_Unclassified_Genus5,0.0011111111111111,100,2,complete_100_seeds
family1_no_clr_microbiome_raw,Without CLR,regression_18,C_environment_microbiome,pysr,B619_hgcI_clade,0.0105555555555555,100,18,complete_100_seeds
family1_no_clr_microbiome_raw,Without CLR,regression_18,C_environment_microbiome,pysr,B61_Sediminicola,0.0044444444444444,100,8,complete_100_seeds
family1_no_clr_microbiome_raw,Without CLR,regression_18,C_environment_microbiome,pysr,B69_Oleibacter,0.0005555555555555,100,1,complete_100_seeds
family1_no_clr_microbiome_raw,Without CLR,regression_18,C_environment_microbiome,pysr,B71_Brevundimonas,0.0016666666666666,100,3,complete_100_seeds
family1_no_clr_microbiome_raw,Without CLR,regression_18,C_environment_microbiome,pysr,B77_GKS98_freshwater_group,0.0394444444444444,100,51,complete_100_seeds
family1_no_clr_microbiome_raw,Without CLR,regression_18,C_environment_microbiome,pysr,B80_Caulobacter,0.0011111111111111,100,2,complete_100_seeds
family1_no_clr_microbiome_raw,Without CLR,regression_18,C_environment_microbiome,pysr,B81_Unclassified_Genus7,0.0022222222222222,100,4,complete_100_seeds
family1_no_clr_microbiome_raw,Without CLR,regression_18,C_environment_microbiome,pysr,B8_Tepidiphilus,0.0394444444444444,100,51,complete_100_seeds
family1_no_clr_microbiome_raw,Without CLR,regression_18,C_environment_microbiome,pysr,B96_Alkalimarinus,0.0861111111111111,100,82,complete_100_seeds
family1_no_clr_microbiome_raw,Without CLR,regression_18,C_environment_microbiome,pysr,B98_Aquabacterium,0.0094444444444444,100,17,complete_100_seeds
family1_no_clr_microbiome_raw,Without CLR,regression_18,C_environment_microbiome,pysr,C1_salt,0.0383333333333333,100,47,complete_100_seeds
family1_no_clr_microbiome_raw,Without CLR,regression_18,C_environment_microbiome,pysr,C2_fresh,0.0077777777777777,100,14,complete_100_seeds
family1_no_clr_microbiome_raw,Without CLR,regression_18,C_environment_microbiome,pysr,C3_sed,0.0872222222222222,100,84,complete_100_seeds
family1_no_clr_microbiome_raw,Without CLR,regression_18,C_environment_microbiome,pysr,F142_Pseudocosmospora,0.035,100,48,complete_100_seeds
family1_no_clr_microbiome_raw,Without CLR,regression_18,C_environment_microbiome,pysr,F154_Umbelopsis,0.0088888888888888,100,16,complete_100_seeds
family1_no_clr_microbiome_raw,Without CLR,regression_18,C_environment_microbiome,pysr,F159_Sampaiozyma,0.0094444444444444,100,16,complete_100_seeds
family1_no_clr_microbiome_raw,Without CLR,regression_18,C_environment_microbiome,pysr,F175_Candida,0.4716666666666666,100,100,complete_100_seeds
family1_no_clr_microbiome_raw,Without CLR,regression_18,C_environment_microbiome,pysr,F1_Lecanicillium,0.0355555555555555,100,50,complete_100_seeds
family1_no_clr_microbiome_raw,Without CLR,regression_18,C_environment_microbiome,pysr,F29_Periconia,0.0005555555555555,100,1,complete_100_seeds
family1_no_clr_microbiome_raw,Without CLR,regression_18,C_environment_microbiome,pysr,F31_Unclassified_Genus4,0.0511111111111111,100,84,complete_100_seeds
family1_no_clr_microbiome_raw,Without CLR,regression_18,C_environment_microbiome,pysr,F4_Botryotinia,0.0522222222222222,100,66,complete_100_seeds
family1_no_clr_microbiome_raw,Without CLR,regression_18,C_environment_microbiome,pysr,F52_Paraconiothyrium,0.0005555555555555,100,1,complete_100_seeds
family1_no_clr_microbiome_raw,Without CLR,regression_18,C_environment_microbiome,pysr,F60_Neoascochyta,0.0011111111111111,100,2,complete_100_seeds
family1_no_clr_microbiome_raw,Without CLR,regression_18,C_environment_microbiome,pysr,F64_Wallemia,0.055,100,78,complete_100_seeds
family1_no_clr_microbiome_raw,Without CLR,regression_18,C_environment_microbiome,pysr,HFI,0.0027777777777777,100,5,complete_100_seeds
family1_no_clr_microbiome_raw,Without CLR,regression_18,C_environment_microbiome,pysr,built,0.0277777777777777,100,43,complete_100_seeds
family1_no_clr_microbiome_raw,Without CLR,regression_50,C_environment_microbiome,pysr,AER_AI_mean,0.0033333333333333,100,5,complete_100_seeds
family1_no_clr_microbiome_raw,Without CLR,regression_50,C_environment_microbiome,pysr,B102_TM7a,0.0006666666666666,100,1,complete_100_seeds
family1_no_clr_microbiome_raw,Without CLR,regression_50,C_environment_microbiome,pysr,B103_Delftia,0.0593333333333333,100,61,complete_100_seeds
family1_no_clr_microbiome_raw,Without CLR,regression_50,C_environment_microbiome,pysr,B108_Oligoflexus,0.0013333333333333,100,2,complete_100_seeds
family1_no_clr_microbiome_raw,Without CLR,regression_50,C_environment_microbiome,pysr,B10_Sphingomonas,0.002,100,3,complete_100_seeds
family1_no_clr_microbiome_raw,Without CLR,regression_50,C_environment_microbiome,pysr,B121_Ahrensia,0.0006666666666666,100,1,complete_100_seeds
family1_no_clr_microbiome_raw,Without CLR,regression_50,C_environment_microbiome,pysr,B128_Alsobacter,0.0093333333333333,100,13,complete_100_seeds
family1_no_clr_microbiome_raw,Without CLR,regression_50,C_environment_microbiome,pysr,B12_Pseudarthrobacter,0.0006666666666666,100,1,complete_100_seeds
family1_no_clr_microbiome_raw,Without CLR,regression_50,C_environment_microbiome,pysr,B131_Limnobacter,0.004,100,6,complete_100_seeds
family1_no_clr_microbiome_raw,Without CLR,regression_50,C_environment_microbiome,pysr,B137_Unclassified_Genus17,0.0006666666666666,100,1,complete_100_seeds
family1_no_clr_microbiome_raw,Without CLR,regression_50,C_environment_microbiome,pysr,B13_Enhydrobacter,0.0086666666666666,100,13,complete_100_seeds
family1_no_clr_microbiome_raw,Without CLR,regression_50,C_environment_microbiome,pysr,B140_Hymenobacter,0.0846666666666666,100,78,complete_100_seeds
family1_no_clr_microbiome_raw,Without CLR,regression_50,C_environment_microbiome,pysr,B141_Tamlana,0.0093333333333333,100,12,complete_100_seeds
family1_no_clr_microbiome_raw,Without CLR,regression_50,C_environment_microbiome,pysr,B144_Seohaeicola,0.0013333333333333,100,2,complete_100_seeds
family1_no_clr_microbiome_raw,Without CLR,regression_50,C_environment_microbiome,pysr,B151_Winogradskyella,0.0013333333333333,100,2,complete_100_seeds
family1_no_clr_microbiome_raw,Without CLR,regression_50,C_environment_microbiome,pysr,B152_Rhizorhapis,0.0013333333333333,100,2,complete_100_seeds
family1_no_clr_microbiome_raw,Without CLR,regression_50,C_environment_microbiome,pysr,B156_Pseudorhodobacter,0.0013333333333333,100,2,complete_100_seeds
family1_no_clr_microbiome_raw,Without CLR,regression_50,C_environment_microbiome,pysr,B157_Unclassified_Genus22,0.0006666666666666,100,1,complete_100_seeds
family1_no_clr_microbiome_raw,Without CLR,regression_50,C_environment_microbiome,pysr,B162_Paraglaciecola,0.0033333333333333,100,5,complete_100_seeds
family1_no_clr_microbiome_raw,Without CLR,regression_50,C_environment_microbiome,pysr,B164_Deinococcus,0.0386666666666666,100,49,complete_100_seeds
family1_no_clr_microbiome_raw,Without CLR,regression_50,C_environment_microbiome,pysr,B167_Polynucleobacter,0.0033333333333333,100,5,complete_100_seeds
family1_no_clr_microbiome_raw,Without CLR,regression_50,C_environment_microbiome,pysr,B169_Youngiibacter,0.0013333333333333,100,2,complete_100_seeds
family1_no_clr_microbiome_raw,Without CLR,regression_50,C_environment_microbiome,pysr,B16_Anoxybacillus,0.004,100,6,complete_100_seeds
family1_no_clr_microbiome_raw,Without CLR,regression_50,C_environment_microbiome,pysr,B174_Unclassified_Genus26,0.0026666666666666,100,4,complete_100_seeds
family1_no_clr_microbiome_raw,Without CLR,regression_50,C_environment_microbiome,pysr,B17_Duganella,0.0066666666666666,100,10,complete_100_seeds
family1_no_clr_microbiome_raw,Without CLR,regression_50,C_environment_microbiome,pysr,B18_Massilia,0.048,100,57,complete_100_seeds
family1_no_clr_microbiome_raw,Without CLR,regression_50,C_environment_microbiome,pysr,B195_Marinoscillum,0.0013333333333333,100,2,complete_100_seeds
family1_no_clr_microbiome_raw,Without CLR,regression_50,C_environment_microbiome,pysr,B197_Leisingera,0.0046666666666666,100,7,complete_100_seeds
family1_no_clr_microbiome_raw,Without CLR,regression_50,C_environment_microbiome,pysr,B202_Paucibacter,0.046,100,54,complete_100_seeds
family1_no_clr_microbiome_raw,Without CLR,regression_50,C_environment_microbiome,pysr,B214_Unclassified_Genus35,0.0006666666666666,100,1,complete_100_seeds
family1_no_clr_microbiome_raw,Without CLR,regression_50,C_environment_microbiome,pysr,B217_Unclassified_Genus37,0.0006666666666666,100,1,complete_100_seeds
family1_no_clr_microbiome_raw,Without CLR,regression_50,C_environment_microbiome,pysr,B222_Alkanindiges,0.016,100,22,complete_100_seeds
family1_no_clr_microbiome_raw,Without CLR,regression_50,C_environment_microbiome,pysr,B229_Dokdonia,0.0006666666666666,100,1,complete_100_seeds
family1_no_clr_microbiome_raw,Without CLR,regression_50,C_environment_microbiome,pysr,B231_Terrimonas,0.0006666666666666,100,1,complete_100_seeds
family1_no_clr_microbiome_raw,Without CLR,regression_50,C_environment_microbiome,pysr,B233_Unclassified_Genus39,0.0006666666666666,100,1,complete_100_seeds
family1_no_clr_microbiome_raw,Without CLR,regression_50,C_environment_microbiome,pysr,B235_Fictibacillus,0.0066666666666666,100,10,complete_100_seeds
family1_no_clr_microbiome_raw,Without CLR,regression_50,C_environment_microbiome,pysr,B236_Paenibacillus,0.1146666666666666,100,87,complete_100_seeds
family1_no_clr_microbiome_raw,Without CLR,regression_50,C_environment_microbiome,pysr,B23_Flavobacterium,0.0006666666666666,100,1,complete_100_seeds
family1_no_clr_microbiome_raw,Without CLR,regression_50,C_environment_microbiome,pysr,B244_Cryobacterium,0.0106666666666666,100,14,complete_100_seeds
family1_no_clr_microbiome_raw,Without CLR,regression_50,C_environment_microbiome,pysr,B245_Octadecabacter,0.012,100,17,complete_100_seeds
family1_no_clr_microbiome_raw,Without CLR,regression_50,C_environment_microbiome,pysr,B247_Fluviicola,0.0033333333333333,100,5,complete_100_seeds
family1_no_clr_microbiome_raw,Without CLR,regression_50,C_environment_microbiome,pysr,B252_Gaetbulibacter,0.0006666666666666,100,1,complete_100_seeds
family1_no_clr_microbiome_raw,Without CLR,regression_50,C_environment_microbiome,pysr,B256_Unclassified_Genus43,0.0073333333333333,100,11,complete_100_seeds
family1_no_clr_microbiome_raw,Without CLR,regression_50,C_environment_microbiome,pysr,B257_Gaiella,0.0006666666666666,100,1,complete_100_seeds
family1_no_clr_microbiome_raw,Without CLR,regression_50,C_environment_microbiome,pysr,B26_Pseudomonas,0.214,100,100,complete_100_seeds
family1_no_clr_microbiome_raw,Without CLR,regression_50,C_environment_microbiome,pysr,B276_Pedomicrobium,0.0006666666666666,100,1,complete_100_seeds
family1_no_clr_microbiome_raw,Without CLR,regression_50,C_environment_microbiome,pysr,B27_Rickettsiella,0.0006666666666666,100,1,complete_100_seeds
family1_no_clr_microbiome_raw,Without CLR,regression_50,C_environment_microbiome,pysr,B282_Unclassified_Genus50,0.004,100,6,complete_100_seeds
family1_no_clr_microbiome_raw,Without CLR,regression_50,C_environment_microbiome,pysr,B286_Unclassified_Genus52,0.004,100,6,complete_100_seeds
family1_no_clr_microbiome_raw,Without CLR,regression_50,C_environment_microbiome,pysr,B288_Knoellia,0.006,100,8,complete_100_seeds
family1_no_clr_microbiome_raw,Without CLR,regression_50,C_environment_microbiome,pysr,B302_Reyranella,0.0006666666666666,100,1,complete_100_seeds
family1_no_clr_microbiome_raw,Without CLR,regression_50,C_environment_microbiome,pysr,B303_Aquibacter,0.0006666666666666,100,1,complete_100_seeds
family1_no_clr_microbiome_raw,Without CLR,regression_50,C_environment_microbiome,pysr,B328_Unclassified_Genus65,0.0053333333333333,100,8,complete_100_seeds
family1_no_clr_microbiome_raw,Without CLR,regression_50,C_environment_microbiome,pysr,B32_Rathayibacter,0.0113333333333333,100,14,complete_100_seeds
family1_no_clr_microbiome_raw,Without CLR,regression_50,C_environment_microbiome,pysr,B341_Unclassified_Genus69,0.002,100,3,complete_100_seeds
family1_no_clr_microbiome_raw,Without CLR,regression_50,C_environment_microbiome,pysr,B344_Algibacter,0.0006666666666666,100,1,complete_100_seeds
family1_no_clr_microbiome_raw,Without CLR,regression_50,C_environment_microbiome,pysr,B34_Arenibacter,0.008,100,12,complete_100_seeds
family1_no_clr_microbiome_raw,Without CLR,regression_50,C_environment_microbiome,pysr,B354_Rubrivivax,0.002,100,3,complete_100_seeds
family1_no_clr_microbiome_raw,Without CLR,regression_50,C_environment_microbiome,pysr,B363_IMCC26207,0.0006666666666666,100,1,complete_100_seeds
family1_no_clr_microbiome_raw,Without CLR,regression_50,C_environment_microbiome,pysr,B381_Unclassified_Genus84,0.0006666666666666,100,1,complete_100_seeds
family1_no_clr_microbiome_raw,Without CLR,regression_50,C_environment_microbiome,pysr,B382_Polymorphobacter,0.0006666666666666,100,1,complete_100_seeds
family1_no_clr_microbiome_raw,Without CLR,regression_50,C_environment_microbiome,pysr,B38_Unclassified_Genus2,0.0013333333333333,100,2,complete_100_seeds
family1_no_clr_microbiome_raw,Without CLR,regression_50,C_environment_microbiome,pysr,B401_Thalassolituus,0.0086666666666666,100,13,complete_100_seeds
family1_no_clr_microbiome_raw,Without CLR,regression_50,C_environment_microbiome,pysr,B402_Ruegeria,0.0013333333333333,100,2,complete_100_seeds
family1_no_clr_microbiome_raw,Without CLR,regression_50,C_environment_microbiome,pysr,B404_Asticcacaulis,0.0193333333333333,100,27,complete_100_seeds
family1_no_clr_microbiome_raw,Without CLR,regression_50,C_environment_microbiome,pysr,B407_Unclassified_Genus96,0.0573333333333333,100,60,complete_100_seeds
family1_no_clr_microbiome_raw,Without CLR,regression_50,C_environment_microbiome,pysr,B414_Hyphomonas,0.0006666666666666,100,1,complete_100_seeds
family1_no_clr_microbiome_raw,Without CLR,regression_50,C_environment_microbiome,pysr,B41_Staphylococcus,0.048,100,50,complete_100_seeds
family1_no_clr_microbiome_raw,Without CLR,regression_50,C_environment_microbiome,pysr,B420_Phenylobacterium,0.0006666666666666,100,1,complete_100_seeds
family1_no_clr_microbiome_raw,Without CLR,regression_50,C_environment_microbiome,pysr,B42_Aquitalea,0.048,100,54,complete_100_seeds
family1_no_clr_microbiome_raw,Without CLR,regression_50,C_environment_microbiome,pysr,B437_Unclassified_Genus107,0.0006666666666666,100,1,complete_100_seeds
family1_no_clr_microbiome_raw,Without CLR,regression_50,C_environment_microbiome,pysr,B438_CL500_3,0.006,100,8,complete_100_seeds
family1_no_clr_microbiome_raw,Without CLR,regression_50,C_environment_microbiome,pysr,B446_Cycloclasticus,0.006,100,9,complete_100_seeds
family1_no_clr_microbiome_raw,Without CLR,regression_50,C_environment_microbiome,pysr,B451_Undibacterium,0.004,100,6,complete_100_seeds
family1_no_clr_microbiome_raw,Without CLR,regression_50,C_environment_microbiome,pysr,B452_Unclassified_Genus114,0.0006666666666666,100,1,complete_100_seeds
family1_no_clr_microbiome_raw,Without CLR,regression_50,C_environment_microbiome,pysr,B460_Belnapia,0.0026666666666666,100,4,complete_100_seeds
family1_no_clr_microbiome_raw,Without CLR,regression_50,C_environment_microbiome,pysr,B470_Rheinheimera,0.0073333333333333,100,11,complete_100_seeds
family1_no_clr_microbiome_raw,Without CLR,regression_50,C_environment_microbiome,pysr,B471_Geodermatophilus,0.0013333333333333,100,2,complete_100_seeds
family1_no_clr_microbiome_raw,Without CLR,regression_50,C_environment_microbiome,pysr,B472_Methylocella,0.002,100,3,complete_100_seeds
family1_no_clr_microbiome_raw,Without CLR,regression_50,C_environment_microbiome,pysr,B478_Nitratireductor,0.0006666666666666,100,1,complete_100_seeds
family1_no_clr_microbiome_raw,Without CLR,regression_50,C_environment_microbiome,pysr,B485_Neochlamydia,0.0013333333333333,100,2,complete_100_seeds
family1_no_clr_microbiome_raw,Without CLR,regression_50,C_environment_microbiome,pysr,B486_Brevibacillus,0.002,100,3,complete_100_seeds
family1_no_clr_microbiome_raw,Without CLR,regression_50,C_environment_microbiome,pysr,B487_Unclassified_Genus125,0.004,100,6,complete_100_seeds
family1_no_clr_microbiome_raw,Without CLR,regression_50,C_environment_microbiome,pysr,B498_Unclassified_Genus130,0.0013333333333333,100,2,complete_100_seeds
family1_no_clr_microbiome_raw,Without CLR,regression_50,C_environment_microbiome,pysr,B510_Polaromonas,0.008,100,12,complete_100_seeds
family1_no_clr_microbiome_raw,Without CLR,regression_50,C_environment_microbiome,pysr,B515_Dechloromonas,0.0046666666666666,100,7,complete_100_seeds
family1_no_clr_microbiome_raw,Without CLR,regression_50,C_environment_microbiome,pysr,B517_Unclassified_Genus138,0.0113333333333333,100,17,complete_100_seeds
family1_no_clr_microbiome_raw,Without CLR,regression_50,C_environment_microbiome,pysr,B518_Unclassified_Genus140,0.008,100,10,complete_100_seeds
family1_no_clr_microbiome_raw,Without CLR,regression_50,C_environment_microbiome,pysr,B528_Unclassified_Genus143,0.0173333333333333,100,24,complete_100_seeds
family1_no_clr_microbiome_raw,Without CLR,regression_50,C_environment_microbiome,pysr,B530_Actibacter,0.0086666666666666,100,13,complete_100_seeds
family1_no_clr_microbiome_raw,Without CLR,regression_50,C_environment_microbiome,pysr,B534_Unclassified_Genus144,0.0006666666666666,100,1,complete_100_seeds
family1_no_clr_microbiome_raw,Without CLR,regression_50,C_environment_microbiome,pysr,B540_Cereibacter,0.002,100,3,complete_100_seeds
family1_no_clr_microbiome_raw,Without CLR,regression_50,C_environment_microbiome,pysr,B543_Unclassified_Genus147,0.0153333333333333,100,19,complete_100_seeds
family1_no_clr_microbiome_raw,Without CLR,regression_50,C_environment_microbiome,pysr,B54_Paenisporosarcina,0.0026666666666666,100,4,complete_100_seeds
family1_no_clr_microbiome_raw,Without CLR,regression_50,C_environment_microbiome,pysr,B551_Blastomonas,0.0066666666666666,100,9,complete_100_seeds
family1_no_clr_microbiome_raw,Without CLR,regression_50,C_environment_microbiome,pysr,B553_Unclassified_Genus154,0.0373333333333333,100,46,complete_100_seeds
family1_no_clr_microbiome_raw,Without CLR,regression_50,C_environment_microbiome,pysr,B564_Croceicoccus,0.0026666666666666,100,4,complete_100_seeds
family1_no_clr_microbiome_raw,Without CLR,regression_50,C_environment_microbiome,pysr,B57_Kocuria,0.0026666666666666,100,4,complete_100_seeds
family1_no_clr_microbiome_raw,Without CLR,regression_50,C_environment_microbiome,pysr,B581_Kitasatospora,0.004,100,6,complete_100_seeds
family1_no_clr_microbiome_raw,Without CLR,regression_50,C_environment_microbiome,pysr,B582_Unclassified_Genus162,0.0013333333333333,100,2,complete_100_seeds
family1_no_clr_microbiome_raw,Without CLR,regression_50,C_environment_microbiome,pysr,B591_Prosthecomicrobium,0.0046666666666666,100,7,complete_100_seeds
family1_no_clr_microbiome_raw,Without CLR,regression_50,C_environment_microbiome,pysr,B59_Altererythrobacter,0.008,100,11,complete_100_seeds
family1_no_clr_microbiome_raw,Without CLR,regression_50,C_environment_microbiome,pysr,B604_Unclassified_Genus172,0.0006666666666666,100,1,complete_100_seeds
family1_no_clr_microbiome_raw,Without CLR,regression_50,C_environment_microbiome,pysr,B606_Sulfurifustis,0.0653333333333333,100,63,complete_100_seeds
family1_no_clr_microbiome_raw,Without CLR,regression_50,C_environment_microbiome,pysr,B60_Unclassified_Genus5,0.0139999999999999,100,20,complete_100_seeds
family1_no_clr_microbiome_raw,Without CLR,regression_50,C_environment_microbiome,pysr,B619_hgcI_clade,0.17,100,94,complete_100_seeds
family1_no_clr_microbiome_raw,Without CLR,regression_50,C_environment_microbiome,pysr,B61_Sediminicola,0.0086666666666666,100,13,complete_100_seeds
family1_no_clr_microbiome_raw,Without CLR,regression_50,C_environment_microbiome,pysr,B628_Archangium,0.0006666666666666,100,1,complete_100_seeds
family1_no_clr_microbiome_raw,Without CLR,regression_50,C_environment_microbiome,pysr,B633_Unclassified_Genus185,0.0006666666666666,100,1,complete_100_seeds
family1_no_clr_microbiome_raw,Without CLR,regression_50,C_environment_microbiome,pysr,B650_Gilvibacter,0.0013333333333333,100,2,complete_100_seeds
family1_no_clr_microbiome_raw,Without CLR,regression_50,C_environment_microbiome,pysr,B74_Algoriphagus,0.0046666666666666,100,7,complete_100_seeds
family1_no_clr_microbiome_raw,Without CLR,regression_50,C_environment_microbiome,pysr,B77_GKS98_freshwater_group,0.3386666666666666,100,100,complete_100_seeds
family1_no_clr_microbiome_raw,Without CLR,regression_50,C_environment_microbiome,pysr,B78_Filomicrobium,0.0013333333333333,100,2,complete_100_seeds
family1_no_clr_microbiome_raw,Without CLR,regression_50,C_environment_microbiome,pysr,B81_Unclassified_Genus7,0.016,100,24,complete_100_seeds
family1_no_clr_microbiome_raw,Without CLR,regression_50,C_environment_microbiome,pysr,B83_Unclassified_Genus8,0.0013333333333333,100,2,complete_100_seeds
family1_no_clr_microbiome_raw,Without CLR,regression_50,C_environment_microbiome,pysr,B96_Alkalimarinus,0.0013333333333333,100,2,complete_100_seeds
family1_no_clr_microbiome_raw,Without CLR,regression_50,C_environment_microbiome,pysr,B98_Aquabacterium,0.0006666666666666,100,1,complete_100_seeds
family1_no_clr_microbiome_raw,Without CLR,regression_50,C_environment_microbiome,pysr,C1_salt,0.13,100,92,complete_100_seeds
family1_no_clr_microbiome_raw,Without CLR,regression_50,C_environment_microbiome,pysr,C2_fresh,0.0286666666666666,100,36,complete_100_seeds
family1_no_clr_microbiome_raw,Without CLR,regression_50,C_environment_microbiome,pysr,C3_sed,0.0153333333333333,100,23,complete_100_seeds
family1_no_clr_microbiome_raw,Without CLR,regression_50,C_environment_microbiome,pysr,F101_Stachybotrys,0.0233333333333333,100,32,complete_100_seeds
family1_no_clr_microbiome_raw,Without CLR,regression_50,C_environment_microbiome,pysr,F104_Banksiophoma,0.0226666666666666,100,29,complete_100_seeds
family1_no_clr_microbiome_raw,Without CLR,regression_50,C_environment_microbiome,pysr,F106_Biatriospora,0.0026666666666666,100,4,complete_100_seeds
family1_no_clr_microbiome_raw,Without CLR,regression_50,C_environment_microbiome,pysr,F142_Pseudocosmospora,0.0393333333333333,100,47,complete_100_seeds
family1_no_clr_microbiome_raw,Without CLR,regression_50,C_environment_microbiome,pysr,F144_Monocillium,0.0006666666666666,100,1,complete_100_seeds
family1_no_clr_microbiome_raw,Without CLR,regression_50,C_environment_microbiome,pysr,F154_Umbelopsis,0.002,100,3,complete_100_seeds
family1_no_clr_microbiome_raw,Without CLR,regression_50,C_environment_microbiome,pysr,F159_Sampaiozyma,0.1686666666666666,100,96,complete_100_seeds
family1_no_clr_microbiome_raw,Without CLR,regression_50,C_environment_microbiome,pysr,F171_Tremateia,0.0006666666666666,100,1,complete_100_seeds
family1_no_clr_microbiome_raw,Without CLR,regression_50,C_environment_microbiome,pysr,F175_Candida,0.11,100,95,complete_100_seeds
family1_no_clr_microbiome_raw,Without CLR,regression_50,C_environment_microbiome,pysr,F1_Lecanicillium,0.1333333333333333,100,90,complete_100_seeds
family1_no_clr_microbiome_raw,Without CLR,regression_50,C_environment_microbiome,pysr,F21_Asteromyces,0.0006666666666666,100,1,complete_100_seeds
family1_no_clr_microbiome_raw,Without CLR,regression_50,C_environment_microbiome,pysr,F26_Schizopora,0.16,100,93,complete_100_seeds
family1_no_clr_microbiome_raw,Without CLR,regression_50,C_environment_microbiome,pysr,F29_Periconia,0.0013333333333333,100,2,complete_100_seeds
family1_no_clr_microbiome_raw,Without CLR,regression_50,C_environment_microbiome,pysr,F2_Cladosporium,0.0026666666666666,100,4,complete_100_seeds
family1_no_clr_microbiome_raw,Without CLR,regression_50,C_environment_microbiome,pysr,F31_Unclassified_Genus4,0.1553333333333333,100,99,complete_100_seeds
family1_no_clr_microbiome_raw,Without CLR,regression_50,C_environment_microbiome,pysr,F46_Unclassified_Genus6,0.008,100,12,complete_100_seeds
family1_no_clr_microbiome_raw,Without CLR,regression_50,C_environment_microbiome,pysr,F4_Botryotinia,0.0426666666666666,100,51,complete_100_seeds
family1_no_clr_microbiome_raw,Without CLR,regression_50,C_environment_microbiome,pysr,F50_Tausonia,0.0006666666666666,100,1,complete_100_seeds
family1_no_clr_microbiome_raw,Without CLR,regression_50,C_environment_microbiome,pysr,F52_Paraconiothyrium,0.0006666666666666,100,1,complete_100_seeds
family1_no_clr_microbiome_raw,Without CLR,regression_50,C_environment_microbiome,pysr,F54_Clonostachys,0.0006666666666666,100,1,complete_100_seeds
family1_no_clr_microbiome_raw,Without CLR,regression_50,C_environment_microbiome,pysr,F58_Acremonium,0.0006666666666666,100,1,complete_100_seeds
family1_no_clr_microbiome_raw,Without CLR,regression_50,C_environment_microbiome,pysr,F60_Neoascochyta,0.0846666666666666,100,71,complete_100_seeds
family1_no_clr_microbiome_raw,Without CLR,regression_50,C_environment_microbiome,pysr,F64_Wallemia,0.1126666666666666,100,91,complete_100_seeds
family1_no_clr_microbiome_raw,Without CLR,regression_50,C_environment_microbiome,pysr,F77_Apiotrichum,0.0026666666666666,100,4,complete_100_seeds
family1_no_clr_microbiome_raw,Without CLR,regression_50,C_environment_microbiome,pysr,F80_Unclassified_Genus13,0.0006666666666666,100,1,complete_100_seeds
family1_no_clr_microbiome_raw,Without CLR,regression_50,C_environment_microbiome,pysr,F85_Unclassified_Genus14,0.0393333333333333,100,43,complete_100_seeds
family1_no_clr_microbiome_raw,Without CLR,regression_50,C_environment_microbiome,pysr,F92_Leucosporidium,0.0013333333333333,100,2,complete_100_seeds
family1_no_clr_microbiome_raw,Without CLR,regression_50,C_environment_microbiome,pysr,HBV,0.0279999999999999,100,36,complete_100_seeds
family1_no_clr_microbiome_raw,Without CLR,regression_50,C_environment_microbiome,pysr,HFI,0.0993333333333333,100,74,complete_100_seeds
family1_no_clr_microbiome_raw,Without CLR,regression_50,C_environment_microbiome,pysr,HMI,0.0046666666666666,100,7,complete_100_seeds
family1_no_clr_microbiome_raw,Without CLR,regression_50,C_environment_microbiome,pysr,HPD,0.0106666666666666,100,15,complete_100_seeds
family1_no_clr_microbiome_raw,Without CLR,regression_50,C_environment_microbiome,pysr,NDFI,0.0133333333333333,100,18,complete_100_seeds
family1_no_clr_microbiome_raw,Without CLR,regression_50,C_environment_microbiome,pysr,NO2_mean,0.002,100,3,complete_100_seeds
family1_no_clr_microbiome_raw,Without CLR,regression_50,C_environment_microbiome,pysr,NTL,0.0013333333333333,100,2,complete_100_seeds
family1_no_clr_microbiome_raw,Without CLR,regression_50,C_environment_microbiome,pysr,P_PC1,0.002,100,3,complete_100_seeds
family1_no_clr_microbiome_raw,Without CLR,regression_50,C_environment_microbiome,pysr,P_PC2,0.002,100,3,complete_100_seeds
family1_no_clr_microbiome_raw,Without CLR,regression_50,C_environment_microbiome,pysr,SOC_0_5cm_pct,0.0193333333333333,100,28,complete_100_seeds
family1_no_clr_microbiome_raw,Without CLR,regression_50,C_environment_microbiome,pysr,T_PC1,0.0026666666666666,100,3,complete_100_seeds
family1_no_clr_microbiome_raw,Without CLR,regression_50,C_environment_microbiome,pysr,T_PC2,0.0013333333333333,100,2,complete_100_seeds
family1_no_clr_microbiome_raw,Without CLR,regression_50,C_environment_microbiome,pysr,asp_cos,0.0833333333333333,100,74,complete_100_seeds
family1_no_clr_microbiome_raw,Without CLR,regression_50,C_environment_microbiome,pysr,built,0.0333333333333333,100,41,complete_100_seeds
family1_no_clr_microbiome_raw,Without CLR,regression_50,C_environment_microbiome,pysr,dist_urban,0.0073333333333333,100,11,complete_100_seeds
family1_no_clr_microbiome_raw,Without CLR,regression_50,C_environment_microbiome,pysr,flow_acc_log,0.0006666666666666,100,1,complete_100_seeds
family1_no_clr_microbiome_raw,Without CLR,regression_50,C_environment_microbiome,pysr,flow_dir_cos,0.0026666666666666,100,4,complete_100_seeds
family1_no_clr_microbiome_raw,Without CLR,regression_50,C_environment_microbiome,pysr,flow_dir_sin,0.0073333333333333,100,11,complete_100_seeds
family1_no_clr_microbiome_raw,Without CLR,regression_50,C_environment_microbiome,pysr,pH_0_5cm,0.006,100,9,complete_100_seeds
family1_no_clr_microbiome_raw,Without CLR,regression_50,C_environment_microbiome,pysr,slope_pct,0.0946666666666666,100,82,complete_100_seeds
family1_no_clr_microbiome_raw,Without CLR,regression_50,C_environment_microbiome,pysr,trees,0.0273333333333333,100,36,complete_100_seeds
family1_no_clr_microbiome_raw,Without CLR,regression_50,C_environment_microbiome,pysr,wind_speed_10m,0.004,100,6,complete_100_seeds
family2_full_microbiome_clr_raw_env,With CLR,classification,C_environment_microbiome,pysr,B100_Thermomonas,0.0006666666666666,100,1,complete_100_seeds
family2_full_microbiome_clr_raw_env,With CLR,classification,C_environment_microbiome,pysr,B101_Unclassified_Genus10,0.0006666666666666,100,1,complete_100_seeds
family2_full_microbiome_clr_raw_env,With CLR,classification,C_environment_microbiome,pysr,B103_Delftia,0.002,100,3,complete_100_seeds
family2_full_microbiome_clr_raw_env,With CLR,classification,C_environment_microbiome,pysr,B106_Unclassified_Genus11,0.0013333333333333,100,2,complete_100_seeds
family2_full_microbiome_clr_raw_env,With CLR,classification,C_environment_microbiome,pysr,B108_Oligoflexus,0.0106666666666666,100,14,complete_100_seeds
family2_full_microbiome_clr_raw_env,With CLR,classification,C_environment_microbiome,pysr,B109_Unclassified_Genus12,0.0006666666666666,100,1,complete_100_seeds
family2_full_microbiome_clr_raw_env,With CLR,classification,C_environment_microbiome,pysr,B10_Sphingomonas,0.0026666666666666,100,4,complete_100_seeds
family2_full_microbiome_clr_raw_env,With CLR,classification,C_environment_microbiome,pysr,B110_Alteromonas,0.002,100,3,complete_100_seeds
family2_full_microbiome_clr_raw_env,With CLR,classification,C_environment_microbiome,pysr,B113_Hydrogenophaga,0.0026666666666666,100,4,complete_100_seeds
family2_full_microbiome_clr_raw_env,With CLR,classification,C_environment_microbiome,pysr,B114_Unclassified_Genus13,0.0006666666666666,100,1,complete_100_seeds
family2_full_microbiome_clr_raw_env,With CLR,classification,C_environment_microbiome,pysr,B115_Bacillus,0.004,100,6,complete_100_seeds
family2_full_microbiome_clr_raw_env,With CLR,classification,C_environment_microbiome,pysr,B117_Sphingopyxis,0.0006666666666666,100,1,complete_100_seeds
family2_full_microbiome_clr_raw_env,With CLR,classification,C_environment_microbiome,pysr,B118_Haemophilus,0.0053333333333333,100,8,complete_100_seeds
family2_full_microbiome_clr_raw_env,With CLR,classification,C_environment_microbiome,pysr,B11_Terrisporobacter,0.0006666666666666,100,1,complete_100_seeds
family2_full_microbiome_clr_raw_env,With CLR,classification,C_environment_microbiome,pysr,B120_Mesorhizobium,0.0006666666666666,100,1,complete_100_seeds
family2_full_microbiome_clr_raw_env,With CLR,classification,C_environment_microbiome,pysr,B121_Ahrensia,0.0026666666666666,100,4,complete_100_seeds
family2_full_microbiome_clr_raw_env,With CLR,classification,C_environment_microbiome,pysr,B126_Unclassified_Genus15,0.0006666666666666,100,1,complete_100_seeds
family2_full_microbiome_clr_raw_env,With CLR,classification,C_environment_microbiome,pysr,B128_Alsobacter,0.0006666666666666,100,1,complete_100_seeds
family2_full_microbiome_clr_raw_env,With CLR,classification,C_environment_microbiome,pysr,B12_Pseudarthrobacter,0.0013333333333333,100,2,complete_100_seeds
family2_full_microbiome_clr_raw_env,With CLR,classification,C_environment_microbiome,pysr,B130_Terrabacter,0.004,100,6,complete_100_seeds
family2_full_microbiome_clr_raw_env,With CLR,classification,C_environment_microbiome,pysr,B131_Limnobacter,0.006,100,9,complete_100_seeds
family2_full_microbiome_clr_raw_env,With CLR,classification,C_environment_microbiome,pysr,B132_Rhodobacter,0.0233333333333333,100,33,complete_100_seeds
family2_full_microbiome_clr_raw_env,With CLR,classification,C_environment_microbiome,pysr,B135_Tabrizicola,0.0013333333333333,100,2,complete_100_seeds
family2_full_microbiome_clr_raw_env,With CLR,classification,C_environment_microbiome,pysr,B137_Unclassified_Genus17,0.012,100,16,complete_100_seeds
family2_full_microbiome_clr_raw_env,With CLR,classification,C_environment_microbiome,pysr,B138_Halioglobus,0.0013333333333333,100,2,complete_100_seeds
family2_full_microbiome_clr_raw_env,With CLR,classification,C_environment_microbiome,pysr,B13_Enhydrobacter,0.0253333333333333,100,34,complete_100_seeds
family2_full_microbiome_clr_raw_env,With CLR,classification,C_environment_microbiome,pysr,B140_Hymenobacter,0.006,100,9,complete_100_seeds
family2_full_microbiome_clr_raw_env,With CLR,classification,C_environment_microbiome,pysr,B141_Tamlana,0.0006666666666666,100,1,complete_100_seeds
family2_full_microbiome_clr_raw_env,With CLR,classification,C_environment_microbiome,pysr,B142_Unclassified_Genus19,0.0013333333333333,100,2,complete_100_seeds
family2_full_microbiome_clr_raw_env,With CLR,classification,C_environment_microbiome,pysr,B143_Unclassified_Genus20,0.0066666666666666,100,8,complete_100_seeds
family2_full_microbiome_clr_raw_env,With CLR,classification,C_environment_microbiome,pysr,B144_Seohaeicola,0.0006666666666666,100,1,complete_100_seeds
family2_full_microbiome_clr_raw_env,With CLR,classification,C_environment_microbiome,pysr,B145_Flavihumibacter,0.0033333333333333,100,4,complete_100_seeds
family2_full_microbiome_clr_raw_env,With CLR,classification,C_environment_microbiome,pysr,B146_Gramella,0.0006666666666666,100,1,complete_100_seeds
family2_full_microbiome_clr_raw_env,With CLR,classification,C_environment_microbiome,pysr,B147_Novosphingobium,0.0013333333333333,100,2,complete_100_seeds
family2_full_microbiome_clr_raw_env,With CLR,classification,C_environment_microbiome,pysr,B148_Pedobacter,0.0013333333333333,100,2,complete_100_seeds
family2_full_microbiome_clr_raw_env,With CLR,classification,C_environment_microbiome,pysr,B149_Owenweeksia,0.0006666666666666,100,1,complete_100_seeds
family2_full_microbiome_clr_raw_env,With CLR,classification,C_environment_microbiome,pysr,B14_Enterococcus,0.0053333333333333,100,8,complete_100_seeds
family2_full_microbiome_clr_raw_env,With CLR,classification,C_environment_microbiome,pysr,B150_Pseudophaeobacter,0.002,100,3,complete_100_seeds
family2_full_microbiome_clr_raw_env,With CLR,classification,C_environment_microbiome,pysr,B151_Winogradskyella,0.0066666666666666,100,10,complete_100_seeds
family2_full_microbiome_clr_raw_env,With CLR,classification,C_environment_microbiome,pysr,B152_Rhizorhapis,0.0153333333333333,100,21,complete_100_seeds
family2_full_microbiome_clr_raw_env,With CLR,classification,C_environment_microbiome,pysr,B153_Woeseia,0.0006666666666666,100,1,complete_100_seeds
family2_full_microbiome_clr_raw_env,With CLR,classification,C_environment_microbiome,pysr,B155_Thermoactinomyces,0.0006666666666666,100,1,complete_100_seeds
family2_full_microbiome_clr_raw_env,With CLR,classification,C_environment_microbiome,pysr,B158_Psychrobacter,0.0013333333333333,100,1,complete_100_seeds
family2_full_microbiome_clr_raw_env,With CLR,classification,C_environment_microbiome,pysr,B159_Comamonas,0.0006666666666666,100,1,complete_100_seeds
family2_full_microbiome_clr_raw_env,With CLR,classification,C_environment_microbiome,pysr,B15_Exiguobacterium,0.0006666666666666,100,1,complete_100_seeds
family2_full_microbiome_clr_raw_env,With CLR,classification,C_environment_microbiome,pysr,B161_Eudoraea,0.0033333333333333,100,5,complete_100_seeds
family2_full_microbiome_clr_raw_env,With CLR,classification,C_environment_microbiome,pysr,B162_Paraglaciecola,0.004,100,5,complete_100_seeds
family2_full_microbiome_clr_raw_env,With CLR,classification,C_environment_microbiome,pysr,B163_OM27_clade,0.0026666666666666,100,4,complete_100_seeds
family2_full_microbiome_clr_raw_env,With CLR,classification,C_environment_microbiome,pysr,B164_Deinococcus,0.0006666666666666,100,1,complete_100_seeds
family2_full_microbiome_clr_raw_env,With CLR,classification,C_environment_microbiome,pysr,B167_Polynucleobacter,0.0006666666666666,100,1,complete_100_seeds
family2_full_microbiome_clr_raw_env,With CLR,classification,C_environment_microbiome,pysr,B168_Roseomonas,0.0006666666666666,100,1,complete_100_seeds
family2_full_microbiome_clr_raw_env,With CLR,classification,C_environment_microbiome,pysr,B16_Anoxybacillus,0.0153333333333333,100,21,complete_100_seeds
family2_full_microbiome_clr_raw_env,With CLR,classification,C_environment_microbiome,pysr,B170_Ferruginibacter,0.0033333333333333,100,5,complete_100_seeds
family2_full_microbiome_clr_raw_env,With CLR,classification,C_environment_microbiome,pysr,B171_Iamia,0.0006666666666666,100,1,complete_100_seeds
family2_full_microbiome_clr_raw_env,With CLR,classification,C_environment_microbiome,pysr,B175_Unclassified_Genus27,0.002,100,3,complete_100_seeds
family2_full_microbiome_clr_raw_env,With CLR,classification,C_environment_microbiome,pysr,B177_Ensifer,0.0006666666666666,100,1,complete_100_seeds
family2_full_microbiome_clr_raw_env,With CLR,classification,C_environment_microbiome,pysr,B17_Duganella,0.01,100,12,complete_100_seeds
family2_full_microbiome_clr_raw_env,With CLR,classification,C_environment_microbiome,pysr,B180_Muriicola,0.002,100,3,complete_100_seeds
family2_full_microbiome_clr_raw_env,With CLR,classification,C_environment_microbiome,pysr,B181_Fusibacter,0.0013333333333333,100,2,complete_100_seeds
family2_full_microbiome_clr_raw_env,With CLR,classification,C_environment_microbiome,pysr,B182_Persicitalea,0.0006666666666666,100,1,complete_100_seeds
family2_full_microbiome_clr_raw_env,With CLR,classification,C_environment_microbiome,pysr,B183_Janthinobacterium,0.002,100,3,complete_100_seeds
family2_full_microbiome_clr_raw_env,With CLR,classification,C_environment_microbiome,pysr,B184_Unclassified_Genus29,0.0033333333333333,100,5,complete_100_seeds
family2_full_microbiome_clr_raw_env,With CLR,classification,C_environment_microbiome,pysr,B185_Mycobacterium,0.0046666666666666,100,7,complete_100_seeds
family2_full_microbiome_clr_raw_env,With CLR,classification,C_environment_microbiome,pysr,B189_Candidatus_Symbiobacter,0.0006666666666666,100,1,complete_100_seeds
family2_full_microbiome_clr_raw_env,With CLR,classification,C_environment_microbiome,pysr,B18_Massilia,0.0053333333333333,100,8,complete_100_seeds
family2_full_microbiome_clr_raw_env,With CLR,classification,C_environment_microbiome,pysr,B191_Sporacetigenium,0.0006666666666666,100,1,complete_100_seeds
family2_full_microbiome_clr_raw_env,With CLR,classification,C_environment_microbiome,pysr,B192_Roseobacter,0.0006666666666666,100,1,complete_100_seeds
family2_full_microbiome_clr_raw_env,With CLR,classification,C_environment_microbiome,pysr,B197_Leisingera,0.024,100,29,complete_100_seeds
family2_full_microbiome_clr_raw_env,With CLR,classification,C_environment_microbiome,pysr,B198_Porphyrobacter,0.0006666666666666,100,1,complete_100_seeds
family2_full_microbiome_clr_raw_env,With CLR,classification,C_environment_microbiome,pysr,B199_Methylophaga,0.002,100,3,complete_100_seeds
family2_full_microbiome_clr_raw_env,With CLR,classification,C_environment_microbiome,pysr,B19_Actinomyces,0.004,100,5,complete_100_seeds
family2_full_microbiome_clr_raw_env,With CLR,classification,C_environment_microbiome,pysr,B1_Streptococcus,0.01,100,14,complete_100_seeds
family2_full_microbiome_clr_raw_env,With CLR,classification,C_environment_microbiome,pysr,B200_Blastococcus,0.0006666666666666,100,1,complete_100_seeds
family2_full_microbiome_clr_raw_env,With CLR,classification,C_environment_microbiome,pysr,B201_Unclassified_Genus31,0.0006666666666666,100,1,complete_100_seeds
family2_full_microbiome_clr_raw_env,With CLR,classification,C_environment_microbiome,pysr,B202_Paucibacter,0.0026666666666666,100,4,complete_100_seeds
family2_full_microbiome_clr_raw_env,With CLR,classification,C_environment_microbiome,pysr,B206_Unclassified_Genus32,0.0006666666666666,100,1,complete_100_seeds
family2_full_microbiome_clr_raw_env,With CLR,classification,C_environment_microbiome,pysr,B207_Confluentimicrobium,0.002,100,3,complete_100_seeds
family2_full_microbiome_clr_raw_env,With CLR,classification,C_environment_microbiome,pysr,B208_Celeribacter,0.0133333333333333,100,20,complete_100_seeds
family2_full_microbiome_clr_raw_env,With CLR,classification,C_environment_microbiome,pysr,B209_Pseudahrensia,0.002,100,3,complete_100_seeds
family2_full_microbiome_clr_raw_env,With CLR,classification,C_environment_microbiome,pysr,B210_Unclassified_Genus33,0.0026666666666666,100,4,complete_100_seeds
family2_full_microbiome_clr_raw_env,With CLR,classification,C_environment_microbiome,pysr,B212_Thalassobius,0.0006666666666666,100,1,complete_100_seeds
family2_full_microbiome_clr_raw_env,With CLR,classification,C_environment_microbiome,pysr,B213_Longivirga,0.0006666666666666,100,1,complete_100_seeds
family2_full_microbiome_clr_raw_env,With CLR,classification,C_environment_microbiome,pysr,B214_Unclassified_Genus35,0.0006666666666666,100,1,complete_100_seeds
family2_full_microbiome_clr_raw_env,With CLR,classification,C_environment_microbiome,pysr,B215_Unclassified_Genus36,0.0026666666666666,100,4,complete_100_seeds
family2_full_microbiome_clr_raw_env,With CLR,classification,C_environment_microbiome,pysr,B216_Sphingorhabdus,0.0013333333333333,100,2,complete_100_seeds
family2_full_microbiome_clr_raw_env,With CLR,classification,C_environment_microbiome,pysr,B217_Unclassified_Genus37,0.0006666666666666,100,1,complete_100_seeds
family2_full_microbiome_clr_raw_env,With CLR,classification,C_environment_microbiome,pysr,B219_Subsaxibacter,0.0006666666666666,100,1,complete_100_seeds
family2_full_microbiome_clr_raw_env,With CLR,classification,C_environment_microbiome,pysr,B21_Candidatus_Puniceispirillum,0.0026666666666666,100,4,complete_100_seeds
family2_full_microbiome_clr_raw_env,With CLR,classification,C_environment_microbiome,pysr,B220_Roseiarcus,0.0013333333333333,100,2,complete_100_seeds
family2_full_microbiome_clr_raw_env,With CLR,classification,C_environment_microbiome,pysr,B221_Panacagrimonas,0.0013333333333333,100,2,complete_100_seeds
family2_full_microbiome_clr_raw_env,With CLR,classification,C_environment_microbiome,pysr,B222_Alkanindiges,0.0133333333333333,100,20,complete_100_seeds
family2_full_microbiome_clr_raw_env,With CLR,classification,C_environment_microbiome,pysr,B226_Hoeflea,0.0013333333333333,100,2,complete_100_seeds
family2_full_microbiome_clr_raw_env,With CLR,classification,C_environment_microbiome,pysr,B228_Bosea,0.0013333333333333,100,2,complete_100_seeds
family2_full_microbiome_clr_raw_env,With CLR,classification,C_environment_microbiome,pysr,B229_Dokdonia,0.0086666666666666,100,13,complete_100_seeds
family2_full_microbiome_clr_raw_env,With CLR,classification,C_environment_microbiome,pysr,B22_Unclassified_Genus,0.0126666666666666,100,19,complete_100_seeds
family2_full_microbiome_clr_raw_env,With CLR,classification,C_environment_microbiome,pysr,B230_Micromonospora,0.0046666666666666,100,7,complete_100_seeds
family2_full_microbiome_clr_raw_env,With CLR,classification,C_environment_microbiome,pysr,B232_Arenimonas,0.0006666666666666,100,1,complete_100_seeds
family2_full_microbiome_clr_raw_env,With CLR,classification,C_environment_microbiome,pysr,B234_Lachnoclostridium,0.0286666666666666,100,33,complete_100_seeds
family2_full_microbiome_clr_raw_env,With CLR,classification,C_environment_microbiome,pysr,B235_Fictibacillus,0.0006666666666666,100,1,complete_100_seeds
family2_full_microbiome_clr_raw_env,With CLR,classification,C_environment_microbiome,pysr,B236_Paenibacillus,0.0786666666666666,100,77,complete_100_seeds
family2_full_microbiome_clr_raw_env,With CLR,classification,C_environment_microbiome,pysr,B237_Acidothermus,0.0033333333333333,100,5,complete_100_seeds
family2_full_microbiome_clr_raw_env,With CLR,classification,C_environment_microbiome,pysr,B239_Shinella,0.0006666666666666,100,1,complete_100_seeds
family2_full_microbiome_clr_raw_env,With CLR,classification,C_environment_microbiome,pysr,B23_Flavobacterium,0.0006666666666666,100,1,complete_100_seeds
family2_full_microbiome_clr_raw_env,With CLR,classification,C_environment_microbiome,pysr,B240_Unclassified_Genus40,0.0153333333333333,100,21,complete_100_seeds
family2_full_microbiome_clr_raw_env,With CLR,classification,C_environment_microbiome,pysr,B244_Cryobacterium,0.0126666666666666,100,17,complete_100_seeds
family2_full_microbiome_clr_raw_env,With CLR,classification,C_environment_microbiome,pysr,B245_Octadecabacter,0.0906666666666666,100,74,complete_100_seeds
family2_full_microbiome_clr_raw_env,With CLR,classification,C_environment_microbiome,pysr,B247_Fluviicola,0.0033333333333333,100,5,complete_100_seeds
family2_full_microbiome_clr_raw_env,With CLR,classification,C_environment_microbiome,pysr,B249_Domibacillus,0.0006666666666666,100,1,complete_100_seeds
family2_full_microbiome_clr_raw_env,With CLR,classification,C_environment_microbiome,pysr,B24_Oleiphilus,0.0006666666666666,100,1,complete_100_seeds
family2_full_microbiome_clr_raw_env,With CLR,classification,C_environment_microbiome,pysr,B250_Pseudolabrys,0.002,100,3,complete_100_seeds
family2_full_microbiome_clr_raw_env,With CLR,classification,C_environment_microbiome,pysr,B251_Sedimentitalea,0.0006666666666666,100,1,complete_100_seeds
family2_full_microbiome_clr_raw_env,With CLR,classification,C_environment_microbiome,pysr,B253_Unclassified_Genus42,0.0033333333333333,100,5,complete_100_seeds
family2_full_microbiome_clr_raw_env,With CLR,classification,C_environment_microbiome,pysr,B255_Methylibium,0.0013333333333333,100,2,complete_100_seeds
family2_full_microbiome_clr_raw_env,With CLR,classification,C_environment_microbiome,pysr,B256_Unclassified_Genus43,0.0133333333333333,100,20,complete_100_seeds
family2_full_microbiome_clr_raw_env,With CLR,classification,C_environment_microbiome,pysr,B258_Ammoniphilus,0.0013333333333333,100,2,complete_100_seeds
family2_full_microbiome_clr_raw_env,With CLR,classification,C_environment_microbiome,pysr,B25_Methylobacterium_Methylorubrum,0.004,100,6,complete_100_seeds
family2_full_microbiome_clr_raw_env,With CLR,classification,C_environment_microbiome,pysr,B260_Unclassified_Genus44,0.0033333333333333,100,5,complete_100_seeds
family2_full_microbiome_clr_raw_env,With CLR,classification,C_environment_microbiome,pysr,B261_Unclassified_Genus45,0.002,100,3,complete_100_seeds
family2_full_microbiome_clr_raw_env,With CLR,classification,C_environment_microbiome,pysr,B264_Aeromicrobium,0.0253333333333333,100,29,complete_100_seeds
family2_full_microbiome_clr_raw_env,With CLR,classification,C_environment_microbiome,pysr,B265_Porticoccus,0.0006666666666666,100,1,complete_100_seeds
family2_full_microbiome_clr_raw_env,With CLR,classification,C_environment_microbiome,pysr,B267_Unclassified_Genus48,0.0006666666666666,100,1,complete_100_seeds
family2_full_microbiome_clr_raw_env,With CLR,classification,C_environment_microbiome,pysr,B268_Aminobacter,0.0066666666666666,100,10,complete_100_seeds
family2_full_microbiome_clr_raw_env,With CLR,classification,C_environment_microbiome,pysr,B26_Pseudomonas,0.0033333333333333,100,5,complete_100_seeds
family2_full_microbiome_clr_raw_env,With CLR,classification,C_environment_microbiome,pysr,B271_Maricaulis,0.0013333333333333,100,2,complete_100_seeds
family2_full_microbiome_clr_raw_env,With CLR,classification,C_environment_microbiome,pysr,B272_Streptomyces,0.0006666666666666,100,1,complete_100_seeds
family2_full_microbiome_clr_raw_env,With CLR,classification,C_environment_microbiome,pysr,B275_Beijerinckia,0.0053333333333333,100,8,complete_100_seeds
family2_full_microbiome_clr_raw_env,With CLR,classification,C_environment_microbiome,pysr,B279_Euzebyella,0.0013333333333333,100,2,complete_100_seeds
family2_full_microbiome_clr_raw_env,With CLR,classification,C_environment_microbiome,pysr,B27_Rickettsiella,0.0006666666666666,100,1,complete_100_seeds
family2_full_microbiome_clr_raw_env,With CLR,classification,C_environment_microbiome,pysr,B282_Unclassified_Genus50,0.0013333333333333,100,2,complete_100_seeds
family2_full_microbiome_clr_raw_env,With CLR,classification,C_environment_microbiome,pysr,B284_Unclassified_Genus51,0.0013333333333333,100,2,complete_100_seeds
family2_full_microbiome_clr_raw_env,With CLR,classification,C_environment_microbiome,pysr,B285_Nordella,0.0006666666666666,100,1,complete_100_seeds
family2_full_microbiome_clr_raw_env,With CLR,classification,C_environment_microbiome,pysr,B288_Knoellia,0.0026666666666666,100,4,complete_100_seeds
family2_full_microbiome_clr_raw_env,With CLR,classification,C_environment_microbiome,pysr,B28_Clostridium_sensu_stricto_12,0.0013333333333333,100,2,complete_100_seeds
family2_full_microbiome_clr_raw_env,With CLR,classification,C_environment_microbiome,pysr,B290_Variovorax,0.0026666666666666,100,4,complete_100_seeds
family2_full_microbiome_clr_raw_env,With CLR,classification,C_environment_microbiome,pysr,B291_Leptothrix,0.0033333333333333,100,5,complete_100_seeds
family2_full_microbiome_clr_raw_env,With CLR,classification,C_environment_microbiome,pysr,B292_Paludibaculum,0.0006666666666666,100,1,complete_100_seeds
family2_full_microbiome_clr_raw_env,With CLR,classification,C_environment_microbiome,pysr,B294_Turicibacter,0.0013333333333333,100,1,complete_100_seeds
family2_full_microbiome_clr_raw_env,With CLR,classification,C_environment_microbiome,pysr,B298_Aurantisolimonas,0.4866666666666666,100,100,complete_100_seeds
family2_full_microbiome_clr_raw_env,With CLR,classification,C_environment_microbiome,pysr,B29_Unclassified_Genus1,0.0006666666666666,100,1,complete_100_seeds
family2_full_microbiome_clr_raw_env,With CLR,classification,C_environment_microbiome,pysr,B2_Gemella,0.0046666666666666,100,7,complete_100_seeds
family2_full_microbiome_clr_raw_env,With CLR,classification,C_environment_microbiome,pysr,B300_Nakamurella,0.0013333333333333,100,2,complete_100_seeds
family2_full_microbiome_clr_raw_env,With CLR,classification,C_environment_microbiome,pysr,B301_Unclassified_Genus55,0.002,100,3,complete_100_seeds
family2_full_microbiome_clr_raw_env,With CLR,classification,C_environment_microbiome,pysr,B302_Reyranella,0.002,100,3,complete_100_seeds
family2_full_microbiome_clr_raw_env,With CLR,classification,C_environment_microbiome,pysr,B303_Aquibacter,0.0013333333333333,100,2,complete_100_seeds
family2_full_microbiome_clr_raw_env,With CLR,classification,C_environment_microbiome,pysr,B304_Jannaschia,0.0006666666666666,100,1,complete_100_seeds
family2_full_microbiome_clr_raw_env,With CLR,classification,C_environment_microbiome,pysr,B307_CL500_29_marine_group,0.0013333333333333,100,2,complete_100_seeds
family2_full_microbiome_clr_raw_env,With CLR,classification,C_environment_microbiome,pysr,B308_Lactobacillus,0.0013333333333333,100,2,complete_100_seeds
family2_full_microbiome_clr_raw_env,With CLR,classification,C_environment_microbiome,pysr,B309_Unclassified_Genus58,0.002,100,3,complete_100_seeds
family2_full_microbiome_clr_raw_env,With CLR,classification,C_environment_microbiome,pysr,B30_Yoonia_Loktanella,0.0006666666666666,100,1,complete_100_seeds
family2_full_microbiome_clr_raw_env,With CLR,classification,C_environment_microbiome,pysr,B310_Unclassified_Genus59,0.0013333333333333,100,2,complete_100_seeds
family2_full_microbiome_clr_raw_env,With CLR,classification,C_environment_microbiome,pysr,B312_Methyloceanibacter,0.0279999999999999,100,38,complete_100_seeds
family2_full_microbiome_clr_raw_env,With CLR,classification,C_environment_microbiome,pysr,B313_Aliiglaciecola,0.0006666666666666,100,1,complete_100_seeds
family2_full_microbiome_clr_raw_env,With CLR,classification,C_environment_microbiome,pysr,B314_Nitrospira,0.002,100,3,complete_100_seeds
family2_full_microbiome_clr_raw_env,With CLR,classification,C_environment_microbiome,pysr,B315_Ornithinibacter,0.0033333333333333,100,5,complete_100_seeds
family2_full_microbiome_clr_raw_env,With CLR,classification,C_environment_microbiome,pysr,B316_Clostridium_sensu_stricto_9,0.0013333333333333,100,2,complete_100_seeds
family2_full_microbiome_clr_raw_env,With CLR,classification,C_environment_microbiome,pysr,B317_Streptosporangium,0.0026666666666666,100,4,complete_100_seeds
family2_full_microbiome_clr_raw_env,With CLR,classification,C_environment_microbiome,pysr,B318_Unclassified_Genus61,0.0033333333333333,100,5,complete_100_seeds
family2_full_microbiome_clr_raw_env,With CLR,classification,C_environment_microbiome,pysr,B31_Acidovorax,0.0013333333333333,100,2,complete_100_seeds
family2_full_microbiome_clr_raw_env,With CLR,classification,C_environment_microbiome,pysr,B321_Polycyclovorans,0.0006666666666666,100,1,complete_100_seeds
family2_full_microbiome_clr_raw_env,With CLR,classification,C_environment_microbiome,pysr,B322_Defluviicoccus,0.002,100,2,complete_100_seeds
family2_full_microbiome_clr_raw_env,With CLR,classification,C_environment_microbiome,pysr,B323_Marinovum,0.0006666666666666,100,1,complete_100_seeds
family2_full_microbiome_clr_raw_env,With CLR,classification,C_environment_microbiome,pysr,B324_Adhaeribacter,0.0053333333333333,100,8,complete_100_seeds
family2_full_microbiome_clr_raw_env,With CLR,classification,C_environment_microbiome,pysr,B326_Unclassified_Genus64,0.006,100,9,complete_100_seeds
family2_full_microbiome_clr_raw_env,With CLR,classification,C_environment_microbiome,pysr,B327_Clavibacter,0.0026666666666666,100,4,complete_100_seeds
family2_full_microbiome_clr_raw_env,With CLR,classification,C_environment_microbiome,pysr,B328_Unclassified_Genus65,0.0626666666666666,100,66,complete_100_seeds
family2_full_microbiome_clr_raw_env,With CLR,classification,C_environment_microbiome,pysr,B32_Rathayibacter,0.0233333333333333,100,30,complete_100_seeds
family2_full_microbiome_clr_raw_env,With CLR,classification,C_environment_microbiome,pysr,B330_Actibacterium,0.0006666666666666,100,1,complete_100_seeds
family2_full_microbiome_clr_raw_env,With CLR,classification,C_environment_microbiome,pysr,B334_Methylotenera,0.0006666666666666,100,1,complete_100_seeds
family2_full_microbiome_clr_raw_env,With CLR,classification,C_environment_microbiome,pysr,B336_Hirschia,0.0066666666666666,100,10,complete_100_seeds
family2_full_microbiome_clr_raw_env,With CLR,classification,C_environment_microbiome,pysr,B337_Unclassified_Genus67,0.0026666666666666,100,4,complete_100_seeds
family2_full_microbiome_clr_raw_env,With CLR,classification,C_environment_microbiome,pysr,B338_Geminicoccus,0.0033333333333333,100,5,complete_100_seeds
family2_full_microbiome_clr_raw_env,With CLR,classification,C_environment_microbiome,pysr,B339_Williamsia,0.0113333333333333,100,17,complete_100_seeds
family2_full_microbiome_clr_raw_env,With CLR,classification,C_environment_microbiome,pysr,B33_Pelomonas,0.002,100,3,complete_100_seeds
family2_full_microbiome_clr_raw_env,With CLR,classification,C_environment_microbiome,pysr,B340_Unclassified_Genus68,0.0013333333333333,100,2,complete_100_seeds
family2_full_microbiome_clr_raw_env,With CLR,classification,C_environment_microbiome,pysr,B341_Unclassified_Genus69,0.0033333333333333,100,5,complete_100_seeds
family2_full_microbiome_clr_raw_env,With CLR,classification,C_environment_microbiome,pysr,B343_Rhodoferax,0.0006666666666666,100,1,complete_100_seeds
family2_full_microbiome_clr_raw_env,With CLR,classification,C_environment_microbiome,pysr,B344_Algibacter,0.0006666666666666,100,1,complete_100_seeds
family2_full_microbiome_clr_raw_env,With CLR,classification,C_environment_microbiome,pysr,B345_Ellin6055,0.0006666666666666,100,1,complete_100_seeds
family2_full_microbiome_clr_raw_env,With CLR,classification,C_environment_microbiome,pysr,B346_Unclassified_Genus70,0.0006666666666666,100,1,complete_100_seeds
family2_full_microbiome_clr_raw_env,With CLR,classification,C_environment_microbiome,pysr,B347_Quadrisphaera,0.0026666666666666,100,4,complete_100_seeds
family2_full_microbiome_clr_raw_env,With CLR,classification,C_environment_microbiome,pysr,B348_Unclassified_Genus71,0.032,100,41,complete_100_seeds
family2_full_microbiome_clr_raw_env,With CLR,classification,C_environment_microbiome,pysr,B34_Arenibacter,0.0006666666666666,100,1,complete_100_seeds
family2_full_microbiome_clr_raw_env,With CLR,classification,C_environment_microbiome,pysr,B350_Unclassified_Genus72,0.0006666666666666,100,1,complete_100_seeds
family2_full_microbiome_clr_raw_env,With CLR,classification,C_environment_microbiome,pysr,B354_Rubrivivax,0.0006666666666666,100,1,complete_100_seeds
family2_full_microbiome_clr_raw_env,With CLR,classification,C_environment_microbiome,pysr,B355_Unclassified_Genus74,0.0006666666666666,100,1,complete_100_seeds
family2_full_microbiome_clr_raw_env,With CLR,classification,C_environment_microbiome,pysr,B356_OLB12,0.0006666666666666,100,1,complete_100_seeds
family2_full_microbiome_clr_raw_env,With CLR,classification,C_environment_microbiome,pysr,B357_Unclassified_Genus75,0.0013333333333333,100,2,complete_100_seeds
family2_full_microbiome_clr_raw_env,With CLR,classification,C_environment_microbiome,pysr,B359_Phyllobacterium,0.0006666666666666,100,1,complete_100_seeds
family2_full_microbiome_clr_raw_env,With CLR,classification,C_environment_microbiome,pysr,B35_Nocardioides,0.0006666666666666,100,1,complete_100_seeds
family2_full_microbiome_clr_raw_env,With CLR,classification,C_environment_microbiome,pysr,B362_Lysobacter,0.0006666666666666,100,1,complete_100_seeds
family2_full_microbiome_clr_raw_env,With CLR,classification,C_environment_microbiome,pysr,B365_Unclassified_Genus78,0.0006666666666666,100,1,complete_100_seeds
family2_full_microbiome_clr_raw_env,With CLR,classification,C_environment_microbiome,pysr,B366_Blastocatella,0.0006666666666666,100,1,complete_100_seeds
family2_full_microbiome_clr_raw_env,With CLR,classification,C_environment_microbiome,pysr,B367_Neptunomonas,0.0033333333333333,100,5,complete_100_seeds
family2_full_microbiome_clr_raw_env,With CLR,classification,C_environment_microbiome,pysr,B36_NS3a_marine_group,0.0026666666666666,100,4,complete_100_seeds
family2_full_microbiome_clr_raw_env,With CLR,classification,C_environment_microbiome,pysr,B372_Spirosoma,0.0013333333333333,100,2,complete_100_seeds
family2_full_microbiome_clr_raw_env,With CLR,classification,C_environment_microbiome,pysr,B373_Verrucosispora,0.006,100,8,complete_100_seeds
family2_full_microbiome_clr_raw_env,With CLR,classification,C_environment_microbiome,pysr,B376_Unclassified_Genus82,0.0013333333333333,100,2,complete_100_seeds
family2_full_microbiome_clr_raw_env,With CLR,classification,C_environment_microbiome,pysr,B377_Albirhodobacter,0.002,100,3,complete_100_seeds
family2_full_microbiome_clr_raw_env,With CLR,classification,C_environment_microbiome,pysr,B378_Unclassified_Genus83,0.002,100,3,complete_100_seeds
family2_full_microbiome_clr_raw_env,With CLR,classification,C_environment_microbiome,pysr,B381_Unclassified_Genus84,0.0053333333333333,100,8,complete_100_seeds
family2_full_microbiome_clr_raw_env,With CLR,classification,C_environment_microbiome,pysr,B382_Polymorphobacter,0.0006666666666666,100,1,complete_100_seeds
family2_full_microbiome_clr_raw_env,With CLR,classification,C_environment_microbiome,pysr,B385_Unclassified_Genus86,0.002,100,3,complete_100_seeds
family2_full_microbiome_clr_raw_env,With CLR,classification,C_environment_microbiome,pysr,B386_Unclassified_Genus87,0.0006666666666666,100,1,complete_100_seeds
family2_full_microbiome_clr_raw_env,With CLR,classification,C_environment_microbiome,pysr,B38_Unclassified_Genus2,0.0006666666666666,100,1,complete_100_seeds
family2_full_microbiome_clr_raw_env,With CLR,classification,C_environment_microbiome,pysr,B390_Unclassified_Genus91,0.0013333333333333,100,2,complete_100_seeds
family2_full_microbiome_clr_raw_env,With CLR,classification,C_environment_microbiome,pysr,B391_Sphingobium,0.0033333333333333,100,5,complete_100_seeds
family2_full_microbiome_clr_raw_env,With CLR,classification,C_environment_microbiome,pysr,B393_Unclassified_Genus92,0.1053333333333333,100,85,complete_100_seeds
family2_full_microbiome_clr_raw_env,With CLR,classification,C_environment_microbiome,pysr,B394_Paraclostridium,0.0253333333333333,100,33,complete_100_seeds
family2_full_microbiome_clr_raw_env,With CLR,classification,C_environment_microbiome,pysr,B395_Solimonas,0.0006666666666666,100,1,complete_100_seeds
family2_full_microbiome_clr_raw_env,With CLR,classification,C_environment_microbiome,pysr,B397_Unclassified_Genus93,0.0026666666666666,100,4,complete_100_seeds
family2_full_microbiome_clr_raw_env,With CLR,classification,C_environment_microbiome,pysr,B399_Unclassified_Genus94,0.0013333333333333,100,2,complete_100_seeds
family2_full_microbiome_clr_raw_env,With CLR,classification,C_environment_microbiome,pysr,B39_Burkholderia_Caballeronia_Paraburkholderia,0.0153333333333333,100,23,complete_100_seeds
family2_full_microbiome_clr_raw_env,With CLR,classification,C_environment_microbiome,pysr,B3_Rothia,0.0026666666666666,100,4,complete_100_seeds
family2_full_microbiome_clr_raw_env,With CLR,classification,C_environment_microbiome,pysr,B400_Dyadobacter,0.0006666666666666,100,1,complete_100_seeds
family2_full_microbiome_clr_raw_env,With CLR,classification,C_environment_microbiome,pysr,B401_Thalassolituus,0.0013333333333333,100,2,complete_100_seeds
family2_full_microbiome_clr_raw_env,With CLR,classification,C_environment_microbiome,pysr,B402_Ruegeria,0.0073333333333333,100,10,complete_100_seeds
family2_full_microbiome_clr_raw_env,With CLR,classification,C_environment_microbiome,pysr,B403_Solitalea,0.0146666666666666,100,21,complete_100_seeds
family2_full_microbiome_clr_raw_env,With CLR,classification,C_environment_microbiome,pysr,B404_Asticcacaulis,0.0033333333333333,100,5,complete_100_seeds
family2_full_microbiome_clr_raw_env,With CLR,classification,C_environment_microbiome,pysr,B405_Unclassified_Genus95,0.0006666666666666,100,1,complete_100_seeds
family2_full_microbiome_clr_raw_env,With CLR,classification,C_environment_microbiome,pysr,B406_Reichenbachiella,0.0006666666666666,100,1,complete_100_seeds
family2_full_microbiome_clr_raw_env,With CLR,classification,C_environment_microbiome,pysr,B407_Unclassified_Genus96,0.004,100,6,complete_100_seeds
family2_full_microbiome_clr_raw_env,With CLR,classification,C_environment_microbiome,pysr,B408_Unclassified_Genus97,0.0013333333333333,100,2,complete_100_seeds
family2_full_microbiome_clr_raw_env,With CLR,classification,C_environment_microbiome,pysr,B409_Chryseolinea,0.002,100,3,complete_100_seeds
family2_full_microbiome_clr_raw_env,With CLR,classification,C_environment_microbiome,pysr,B40_Pseudohongiella,0.0006666666666666,100,1,complete_100_seeds
family2_full_microbiome_clr_raw_env,With CLR,classification,C_environment_microbiome,pysr,B410_Unclassified_Genus98,0.0013333333333333,100,2,complete_100_seeds
family2_full_microbiome_clr_raw_env,With CLR,classification,C_environment_microbiome,pysr,B411_Unclassified_Genus99,0.0066666666666666,100,9,complete_100_seeds
family2_full_microbiome_clr_raw_env,With CLR,classification,C_environment_microbiome,pysr,B413_Ahniella,0.0013333333333333,100,2,complete_100_seeds
family2_full_microbiome_clr_raw_env,With CLR,classification,C_environment_microbiome,pysr,B414_Hyphomonas,0.002,100,3,complete_100_seeds
family2_full_microbiome_clr_raw_env,With CLR,classification,C_environment_microbiome,pysr,B415_Candidatus_Udaeobacter,0.002,100,3,complete_100_seeds
family2_full_microbiome_clr_raw_env,With CLR,classification,C_environment_microbiome,pysr,B417_Unclassified_Genus100,0.0006666666666666,100,1,complete_100_seeds
family2_full_microbiome_clr_raw_env,With CLR,classification,C_environment_microbiome,pysr,B418_Unclassified_Genus101,0.0006666666666666,100,1,complete_100_seeds
family2_full_microbiome_clr_raw_env,With CLR,classification,C_environment_microbiome,pysr,B41_Staphylococcus,0.0146666666666666,100,18,complete_100_seeds
family2_full_microbiome_clr_raw_env,With CLR,classification,C_environment_microbiome,pysr,B420_Phenylobacterium,0.0006666666666666,100,1,complete_100_seeds
family2_full_microbiome_clr_raw_env,With CLR,classification,C_environment_microbiome,pysr,B425_Aridibacter,0.0066666666666666,100,10,complete_100_seeds
family2_full_microbiome_clr_raw_env,With CLR,classification,C_environment_microbiome,pysr,B427_Unclassified_Genus104,0.0013333333333333,100,2,complete_100_seeds
family2_full_microbiome_clr_raw_env,With CLR,classification,C_environment_microbiome,pysr,B428_Kaistia,0.0006666666666666,100,1,complete_100_seeds
family2_full_microbiome_clr_raw_env,With CLR,classification,C_environment_microbiome,pysr,B429_Christensenellaceae_R_7_group,0.0006666666666666,100,1,complete_100_seeds
family2_full_microbiome_clr_raw_env,With CLR,classification,C_environment_microbiome,pysr,B42_Aquitalea,0.02,100,21,complete_100_seeds
family2_full_microbiome_clr_raw_env,With CLR,classification,C_environment_microbiome,pysr,B430_Parasegetibacter,0.0006666666666666,100,1,complete_100_seeds
family2_full_microbiome_clr_raw_env,With CLR,classification,C_environment_microbiome,pysr,B431_Unclassified_Genus105,0.006,100,9,complete_100_seeds
family2_full_microbiome_clr_raw_env,With CLR,classification,C_environment_microbiome,pysr,B433_Candidatus_Xiphinematobacter,0.0006666666666666,100,1,complete_100_seeds
family2_full_microbiome_clr_raw_env,With CLR,classification,C_environment_microbiome,pysr,B434_UTBCD1,0.0026666666666666,100,4,complete_100_seeds
family2_full_microbiome_clr_raw_env,With CLR,classification,C_environment_microbiome,pysr,B435_Flavimaricola,0.0006666666666666,100,1,complete_100_seeds
family2_full_microbiome_clr_raw_env,With CLR,classification,C_environment_microbiome,pysr,B437_Unclassified_Genus107,0.0013333333333333,100,2,complete_100_seeds
family2_full_microbiome_clr_raw_env,With CLR,classification,C_environment_microbiome,pysr,B438_CL500_3,0.002,100,3,complete_100_seeds
family2_full_microbiome_clr_raw_env,With CLR,classification,C_environment_microbiome,pysr,B439_Unclassified_Genus108,0.0006666666666666,100,1,complete_100_seeds
family2_full_microbiome_clr_raw_env,With CLR,classification,C_environment_microbiome,pysr,B43_Glaciecola,0.0053333333333333,100,8,complete_100_seeds
family2_full_microbiome_clr_raw_env,With CLR,classification,C_environment_microbiome,pysr,B440_Sanguibacter,0.0006666666666666,100,1,complete_100_seeds
family2_full_microbiome_clr_raw_env,With CLR,classification,C_environment_microbiome,pysr,B441_Unclassified_Genus109,0.0013333333333333,100,2,complete_100_seeds
family2_full_microbiome_clr_raw_env,With CLR,classification,C_environment_microbiome,pysr,B443_Unclassified_Genus110,0.002,100,3,complete_100_seeds
family2_full_microbiome_clr_raw_env,With CLR,classification,C_environment_microbiome,pysr,B444_Candidatus_Solibacter,0.0006666666666666,100,1,complete_100_seeds
family2_full_microbiome_clr_raw_env,With CLR,classification,C_environment_microbiome,pysr,B447_Unclassified_Genus112,0.0086666666666666,100,12,complete_100_seeds
family2_full_microbiome_clr_raw_env,With CLR,classification,C_environment_microbiome,pysr,B448_Rhodoplanes,0.0006666666666666,100,1,complete_100_seeds
family2_full_microbiome_clr_raw_env,With CLR,classification,C_environment_microbiome,pysr,B449_Unclassified_Genus113,0.008,100,12,complete_100_seeds
family2_full_microbiome_clr_raw_env,With CLR,classification,C_environment_microbiome,pysr,B44_Clostridium_sensu_stricto_10,0.0006666666666666,100,1,complete_100_seeds
family2_full_microbiome_clr_raw_env,With CLR,classification,C_environment_microbiome,pysr,B450_Cm1_21,0.0006666666666666,100,1,complete_100_seeds
family2_full_microbiome_clr_raw_env,With CLR,classification,C_environment_microbiome,pysr,B451_Undibacterium,0.026,100,34,complete_100_seeds
family2_full_microbiome_clr_raw_env,With CLR,classification,C_environment_microbiome,pysr,B452_Unclassified_Genus114,0.0006666666666666,100,1,complete_100_seeds
family2_full_microbiome_clr_raw_env,With CLR,classification,C_environment_microbiome,pysr,B456_Candidatus_Nitrotoga,0.006,100,8,complete_100_seeds
family2_full_microbiome_clr_raw_env,With CLR,classification,C_environment_microbiome,pysr,B457_SZB85,0.0006666666666666,100,1,complete_100_seeds
family2_full_microbiome_clr_raw_env,With CLR,classification,C_environment_microbiome,pysr,B458_Unclassified_Genus117,0.0013333333333333,100,2,complete_100_seeds
family2_full_microbiome_clr_raw_env,With CLR,classification,C_environment_microbiome,pysr,B459_Unclassified_Genus118,0.0026666666666666,100,4,complete_100_seeds
family2_full_microbiome_clr_raw_env,With CLR,classification,C_environment_microbiome,pysr,B45_Pseudoalteromonas,0.0013333333333333,100,2,complete_100_seeds
family2_full_microbiome_clr_raw_env,With CLR,classification,C_environment_microbiome,pysr,B460_Belnapia,0.0166666666666666,100,21,complete_100_seeds
family2_full_microbiome_clr_raw_env,With CLR,classification,C_environment_microbiome,pysr,B461_Lutibacter,0.0006666666666666,100,1,complete_100_seeds
family2_full_microbiome_clr_raw_env,With CLR,classification,C_environment_microbiome,pysr,B463_Noviherbaspirillum,0.0033333333333333,100,5,complete_100_seeds
family2_full_microbiome_clr_raw_env,With CLR,classification,C_environment_microbiome,pysr,B465_Halobacillus,0.0033333333333333,100,4,complete_100_seeds
family2_full_microbiome_clr_raw_env,With CLR,classification,C_environment_microbiome,pysr,B467_Pontibacillus,0.006,100,9,complete_100_seeds
family2_full_microbiome_clr_raw_env,With CLR,classification,C_environment_microbiome,pysr,B469_Ulvibacter,0.0013333333333333,100,2,complete_100_seeds
family2_full_microbiome_clr_raw_env,With CLR,classification,C_environment_microbiome,pysr,B46_Bradyrhizobium,0.002,100,3,complete_100_seeds
family2_full_microbiome_clr_raw_env,With CLR,classification,C_environment_microbiome,pysr,B470_Rheinheimera,0.01,100,15,complete_100_seeds
family2_full_microbiome_clr_raw_env,With CLR,classification,C_environment_microbiome,pysr,B471_Geodermatophilus,0.0033333333333333,100,5,complete_100_seeds
family2_full_microbiome_clr_raw_env,With CLR,classification,C_environment_microbiome,pysr,B472_Methylocella,0.0006666666666666,100,1,complete_100_seeds
family2_full_microbiome_clr_raw_env,With CLR,classification,C_environment_microbiome,pysr,B473_Ramlibacter,0.0006666666666666,100,1,complete_100_seeds
family2_full_microbiome_clr_raw_env,With CLR,classification,C_environment_microbiome,pysr,B474_Unclassified_Genus122,0.0013333333333333,100,2,complete_100_seeds
family2_full_microbiome_clr_raw_env,With CLR,classification,C_environment_microbiome,pysr,B475_Taeseokella,0.006,100,7,complete_100_seeds
family2_full_microbiome_clr_raw_env,With CLR,classification,C_environment_microbiome,pysr,B478_Nitratireductor,0.0033333333333333,100,5,complete_100_seeds
family2_full_microbiome_clr_raw_env,With CLR,classification,C_environment_microbiome,pysr,B480_Runella,0.03,100,40,complete_100_seeds
family2_full_microbiome_clr_raw_env,With CLR,classification,C_environment_microbiome,pysr,B482_Unclassified_Genus124,0.0013333333333333,100,2,complete_100_seeds
family2_full_microbiome_clr_raw_env,With CLR,classification,C_environment_microbiome,pysr,B484_Defluviimonas,0.0126666666666666,100,16,complete_100_seeds
family2_full_microbiome_clr_raw_env,With CLR,classification,C_environment_microbiome,pysr,B485_Neochlamydia,0.322,100,100,complete_100_seeds
family2_full_microbiome_clr_raw_env,With CLR,classification,C_environment_microbiome,pysr,B486_Brevibacillus,0.0246666666666666,100,33,complete_100_seeds
family2_full_microbiome_clr_raw_env,With CLR,classification,C_environment_microbiome,pysr,B487_Unclassified_Genus125,0.0086666666666666,100,12,complete_100_seeds
family2_full_microbiome_clr_raw_env,With CLR,classification,C_environment_microbiome,pysr,B488_Nevskia,0.0013333333333333,100,2,complete_100_seeds
family2_full_microbiome_clr_raw_env,With CLR,classification,C_environment_microbiome,pysr,B48_Acinetobacter,0.0006666666666666,100,1,complete_100_seeds
family2_full_microbiome_clr_raw_env,With CLR,classification,C_environment_microbiome,pysr,B492_Unclassified_Genus128,0.0006666666666666,100,1,complete_100_seeds
family2_full_microbiome_clr_raw_env,With CLR,classification,C_environment_microbiome,pysr,B493_Jatrophihabitans,0.0033333333333333,100,5,complete_100_seeds
family2_full_microbiome_clr_raw_env,With CLR,classification,C_environment_microbiome,pysr,B494_Sediminibacterium,0.0033333333333333,100,5,complete_100_seeds
family2_full_microbiome_clr_raw_env,With CLR,classification,C_environment_microbiome,pysr,B495_Flavisolibacter,0.0006666666666666,100,1,complete_100_seeds
family2_full_microbiome_clr_raw_env,With CLR,classification,C_environment_microbiome,pysr,B496_Candidatus_Thiobios,0.0006666666666666,100,1,complete_100_seeds
family2_full_microbiome_clr_raw_env,With CLR,classification,C_environment_microbiome,pysr,B498_Unclassified_Genus130,0.0066666666666666,100,10,complete_100_seeds
family2_full_microbiome_clr_raw_env,With CLR,classification,C_environment_microbiome,pysr,B499_Chthoniobacter,0.0013333333333333,100,2,complete_100_seeds
family2_full_microbiome_clr_raw_env,With CLR,classification,C_environment_microbiome,pysr,B4_Romboutsia,0.0026666666666666,100,3,complete_100_seeds
family2_full_microbiome_clr_raw_env,With CLR,classification,C_environment_microbiome,pysr,B500_Granulicella,0.0026666666666666,100,4,complete_100_seeds
family2_full_microbiome_clr_raw_env,With CLR,classification,C_environment_microbiome,pysr,B501_Unclassified_Genus131,0.0006666666666666,100,1,complete_100_seeds
family2_full_microbiome_clr_raw_env,With CLR,classification,C_environment_microbiome,pysr,B502_Anderseniella,0.0006666666666666,100,1,complete_100_seeds
family2_full_microbiome_clr_raw_env,With CLR,classification,C_environment_microbiome,pysr,B503_Gemmatimonas,0.0046666666666666,100,7,complete_100_seeds
family2_full_microbiome_clr_raw_env,With CLR,classification,C_environment_microbiome,pysr,B507_Unclassified_Genus133,0.006,100,9,complete_100_seeds
family2_full_microbiome_clr_raw_env,With CLR,classification,C_environment_microbiome,pysr,B509_Unclassified_Genus134,0.0006666666666666,100,1,complete_100_seeds
family2_full_microbiome_clr_raw_env,With CLR,classification,C_environment_microbiome,pysr,B50_Ilumatobacter,0.0033333333333333,100,5,complete_100_seeds
family2_full_microbiome_clr_raw_env,With CLR,classification,C_environment_microbiome,pysr,B511_Cellvibrio,0.002,100,3,complete_100_seeds
family2_full_microbiome_clr_raw_env,With CLR,classification,C_environment_microbiome,pysr,B514_Unclassified_Genus137,0.0013333333333333,100,2,complete_100_seeds
family2_full_microbiome_clr_raw_env,With CLR,classification,C_environment_microbiome,pysr,B515_Dechloromonas,0.0026666666666666,100,4,complete_100_seeds
family2_full_microbiome_clr_raw_env,With CLR,classification,C_environment_microbiome,pysr,B516_Perlucidibaca,0.0013333333333333,100,2,complete_100_seeds
family2_full_microbiome_clr_raw_env,With CLR,classification,C_environment_microbiome,pysr,B517_Unclassified_Genus138,0.002,100,3,complete_100_seeds
family2_full_microbiome_clr_raw_env,With CLR,classification,C_environment_microbiome,pysr,B518_Unclassified_Genus140,0.0073333333333333,100,11,complete_100_seeds
family2_full_microbiome_clr_raw_env,With CLR,classification,C_environment_microbiome,pysr,B519_Tardiphaga,0.004,100,6,complete_100_seeds
family2_full_microbiome_clr_raw_env,With CLR,classification,C_environment_microbiome,pysr,B51_Sulfitobacter,0.0013333333333333,100,2,complete_100_seeds
family2_full_microbiome_clr_raw_env,With CLR,classification,C_environment_microbiome,pysr,B520_Unclassified_Genus141,0.002,100,3,complete_100_seeds
family2_full_microbiome_clr_raw_env,With CLR,classification,C_environment_microbiome,pysr,B521_Candidatus_Koribacter,0.0013333333333333,100,2,complete_100_seeds
family2_full_microbiome_clr_raw_env,With CLR,classification,C_environment_microbiome,pysr,B522_Unclassified_Genus142,0.0013333333333333,100,2,complete_100_seeds
family2_full_microbiome_clr_raw_env,With CLR,classification,C_environment_microbiome,pysr,B523_Rhodopseudomonas,0.0013333333333333,100,2,complete_100_seeds
family2_full_microbiome_clr_raw_env,With CLR,classification,C_environment_microbiome,pysr,B525_Labrys,0.0126666666666666,100,18,complete_100_seeds
family2_full_microbiome_clr_raw_env,With CLR,classification,C_environment_microbiome,pysr,B529_Hoppeia,0.004,100,6,complete_100_seeds
family2_full_microbiome_clr_raw_env,With CLR,classification,C_environment_microbiome,pysr,B530_Actibacter,0.002,100,3,complete_100_seeds
family2_full_microbiome_clr_raw_env,With CLR,classification,C_environment_microbiome,pysr,B532_WCHB1_32,0.004,100,6,complete_100_seeds
family2_full_microbiome_clr_raw_env,With CLR,classification,C_environment_microbiome,pysr,B534_Unclassified_Genus144,0.016,100,19,complete_100_seeds
family2_full_microbiome_clr_raw_env,With CLR,classification,C_environment_microbiome,pysr,B536_Unclassified_Genus145,0.0006666666666666,100,1,complete_100_seeds
family2_full_microbiome_clr_raw_env,With CLR,classification,C_environment_microbiome,pysr,B539_Steroidobacter,0.0006666666666666,100,1,complete_100_seeds
family2_full_microbiome_clr_raw_env,With CLR,classification,C_environment_microbiome,pysr,B540_Cereibacter,0.0033333333333333,100,5,complete_100_seeds
family2_full_microbiome_clr_raw_env,With CLR,classification,C_environment_microbiome,pysr,B542_Anaerosinus,0.0006666666666666,100,1,complete_100_seeds
family2_full_microbiome_clr_raw_env,With CLR,classification,C_environment_microbiome,pysr,B543_Unclassified_Genus147,0.0346666666666666,100,41,complete_100_seeds
family2_full_microbiome_clr_raw_env,With CLR,classification,C_environment_microbiome,pysr,B545_Unclassified_Genus149,0.0006666666666666,100,1,complete_100_seeds
family2_full_microbiome_clr_raw_env,With CLR,classification,C_environment_microbiome,pysr,B548_Unclassified_Genus150,0.0346666666666666,100,41,complete_100_seeds
family2_full_microbiome_clr_raw_env,With CLR,classification,C_environment_microbiome,pysr,B549_Unclassified_Genus151,0.0006666666666666,100,1,complete_100_seeds
family2_full_microbiome_clr_raw_env,With CLR,classification,C_environment_microbiome,pysr,B54_Paenisporosarcina,0.0026666666666666,100,4,complete_100_seeds
family2_full_microbiome_clr_raw_env,With CLR,classification,C_environment_microbiome,pysr,B550_Unclassified_Genus152,0.0006666666666666,100,1,complete_100_seeds
family2_full_microbiome_clr_raw_env,With CLR,classification,C_environment_microbiome,pysr,B551_Blastomonas,0.0013333333333333,100,2,complete_100_seeds
family2_full_microbiome_clr_raw_env,With CLR,classification,C_environment_microbiome,pysr,B553_Unclassified_Genus154,0.0046666666666666,100,7,complete_100_seeds
family2_full_microbiome_clr_raw_env,With CLR,classification,C_environment_microbiome,pysr,B555_Puia,0.0126666666666666,100,19,complete_100_seeds
family2_full_microbiome_clr_raw_env,With CLR,classification,C_environment_microbiome,pysr,B556_mle1_7,0.0006666666666666,100,1,complete_100_seeds
family2_full_microbiome_clr_raw_env,With CLR,classification,C_environment_microbiome,pysr,B559_MM2,0.0013333333333333,100,2,complete_100_seeds
family2_full_microbiome_clr_raw_env,With CLR,classification,C_environment_microbiome,pysr,B55_Vibrio,0.0026666666666666,100,4,complete_100_seeds
family2_full_microbiome_clr_raw_env,With CLR,classification,C_environment_microbiome,pysr,B563_P3O42,0.0046666666666666,100,7,complete_100_seeds
family2_full_microbiome_clr_raw_env,With CLR,classification,C_environment_microbiome,pysr,B564_Croceicoccus,0.002,100,3,complete_100_seeds
family2_full_microbiome_clr_raw_env,With CLR,classification,C_environment_microbiome,pysr,B566_Palleronia_Pseudomaribius,0.0013333333333333,100,2,complete_100_seeds
family2_full_microbiome_clr_raw_env,With CLR,classification,C_environment_microbiome,pysr,B567_Wenxinia,0.0066666666666666,100,10,complete_100_seeds
family2_full_microbiome_clr_raw_env,With CLR,classification,C_environment_microbiome,pysr,B572_Actinoallomurus,0.0006666666666666,100,1,complete_100_seeds
family2_full_microbiome_clr_raw_env,With CLR,classification,C_environment_microbiome,pysr,B573_Occallatibacter,0.0006666666666666,100,1,complete_100_seeds
family2_full_microbiome_clr_raw_env,With CLR,classification,C_environment_microbiome,pysr,B577_Phaeodactylibacter,0.002,100,3,complete_100_seeds
family2_full_microbiome_clr_raw_env,With CLR,classification,C_environment_microbiome,pysr,B578_Afipia,0.0046666666666666,100,7,complete_100_seeds
family2_full_microbiome_clr_raw_env,With CLR,classification,C_environment_microbiome,pysr,B57_Kocuria,0.0013333333333333,100,2,complete_100_seeds
family2_full_microbiome_clr_raw_env,With CLR,classification,C_environment_microbiome,pysr,B580_Candidatus_Entotheonella,0.004,100,5,complete_100_seeds
family2_full_microbiome_clr_raw_env,With CLR,classification,C_environment_microbiome,pysr,B581_Kitasatospora,0.0053333333333333,100,8,complete_100_seeds
family2_full_microbiome_clr_raw_env,With CLR,classification,C_environment_microbiome,pysr,B582_Unclassified_Genus162,0.0106666666666666,100,16,complete_100_seeds
family2_full_microbiome_clr_raw_env,With CLR,classification,C_environment_microbiome,pysr,B584_Fibrella,0.0026666666666666,100,4,complete_100_seeds
family2_full_microbiome_clr_raw_env,With CLR,classification,C_environment_microbiome,pysr,B585_Psychroglaciecola,0.0006666666666666,100,1,complete_100_seeds
family2_full_microbiome_clr_raw_env,With CLR,classification,C_environment_microbiome,pysr,B586_Lapillicoccus,0.0066666666666666,100,10,complete_100_seeds
family2_full_microbiome_clr_raw_env,With CLR,classification,C_environment_microbiome,pysr,B587_Unclassified_Genus164,0.0006666666666666,100,1,complete_100_seeds
family2_full_microbiome_clr_raw_env,With CLR,classification,C_environment_microbiome,pysr,B58_Agromyces,0.0013333333333333,100,2,complete_100_seeds
family2_full_microbiome_clr_raw_env,With CLR,classification,C_environment_microbiome,pysr,B590_Unclassified_Genus165,0.002,100,3,complete_100_seeds
family2_full_microbiome_clr_raw_env,With CLR,classification,C_environment_microbiome,pysr,B591_Prosthecomicrobium,0.0033333333333333,100,5,complete_100_seeds
family2_full_microbiome_clr_raw_env,With CLR,classification,C_environment_microbiome,pysr,B592_Unclassified_Genus166,0.002,100,3,complete_100_seeds
family2_full_microbiome_clr_raw_env,With CLR,classification,C_environment_microbiome,pysr,B593_Plot4_2H12,0.0006666666666666,100,1,complete_100_seeds
family2_full_microbiome_clr_raw_env,With CLR,classification,C_environment_microbiome,pysr,B594_Unclassified_Genus167,0.002,100,3,complete_100_seeds
family2_full_microbiome_clr_raw_env,With CLR,classification,C_environment_microbiome,pysr,B595_Unclassified_Genus168,0.004,100,6,complete_100_seeds
family2_full_microbiome_clr_raw_env,With CLR,classification,C_environment_microbiome,pysr,B598_Flavitalea,0.0006666666666666,100,1,complete_100_seeds
family2_full_microbiome_clr_raw_env,With CLR,classification,C_environment_microbiome,pysr,B599_Geobacter,0.002,100,3,complete_100_seeds
family2_full_microbiome_clr_raw_env,With CLR,classification,C_environment_microbiome,pysr,B5_Neisseria,0.0013333333333333,100,2,complete_100_seeds
family2_full_microbiome_clr_raw_env,With CLR,classification,C_environment_microbiome,pysr,B601_Caryophanon,0.0006666666666666,100,1,complete_100_seeds
family2_full_microbiome_clr_raw_env,With CLR,classification,C_environment_microbiome,pysr,B602_Unclassified_Genus171,0.0006666666666666,100,1,complete_100_seeds
family2_full_microbiome_clr_raw_env,With CLR,classification,C_environment_microbiome,pysr,B603_Nitrosospira,0.0053333333333333,100,8,complete_100_seeds
family2_full_microbiome_clr_raw_env,With CLR,classification,C_environment_microbiome,pysr,B604_Unclassified_Genus172,0.0006666666666666,100,1,complete_100_seeds
family2_full_microbiome_clr_raw_env,With CLR,classification,C_environment_microbiome,pysr,B606_Sulfurifustis,0.0066666666666666,100,10,complete_100_seeds
family2_full_microbiome_clr_raw_env,With CLR,classification,C_environment_microbiome,pysr,B609_Unclassified_Genus175,0.012,100,16,complete_100_seeds
family2_full_microbiome_clr_raw_env,With CLR,classification,C_environment_microbiome,pysr,B60_Unclassified_Genus5,0.002,100,3,complete_100_seeds
family2_full_microbiome_clr_raw_env,With CLR,classification,C_environment_microbiome,pysr,B610_Unclassified_Genus176,0.002,100,3,complete_100_seeds
family2_full_microbiome_clr_raw_env,With CLR,classification,C_environment_microbiome,pysr,B611_Unclassified_Genus177,0.004,100,6,complete_100_seeds
family2_full_microbiome_clr_raw_env,With CLR,classification,C_environment_microbiome,pysr,B613_Unclassified_Genus179,0.0006666666666666,100,1,complete_100_seeds
family2_full_microbiome_clr_raw_env,With CLR,classification,C_environment_microbiome,pysr,B614_Acidibacter,0.0013333333333333,100,2,complete_100_seeds
family2_full_microbiome_clr_raw_env,With CLR,classification,C_environment_microbiome,pysr,B615_Candidatus_Berkiella,0.0033333333333333,100,5,complete_100_seeds
family2_full_microbiome_clr_raw_env,With CLR,classification,C_environment_microbiome,pysr,B616_Pseudofulvibacter,0.046,100,50,complete_100_seeds
family2_full_microbiome_clr_raw_env,With CLR,classification,C_environment_microbiome,pysr,B618_Cobetia,0.002,100,3,complete_100_seeds
family2_full_microbiome_clr_raw_env,With CLR,classification,C_environment_microbiome,pysr,B619_hgcI_clade,0.0106666666666666,100,16,complete_100_seeds
family2_full_microbiome_clr_raw_env,With CLR,classification,C_environment_microbiome,pysr,B61_Sediminicola,0.002,100,3,complete_100_seeds
family2_full_microbiome_clr_raw_env,With CLR,classification,C_environment_microbiome,pysr,B621_Unclassified_Genus181,0.0013333333333333,100,2,complete_100_seeds
family2_full_microbiome_clr_raw_env,With CLR,classification,C_environment_microbiome,pysr,B623_Rurimicrobium,0.0006666666666666,100,1,complete_100_seeds
family2_full_microbiome_clr_raw_env,With CLR,classification,C_environment_microbiome,pysr,B624_Oryzihumus,0.0026666666666666,100,4,complete_100_seeds
family2_full_microbiome_clr_raw_env,With CLR,classification,C_environment_microbiome,pysr,B625_Citrifermentans,0.0006666666666666,100,1,complete_100_seeds
family2_full_microbiome_clr_raw_env,With CLR,classification,C_environment_microbiome,pysr,B628_Archangium,0.0173333333333333,100,23,complete_100_seeds
family2_full_microbiome_clr_raw_env,With CLR,classification,C_environment_microbiome,pysr,B629_Desulfuromonas,0.0006666666666666,100,1,complete_100_seeds
family2_full_microbiome_clr_raw_env,With CLR,classification,C_environment_microbiome,pysr,B62_Unclassified_Genus6,0.0139999999999999,100,20,complete_100_seeds
family2_full_microbiome_clr_raw_env,With CLR,classification,C_environment_microbiome,pysr,B631_Unclassified_Genus184,0.0013333333333333,100,2,complete_100_seeds
family2_full_microbiome_clr_raw_env,With CLR,classification,C_environment_microbiome,pysr,B633_Unclassified_Genus185,0.0046666666666666,100,7,complete_100_seeds
family2_full_microbiome_clr_raw_env,With CLR,classification,C_environment_microbiome,pysr,B636_Subgroup_10,0.0006666666666666,100,1,complete_100_seeds
family2_full_microbiome_clr_raw_env,With CLR,classification,C_environment_microbiome,pysr,B638_Desulfobulbus,0.006,100,8,complete_100_seeds
family2_full_microbiome_clr_raw_env,With CLR,classification,C_environment_microbiome,pysr,B639_Ruminiclostridium,0.0006666666666666,100,1,complete_100_seeds
family2_full_microbiome_clr_raw_env,With CLR,classification,C_environment_microbiome,pysr,B641_Unclassified_Genus189,0.002,100,3,complete_100_seeds
family2_full_microbiome_clr_raw_env,With CLR,classification,C_environment_microbiome,pysr,B642_Luedemannella,0.0006666666666666,100,1,complete_100_seeds
family2_full_microbiome_clr_raw_env,With CLR,classification,C_environment_microbiome,pysr,B643_Pseudaminobacter,0.0006666666666666,100,1,complete_100_seeds
family2_full_microbiome_clr_raw_env,With CLR,classification,C_environment_microbiome,pysr,B646_Candidatus_Protochlamydia,0.002,100,3,complete_100_seeds
family2_full_microbiome_clr_raw_env,With CLR,classification,C_environment_microbiome,pysr,B649_OLB8,0.0013333333333333,100,2,complete_100_seeds
family2_full_microbiome_clr_raw_env,With CLR,classification,C_environment_microbiome,pysr,B651_Unclassified_Genus195,0.002,100,3,complete_100_seeds
family2_full_microbiome_clr_raw_env,With CLR,classification,C_environment_microbiome,pysr,B652_Unclassified_Genus196,0.0026666666666666,100,4,complete_100_seeds
family2_full_microbiome_clr_raw_env,With CLR,classification,C_environment_microbiome,pysr,B653_Unclassified_Genus198,0.0006666666666666,100,1,complete_100_seeds
family2_full_microbiome_clr_raw_env,With CLR,classification,C_environment_microbiome,pysr,B654_Unclassified_Genus199,0.0006666666666666,100,1,complete_100_seeds
family2_full_microbiome_clr_raw_env,With CLR,classification,C_environment_microbiome,pysr,B656_Subtercola,0.0006666666666666,100,1,complete_100_seeds
family2_full_microbiome_clr_raw_env,With CLR,classification,C_environment_microbiome,pysr,B659_Anaeromyxobacter,0.016,100,21,complete_100_seeds
family2_full_microbiome_clr_raw_env,With CLR,classification,C_environment_microbiome,pysr,B65_Thermoanaerobacterium,0.0026666666666666,100,4,complete_100_seeds
family2_full_microbiome_clr_raw_env,With CLR,classification,C_environment_microbiome,pysr,B660_IS_44,0.0013333333333333,100,2,complete_100_seeds
family2_full_microbiome_clr_raw_env,With CLR,classification,C_environment_microbiome,pysr,B662_Ferribacterium,0.0006666666666666,100,1,complete_100_seeds
family2_full_microbiome_clr_raw_env,With CLR,classification,C_environment_microbiome,pysr,B664_Unclassified_Genus208,0.0026666666666666,100,4,complete_100_seeds
family2_full_microbiome_clr_raw_env,With CLR,classification,C_environment_microbiome,pysr,B666_Edaphobacter,0.0006666666666666,100,1,complete_100_seeds
family2_full_microbiome_clr_raw_env,With CLR,classification,C_environment_microbiome,pysr,B667_Unclassified_Genus211,0.002,100,3,complete_100_seeds
family2_full_microbiome_clr_raw_env,With CLR,classification,C_environment_microbiome,pysr,B668_Anaerolinea,0.002,100,3,complete_100_seeds
family2_full_microbiome_clr_raw_env,With CLR,classification,C_environment_microbiome,pysr,B669_Aquisphaera,0.0026666666666666,100,4,complete_100_seeds
family2_full_microbiome_clr_raw_env,With CLR,classification,C_environment_microbiome,pysr,B670_Actinoplanes,0.0013333333333333,100,2,complete_100_seeds
family2_full_microbiome_clr_raw_env,With CLR,classification,C_environment_microbiome,pysr,B671_Rhodanobacter,0.0006666666666666,100,1,complete_100_seeds
family2_full_microbiome_clr_raw_env,With CLR,classification,C_environment_microbiome,pysr,B672_Desulfosporosinus,0.008,100,12,complete_100_seeds
family2_full_microbiome_clr_raw_env,With CLR,classification,C_environment_microbiome,pysr,B673_Unclassified_Genus221,0.0066666666666666,100,9,complete_100_seeds
family2_full_microbiome_clr_raw_env,With CLR,classification,C_environment_microbiome,pysr,B674_Actinopolymorpha,0.0006666666666666,100,1,complete_100_seeds
family2_full_microbiome_clr_raw_env,With CLR,classification,C_environment_microbiome,pysr,B675_Amnibacterium,0.004,100,5,complete_100_seeds
family2_full_microbiome_clr_raw_env,With CLR,classification,C_environment_microbiome,pysr,B67_Zhongshania,0.0006666666666666,100,1,complete_100_seeds
family2_full_microbiome_clr_raw_env,With CLR,classification,C_environment_microbiome,pysr,B69_Oleibacter,0.0013333333333333,100,2,complete_100_seeds
family2_full_microbiome_clr_raw_env,With CLR,classification,C_environment_microbiome,pysr,B6_Pacificibacter,0.0066666666666666,100,10,complete_100_seeds
family2_full_microbiome_clr_raw_env,With CLR,classification,C_environment_microbiome,pysr,B70_Marinomonas,0.0113333333333333,100,16,complete_100_seeds
family2_full_microbiome_clr_raw_env,With CLR,classification,C_environment_microbiome,pysr,B71_Brevundimonas,0.0006666666666666,100,1,complete_100_seeds
family2_full_microbiome_clr_raw_env,With CLR,classification,C_environment_microbiome,pysr,B77_GKS98_freshwater_group,0.0013333333333333,100,2,complete_100_seeds
family2_full_microbiome_clr_raw_env,With CLR,classification,C_environment_microbiome,pysr,B78_Filomicrobium,0.002,100,3,complete_100_seeds
family2_full_microbiome_clr_raw_env,With CLR,classification,C_environment_microbiome,pysr,B80_Caulobacter,0.004,100,6,complete_100_seeds
family2_full_microbiome_clr_raw_env,With CLR,classification,C_environment_microbiome,pysr,B81_Unclassified_Genus7,0.0026666666666666,100,4,complete_100_seeds
family2_full_microbiome_clr_raw_env,With CLR,classification,C_environment_microbiome,pysr,B82_OM43_clade,0.0006666666666666,100,1,complete_100_seeds
family2_full_microbiome_clr_raw_env,With CLR,classification,C_environment_microbiome,pysr,B83_Unclassified_Genus8,0.0006666666666666,100,1,complete_100_seeds
family2_full_microbiome_clr_raw_env,With CLR,classification,C_environment_microbiome,pysr,B84_Tateyamaria,0.0006666666666666,100,1,complete_100_seeds
family2_full_microbiome_clr_raw_env,With CLR,classification,C_environment_microbiome,pysr,B85_Paenarthrobacter,0.0033333333333333,100,4,complete_100_seeds
family2_full_microbiome_clr_raw_env,With CLR,classification,C_environment_microbiome,pysr,B86_Rummeliibacillus,0.0046666666666666,100,7,complete_100_seeds
family2_full_microbiome_clr_raw_env,With CLR,classification,C_environment_microbiome,pysr,B88_Aeromonas,0.0033333333333333,100,5,complete_100_seeds
family2_full_microbiome_clr_raw_env,With CLR,classification,C_environment_microbiome,pysr,B89_Giesbergeria,0.0013333333333333,100,2,complete_100_seeds
family2_full_microbiome_clr_raw_env,With CLR,classification,C_environment_microbiome,pysr,B8_Tepidiphilus,0.0013333333333333,100,2,complete_100_seeds
family2_full_microbiome_clr_raw_env,With CLR,classification,C_environment_microbiome,pysr,B93_Zeaxanthinibacter,0.002,100,3,complete_100_seeds
family2_full_microbiome_clr_raw_env,With CLR,classification,C_environment_microbiome,pysr,B94_Mucilaginibacter,0.0013333333333333,100,2,complete_100_seeds
family2_full_microbiome_clr_raw_env,With CLR,classification,C_environment_microbiome,pysr,B97_Psychrobacillus,0.0006666666666666,100,1,complete_100_seeds
family2_full_microbiome_clr_raw_env,With CLR,classification,C_environment_microbiome,pysr,B98_Aquabacterium,0.0013333333333333,100,2,complete_100_seeds
family2_full_microbiome_clr_raw_env,With CLR,classification,C_environment_microbiome,pysr,B99_Pontivivens,0.006,100,9,complete_100_seeds
family2_full_microbiome_clr_raw_env,With CLR,classification,C_environment_microbiome,pysr,B9_Intestinibacter,0.0013333333333333,100,2,complete_100_seeds
family2_full_microbiome_clr_raw_env,With CLR,classification,C_environment_microbiome,pysr,C1_salt,0.0006666666666666,100,1,complete_100_seeds
family2_full_microbiome_clr_raw_env,With CLR,classification,C_environment_microbiome,pysr,C2_fresh,0.0013333333333333,100,2,complete_100_seeds
family2_full_microbiome_clr_raw_env,With CLR,classification,C_environment_microbiome,pysr,F100_Unclassified_Genus17,0.0006666666666666,100,1,complete_100_seeds
family2_full_microbiome_clr_raw_env,With CLR,classification,C_environment_microbiome,pysr,F101_Stachybotrys,0.0073333333333333,100,11,complete_100_seeds
family2_full_microbiome_clr_raw_env,With CLR,classification,C_environment_microbiome,pysr,F102_Roussoella,0.0006666666666666,100,1,complete_100_seeds
family2_full_microbiome_clr_raw_env,With CLR,classification,C_environment_microbiome,pysr,F103_Rhizopogon,0.0013333333333333,100,2,complete_100_seeds
family2_full_microbiome_clr_raw_env,With CLR,classification,C_environment_microbiome,pysr,F105_Pleurophragmium,0.0006666666666666,100,1,complete_100_seeds
family2_full_microbiome_clr_raw_env,With CLR,classification,C_environment_microbiome,pysr,F106_Biatriospora,0.0013333333333333,100,2,complete_100_seeds
family2_full_microbiome_clr_raw_env,With CLR,classification,C_environment_microbiome,pysr,F107_Oidiodendron,0.0013333333333333,100,2,complete_100_seeds
family2_full_microbiome_clr_raw_env,With CLR,classification,C_environment_microbiome,pysr,F108_Pestalotiopsis,0.0006666666666666,100,1,complete_100_seeds
family2_full_microbiome_clr_raw_env,With CLR,classification,C_environment_microbiome,pysr,F10_Boeremia,0.0046666666666666,100,6,complete_100_seeds
family2_full_microbiome_clr_raw_env,With CLR,classification,C_environment_microbiome,pysr,F110_Fusicolla,0.0033333333333333,100,5,complete_100_seeds
family2_full_microbiome_clr_raw_env,With CLR,classification,C_environment_microbiome,pysr,F111_Bimuria,0.0226666666666666,100,28,complete_100_seeds
family2_full_microbiome_clr_raw_env,With CLR,classification,C_environment_microbiome,pysr,F112_Tolypocladium,0.0066666666666666,100,10,complete_100_seeds
family2_full_microbiome_clr_raw_env,With CLR,classification,C_environment_microbiome,pysr,F113_Chloridium,0.0013333333333333,100,2,complete_100_seeds
family2_full_microbiome_clr_raw_env,With CLR,classification,C_environment_microbiome,pysr,F114_Acrostalagmus,0.004,100,6,complete_100_seeds
family2_full_microbiome_clr_raw_env,With CLR,classification,C_environment_microbiome,pysr,F115_Unclassified_Genus18,0.0006666666666666,100,1,complete_100_seeds
family2_full_microbiome_clr_raw_env,With CLR,classification,C_environment_microbiome,pysr,F116_Nectriopsis,0.0026666666666666,100,4,complete_100_seeds
family2_full_microbiome_clr_raw_env,With CLR,classification,C_environment_microbiome,pysr,F117_Humicola,0.0046666666666666,100,7,complete_100_seeds
family2_full_microbiome_clr_raw_env,With CLR,classification,C_environment_microbiome,pysr,F118_Talaromyces,0.0006666666666666,100,1,complete_100_seeds
family2_full_microbiome_clr_raw_env,With CLR,classification,C_environment_microbiome,pysr,F119_Phaeosphaeria,0.0046666666666666,100,6,complete_100_seeds
family2_full_microbiome_clr_raw_env,With CLR,classification,C_environment_microbiome,pysr,F11_Unclassified_Genus,0.0026666666666666,100,4,complete_100_seeds
family2_full_microbiome_clr_raw_env,With CLR,classification,C_environment_microbiome,pysr,F122_Neocucurbitaria,0.008,100,11,complete_100_seeds
family2_full_microbiome_clr_raw_env,With CLR,classification,C_environment_microbiome,pysr,F125_Cordyceps,0.0006666666666666,100,1,complete_100_seeds
family2_full_microbiome_clr_raw_env,With CLR,classification,C_environment_microbiome,pysr,F129_Phialemoniopsis,0.002,100,3,complete_100_seeds
family2_full_microbiome_clr_raw_env,With CLR,classification,C_environment_microbiome,pysr,F12_Claviceps,0.0146666666666666,100,22,complete_100_seeds
family2_full_microbiome_clr_raw_env,With CLR,classification,C_environment_microbiome,pysr,F130_Unclassified_Genus22,0.0006666666666666,100,1,complete_100_seeds
family2_full_microbiome_clr_raw_env,With CLR,classification,C_environment_microbiome,pysr,F131_Lycoperdon,0.0006666666666666,100,1,complete_100_seeds
family2_full_microbiome_clr_raw_env,With CLR,classification,C_environment_microbiome,pysr,F132_Psathyrella,0.008,100,11,complete_100_seeds
family2_full_microbiome_clr_raw_env,With CLR,classification,C_environment_microbiome,pysr,F133_Sclerotinia,0.0033333333333333,100,4,complete_100_seeds
family2_full_microbiome_clr_raw_env,With CLR,classification,C_environment_microbiome,pysr,F134_Phialocephala,0.0053333333333333,100,8,complete_100_seeds
family2_full_microbiome_clr_raw_env,With CLR,classification,C_environment_microbiome,pysr,F135_Unclassified_Genus24,0.0026666666666666,100,4,complete_100_seeds
family2_full_microbiome_clr_raw_env,With CLR,classification,C_environment_microbiome,pysr,F137_Unclassified_Genus26,0.0006666666666666,100,1,complete_100_seeds
family2_full_microbiome_clr_raw_env,With CLR,classification,C_environment_microbiome,pysr,F13_Trametes,0.0026666666666666,100,4,complete_100_seeds
family2_full_microbiome_clr_raw_env,With CLR,classification,C_environment_microbiome,pysr,F140_Didymocyrtis,0.0166666666666666,100,24,complete_100_seeds
family2_full_microbiome_clr_raw_env,With CLR,classification,C_environment_microbiome,pysr,F141_Unclassified_Genus27,0.0433333333333333,100,48,complete_100_seeds
family2_full_microbiome_clr_raw_env,With CLR,classification,C_environment_microbiome,pysr,F142_Pseudocosmospora,0.006,100,8,complete_100_seeds
family2_full_microbiome_clr_raw_env,With CLR,classification,C_environment_microbiome,pysr,F143_Chordomyces,0.022,100,28,complete_100_seeds
family2_full_microbiome_clr_raw_env,With CLR,classification,C_environment_microbiome,pysr,F145_Seimatosporium,0.002,100,3,complete_100_seeds
family2_full_microbiome_clr_raw_env,With CLR,classification,C_environment_microbiome,pysr,F146_Cephalotrichum,0.002,100,3,complete_100_seeds
family2_full_microbiome_clr_raw_env,With CLR,classification,C_environment_microbiome,pysr,F147_Microscypha,0.0013333333333333,100,2,complete_100_seeds
family2_full_microbiome_clr_raw_env,With CLR,classification,C_environment_microbiome,pysr,F148_Diaporthe,0.0013333333333333,100,2,complete_100_seeds
family2_full_microbiome_clr_raw_env,With CLR,classification,C_environment_microbiome,pysr,F149_Lectera,0.0033333333333333,100,5,complete_100_seeds
family2_full_microbiome_clr_raw_env,With CLR,classification,C_environment_microbiome,pysr,F14_Beauveria,0.002,100,3,complete_100_seeds
family2_full_microbiome_clr_raw_env,With CLR,classification,C_environment_microbiome,pysr,F150_Unclassified_Genus29,0.0006666666666666,100,1,complete_100_seeds
family2_full_microbiome_clr_raw_env,With CLR,classification,C_environment_microbiome,pysr,F152_Parapyrenochaeta,0.0106666666666666,100,13,complete_100_seeds
family2_full_microbiome_clr_raw_env,With CLR,classification,C_environment_microbiome,pysr,F153_Volutella,0.002,100,3,complete_100_seeds
family2_full_microbiome_clr_raw_env,With CLR,classification,C_environment_microbiome,pysr,F155_Coniochaeta,0.0006666666666666,100,1,complete_100_seeds
family2_full_microbiome_clr_raw_env,With CLR,classification,C_environment_microbiome,pysr,F156_Torula,0.01,100,14,complete_100_seeds
family2_full_microbiome_clr_raw_env,With CLR,classification,C_environment_microbiome,pysr,F158_Metacordyceps,0.0013333333333333,100,2,complete_100_seeds
family2_full_microbiome_clr_raw_env,With CLR,classification,C_environment_microbiome,pysr,F159_Sampaiozyma,0.074,100,67,complete_100_seeds
family2_full_microbiome_clr_raw_env,With CLR,classification,C_environment_microbiome,pysr,F15_Preussia,0.0026666666666666,100,4,complete_100_seeds
family2_full_microbiome_clr_raw_env,With CLR,classification,C_environment_microbiome,pysr,F161_Westerdykella,0.0053333333333333,100,8,complete_100_seeds
family2_full_microbiome_clr_raw_env,With CLR,classification,C_environment_microbiome,pysr,F164_Setophaeosphaeria,0.0046666666666666,100,7,complete_100_seeds
family2_full_microbiome_clr_raw_env,With CLR,classification,C_environment_microbiome,pysr,F166_Unclassified_Genus32,0.0333333333333333,100,43,complete_100_seeds
family2_full_microbiome_clr_raw_env,With CLR,classification,C_environment_microbiome,pysr,F167_Chaetomium,0.0006666666666666,100,1,complete_100_seeds
family2_full_microbiome_clr_raw_env,With CLR,classification,C_environment_microbiome,pysr,F168_Pholiota,0.002,100,3,complete_100_seeds
family2_full_microbiome_clr_raw_env,With CLR,classification,C_environment_microbiome,pysr,F169_Naganishia,0.0006666666666666,100,1,complete_100_seeds
family2_full_microbiome_clr_raw_env,With CLR,classification,C_environment_microbiome,pysr,F16_Vishniacozyma,0.002,100,3,complete_100_seeds
family2_full_microbiome_clr_raw_env,With CLR,classification,C_environment_microbiome,pysr,F170_Unclassified_Genus33,0.0006666666666666,100,1,complete_100_seeds
family2_full_microbiome_clr_raw_env,With CLR,classification,C_environment_microbiome,pysr,F172_Angustimassarina,0.0033333333333333,100,5,complete_100_seeds
family2_full_microbiome_clr_raw_env,With CLR,classification,C_environment_microbiome,pysr,F174_Unclassified_Genus36,0.0033333333333333,100,5,complete_100_seeds
family2_full_microbiome_clr_raw_env,With CLR,classification,C_environment_microbiome,pysr,F177_Exophiala,0.0066666666666666,100,10,complete_100_seeds
family2_full_microbiome_clr_raw_env,With CLR,classification,C_environment_microbiome,pysr,F179_Nadsonia,0.0006666666666666,100,1,complete_100_seeds
family2_full_microbiome_clr_raw_env,With CLR,classification,C_environment_microbiome,pysr,F17_Unclassified_Genus1,0.0013333333333333,100,2,complete_100_seeds
family2_full_microbiome_clr_raw_env,With CLR,classification,C_environment_microbiome,pysr,F184_Myrothecium,0.0006666666666666,100,1,complete_100_seeds
family2_full_microbiome_clr_raw_env,With CLR,classification,C_environment_microbiome,pysr,F186_Unclassified_Genus41,0.0013333333333333,100,2,complete_100_seeds
family2_full_microbiome_clr_raw_env,With CLR,classification,C_environment_microbiome,pysr,F187_Neopestalotiopsis,0.002,100,3,complete_100_seeds
family2_full_microbiome_clr_raw_env,With CLR,classification,C_environment_microbiome,pysr,F188_Keissleriella,0.002,100,3,complete_100_seeds
family2_full_microbiome_clr_raw_env,With CLR,classification,C_environment_microbiome,pysr,F189_Unclassified_Genus42,0.0033333333333333,100,5,complete_100_seeds
family2_full_microbiome_clr_raw_env,With CLR,classification,C_environment_microbiome,pysr,F191_Valsonectria,0.0006666666666666,100,1,complete_100_seeds
family2_full_microbiome_clr_raw_env,With CLR,classification,C_environment_microbiome,pysr,F193_Paramicrosporidium,0.0026666666666666,100,4,complete_100_seeds
family2_full_microbiome_clr_raw_env,With CLR,classification,C_environment_microbiome,pysr,F194_Oculimacula,0.0013333333333333,100,2,complete_100_seeds
family2_full_microbiome_clr_raw_env,With CLR,classification,C_environment_microbiome,pysr,F196_Coniosporium,0.0006666666666666,100,1,complete_100_seeds
family2_full_microbiome_clr_raw_env,With CLR,classification,C_environment_microbiome,pysr,F197_Geomyces,0.0073333333333333,100,11,complete_100_seeds
family2_full_microbiome_clr_raw_env,With CLR,classification,C_environment_microbiome,pysr,F199_Alfaria,0.0033333333333333,100,5,complete_100_seeds
family2_full_microbiome_clr_raw_env,With CLR,classification,C_environment_microbiome,pysr,F19_Pyrenochaetopsis,0.0006666666666666,100,1,complete_100_seeds
family2_full_microbiome_clr_raw_env,With CLR,classification,C_environment_microbiome,pysr,F1_Lecanicillium,0.008,100,12,complete_100_seeds
family2_full_microbiome_clr_raw_env,With CLR,classification,C_environment_microbiome,pysr,F200_Knufia,0.006,100,8,complete_100_seeds
family2_full_microbiome_clr_raw_env,With CLR,classification,C_environment_microbiome,pysr,F201_Cladophialophora,0.0006666666666666,100,1,complete_100_seeds
family2_full_microbiome_clr_raw_env,With CLR,classification,C_environment_microbiome,pysr,F203_Mariannaea,0.0006666666666666,100,1,complete_100_seeds
family2_full_microbiome_clr_raw_env,With CLR,classification,C_environment_microbiome,pysr,F204_Deconica,0.0026666666666666,100,4,complete_100_seeds
family2_full_microbiome_clr_raw_env,With CLR,classification,C_environment_microbiome,pysr,F205_Nectria,0.0006666666666666,100,1,complete_100_seeds
family2_full_microbiome_clr_raw_env,With CLR,classification,C_environment_microbiome,pysr,F208_Gongronella,0.0046666666666666,100,7,complete_100_seeds
family2_full_microbiome_clr_raw_env,With CLR,classification,C_environment_microbiome,pysr,F210_Sagenomella,0.0006666666666666,100,1,complete_100_seeds
family2_full_microbiome_clr_raw_env,With CLR,classification,C_environment_microbiome,pysr,F211_Arthropsis,0.0026666666666666,100,4,complete_100_seeds
family2_full_microbiome_clr_raw_env,With CLR,classification,C_environment_microbiome,pysr,F21_Asteromyces,0.006,100,8,complete_100_seeds
family2_full_microbiome_clr_raw_env,With CLR,classification,C_environment_microbiome,pysr,F220_Metapochonia,0.0006666666666666,100,1,complete_100_seeds
family2_full_microbiome_clr_raw_env,With CLR,classification,C_environment_microbiome,pysr,F221_Absidia,0.0006666666666666,100,1,complete_100_seeds
family2_full_microbiome_clr_raw_env,With CLR,classification,C_environment_microbiome,pysr,F23_Cystobasidium,0.006,100,9,complete_100_seeds
family2_full_microbiome_clr_raw_env,With CLR,classification,C_environment_microbiome,pysr,F24_Gibberella,0.002,100,3,complete_100_seeds
family2_full_microbiome_clr_raw_env,With CLR,classification,C_environment_microbiome,pysr,F25_Thelebolus,0.0006666666666666,100,1,complete_100_seeds
family2_full_microbiome_clr_raw_env,With CLR,classification,C_environment_microbiome,pysr,F26_Schizopora,0.0279999999999999,100,34,complete_100_seeds
family2_full_microbiome_clr_raw_env,With CLR,classification,C_environment_microbiome,pysr,F28_Unclassified_Genus3,0.0006666666666666,100,1,complete_100_seeds
family2_full_microbiome_clr_raw_env,With CLR,classification,C_environment_microbiome,pysr,F29_Periconia,0.002,100,3,complete_100_seeds
family2_full_microbiome_clr_raw_env,With CLR,classification,C_environment_microbiome,pysr,F2_Cladosporium,0.0026666666666666,100,4,complete_100_seeds
family2_full_microbiome_clr_raw_env,With CLR,classification,C_environment_microbiome,pysr,F31_Unclassified_Genus4,0.01,100,14,complete_100_seeds
family2_full_microbiome_clr_raw_env,With CLR,classification,C_environment_microbiome,pysr,F32_Sporobolomyces,0.002,100,3,complete_100_seeds
family2_full_microbiome_clr_raw_env,With CLR,classification,C_environment_microbiome,pysr,F33_Unclassified_Genus5,0.0113333333333333,100,15,complete_100_seeds
family2_full_microbiome_clr_raw_env,With CLR,classification,C_environment_microbiome,pysr,F34_Coprinellus,0.0006666666666666,100,1,complete_100_seeds
family2_full_microbiome_clr_raw_env,With CLR,classification,C_environment_microbiome,pysr,F35_Paraphaeosphaeria,0.0006666666666666,100,1,complete_100_seeds
family2_full_microbiome_clr_raw_env,With CLR,classification,C_environment_microbiome,pysr,F36_Arthrinium,0.0013333333333333,100,1,complete_100_seeds
family2_full_microbiome_clr_raw_env,With CLR,classification,C_environment_microbiome,pysr,F37_Clitocybe,0.0013333333333333,100,2,complete_100_seeds
family2_full_microbiome_clr_raw_env,With CLR,classification,C_environment_microbiome,pysr,F38_Saitozyma,0.0026666666666666,100,4,complete_100_seeds
family2_full_microbiome_clr_raw_env,With CLR,classification,C_environment_microbiome,pysr,F3_Mycosphaerella,0.0186666666666666,100,26,complete_100_seeds
family2_full_microbiome_clr_raw_env,With CLR,classification,C_environment_microbiome,pysr,F44_Heterobasidion,0.0566666666666666,100,59,complete_100_seeds
family2_full_microbiome_clr_raw_env,With CLR,classification,C_environment_microbiome,pysr,F45_Trechispora,0.0006666666666666,100,1,complete_100_seeds
family2_full_microbiome_clr_raw_env,With CLR,classification,C_environment_microbiome,pysr,F46_Unclassified_Genus6,0.0013333333333333,100,2,complete_100_seeds
family2_full_microbiome_clr_raw_env,With CLR,classification,C_environment_microbiome,pysr,F47_Penicillium,0.0013333333333333,100,2,complete_100_seeds
family2_full_microbiome_clr_raw_env,With CLR,classification,C_environment_microbiome,pysr,F48_Fusarium,0.0006666666666666,100,1,complete_100_seeds
family2_full_microbiome_clr_raw_env,With CLR,classification,C_environment_microbiome,pysr,F49_Murilentithecium,0.0033333333333333,100,5,complete_100_seeds
family2_full_microbiome_clr_raw_env,With CLR,classification,C_environment_microbiome,pysr,F4_Botryotinia,0.0026666666666666,100,3,complete_100_seeds
family2_full_microbiome_clr_raw_env,With CLR,classification,C_environment_microbiome,pysr,F51_Infundichalara,0.002,100,3,complete_100_seeds
family2_full_microbiome_clr_raw_env,With CLR,classification,C_environment_microbiome,pysr,F57_Crepidotus,0.0673333333333333,100,65,complete_100_seeds
family2_full_microbiome_clr_raw_env,With CLR,classification,C_environment_microbiome,pysr,F59_Unclassified_Genus9,0.0006666666666666,100,1,complete_100_seeds
family2_full_microbiome_clr_raw_env,With CLR,classification,C_environment_microbiome,pysr,F60_Neoascochyta,0.0033333333333333,100,5,complete_100_seeds
family2_full_microbiome_clr_raw_env,With CLR,classification,C_environment_microbiome,pysr,F61_Parasarocladium,0.0013333333333333,100,2,complete_100_seeds
family2_full_microbiome_clr_raw_env,With CLR,classification,C_environment_microbiome,pysr,F62_Unclassified_Genus10,0.0013333333333333,100,2,complete_100_seeds
family2_full_microbiome_clr_raw_env,With CLR,classification,C_environment_microbiome,pysr,F63_Pseudogymnoascus,0.0033333333333333,100,5,complete_100_seeds
family2_full_microbiome_clr_raw_env,With CLR,classification,C_environment_microbiome,pysr,F64_Wallemia,0.0406666666666666,100,54,complete_100_seeds
family2_full_microbiome_clr_raw_env,With CLR,classification,C_environment_microbiome,pysr,F65_Bipolaris,0.0006666666666666,100,1,complete_100_seeds
family2_full_microbiome_clr_raw_env,With CLR,classification,C_environment_microbiome,pysr,F66_Didymella,0.0006666666666666,100,1,complete_100_seeds
family2_full_microbiome_clr_raw_env,With CLR,classification,C_environment_microbiome,pysr,F67_Solicoccozyma,0.026,100,34,complete_100_seeds
family2_full_microbiome_clr_raw_env,With CLR,classification,C_environment_microbiome,pysr,F68_Gibellulopsis,0.0026666666666666,100,4,complete_100_seeds
family2_full_microbiome_clr_raw_env,With CLR,classification,C_environment_microbiome,pysr,F6_Plectosphaerella,0.0026666666666666,100,4,complete_100_seeds
family2_full_microbiome_clr_raw_env,With CLR,classification,C_environment_microbiome,pysr,F73_Unclassified_Genus11,0.0066666666666666,100,9,complete_100_seeds
family2_full_microbiome_clr_raw_env,With CLR,classification,C_environment_microbiome,pysr,F74_Phallus,0.0006666666666666,100,1,complete_100_seeds
family2_full_microbiome_clr_raw_env,With CLR,classification,C_environment_microbiome,pysr,F75_Pilidium,0.0013333333333333,100,2,complete_100_seeds
family2_full_microbiome_clr_raw_env,With CLR,classification,C_environment_microbiome,pysr,F76_Lophiotrema,0.0193333333333333,100,26,complete_100_seeds
family2_full_microbiome_clr_raw_env,With CLR,classification,C_environment_microbiome,pysr,F78_Pyrenochaeta,0.0006666666666666,100,1,complete_100_seeds
family2_full_microbiome_clr_raw_env,With CLR,classification,C_environment_microbiome,pysr,F79_Clathrus,0.0006666666666666,100,1,complete_100_seeds
family2_full_microbiome_clr_raw_env,With CLR,classification,C_environment_microbiome,pysr,F81_Cystofilobasidium,0.0013333333333333,100,2,complete_100_seeds
family2_full_microbiome_clr_raw_env,With CLR,classification,C_environment_microbiome,pysr,F82_Chrysosporium,0.0013333333333333,100,2,complete_100_seeds
family2_full_microbiome_clr_raw_env,With CLR,classification,C_environment_microbiome,pysr,F84_Filobasidium,0.0006666666666666,100,1,complete_100_seeds
family2_full_microbiome_clr_raw_env,With CLR,classification,C_environment_microbiome,pysr,F85_Unclassified_Genus14,0.0013333333333333,100,2,complete_100_seeds
family2_full_microbiome_clr_raw_env,With CLR,classification,C_environment_microbiome,pysr,F87_Unclassified_Genus15,0.0046666666666666,100,7,complete_100_seeds
family2_full_microbiome_clr_raw_env,With CLR,classification,C_environment_microbiome,pysr,F8_Alternaria,0.0086666666666666,100,13,complete_100_seeds
family2_full_microbiome_clr_raw_env,With CLR,classification,C_environment_microbiome,pysr,F91_Cadophora,0.0286666666666666,100,37,complete_100_seeds
family2_full_microbiome_clr_raw_env,With CLR,classification,C_environment_microbiome,pysr,F92_Leucosporidium,0.0286666666666666,100,40,complete_100_seeds
family2_full_microbiome_clr_raw_env,With CLR,classification,C_environment_microbiome,pysr,F93_Pseudeurotium,0.0013333333333333,100,2,complete_100_seeds
family2_full_microbiome_clr_raw_env,With CLR,classification,C_environment_microbiome,pysr,F96_Unclassified_Genus16,0.0006666666666666,100,1,complete_100_seeds
family2_full_microbiome_clr_raw_env,With CLR,classification,C_environment_microbiome,pysr,F97_Murispora,0.0013333333333333,100,2,complete_100_seeds
family2_full_microbiome_clr_raw_env,With CLR,classification,C_environment_microbiome,pysr,F98_Gliomastix,0.0006666666666666,100,1,complete_100_seeds
family2_full_microbiome_clr_raw_env,With CLR,classification,C_environment_microbiome,pysr,F99_Papiliotrema,0.0006666666666666,100,1,complete_100_seeds
family2_full_microbiome_clr_raw_env,With CLR,classification,C_environment_microbiome,pysr,F9_Aureobasidium,0.0013333333333333,100,2,complete_100_seeds
family2_full_microbiome_clr_raw_env,With CLR,classification,C_environment_microbiome,pysr,HBV,0.0273333333333333,100,37,complete_100_seeds
family2_full_microbiome_clr_raw_env,With CLR,classification,C_environment_microbiome,pysr,HCHO_mean,0.0106666666666666,100,15,complete_100_seeds
family2_full_microbiome_clr_raw_env,With CLR,classification,C_environment_microbiome,pysr,HFI,0.01,100,14,complete_100_seeds
family2_full_microbiome_clr_raw_env,With CLR,classification,C_environment_microbiome,pysr,HMI,0.0273333333333333,100,36,complete_100_seeds
family2_full_microbiome_clr_raw_env,With CLR,classification,C_environment_microbiome,pysr,HPD,0.0006666666666666,100,1,complete_100_seeds
family2_full_microbiome_clr_raw_env,With CLR,classification,C_environment_microbiome,pysr,LS_PC1,0.0006666666666666,100,1,complete_100_seeds
family2_full_microbiome_clr_raw_env,With CLR,classification,C_environment_microbiome,pysr,LS_PC2,0.0013333333333333,100,2,complete_100_seeds
family2_full_microbiome_clr_raw_env,With CLR,classification,C_environment_microbiome,pysr,NDFI,0.0053333333333333,100,7,complete_100_seeds
family2_full_microbiome_clr_raw_env,With CLR,classification,C_environment_microbiome,pysr,NO2_mean,0.016,100,21,complete_100_seeds
family2_full_microbiome_clr_raw_env,With CLR,classification,C_environment_microbiome,pysr,NTL,0.0026666666666666,100,4,complete_100_seeds
family2_full_microbiome_clr_raw_env,With CLR,classification,C_environment_microbiome,pysr,P_PC1,0.002,100,3,complete_100_seeds
family2_full_microbiome_clr_raw_env,With CLR,classification,C_environment_microbiome,pysr,P_PC2,0.0146666666666666,100,21,complete_100_seeds
family2_full_microbiome_clr_raw_env,With CLR,classification,C_environment_microbiome,pysr,SO2_mean,0.324,100,100,complete_100_seeds
family2_full_microbiome_clr_raw_env,With CLR,classification,C_environment_microbiome,pysr,SOC_0_5cm_pct,0.0026666666666666,100,4,complete_100_seeds
family2_full_microbiome_clr_raw_env,With CLR,classification,C_environment_microbiome,pysr,T_PC1,0.0139999999999999,100,21,complete_100_seeds
family2_full_microbiome_clr_raw_env,With CLR,classification,C_environment_microbiome,pysr,T_PC2,0.0006666666666666,100,1,complete_100_seeds
family2_full_microbiome_clr_raw_env,With CLR,classification,C_environment_microbiome,pysr,asp_cos,0.0013333333333333,100,2,complete_100_seeds
family2_full_microbiome_clr_raw_env,With CLR,classification,C_environment_microbiome,pysr,asp_sin,0.0026666666666666,100,4,complete_100_seeds
family2_full_microbiome_clr_raw_env,With CLR,classification,C_environment_microbiome,pysr,built,0.1333333333333333,100,89,complete_100_seeds
family2_full_microbiome_clr_raw_env,With CLR,classification,C_environment_microbiome,pysr,crops,0.0026666666666666,100,4,complete_100_seeds
family2_full_microbiome_clr_raw_env,With CLR,classification,C_environment_microbiome,pysr,curv,0.006,100,8,complete_100_seeds
family2_full_microbiome_clr_raw_env,With CLR,classification,C_environment_microbiome,pysr,curv_plan,0.0186666666666666,100,25,complete_100_seeds
family2_full_microbiome_clr_raw_env,With CLR,classification,C_environment_microbiome,pysr,dist_river_m,0.018,100,24,complete_100_seeds
family2_full_microbiome_clr_raw_env,With CLR,classification,C_environment_microbiome,pysr,dist_sea,0.0139999999999999,100,20,complete_100_seeds
family2_full_microbiome_clr_raw_env,With CLR,classification,C_environment_microbiome,pysr,dist_urban,0.03,100,39,complete_100_seeds
family2_full_microbiome_clr_raw_env,With CLR,classification,C_environment_microbiome,pysr,elevation_m,0.0046666666666666,100,7,complete_100_seeds
family2_full_microbiome_clr_raw_env,With CLR,classification,C_environment_microbiome,pysr,flow_acc_log,0.01,100,14,complete_100_seeds
family2_full_microbiome_clr_raw_env,With CLR,classification,C_environment_microbiome,pysr,flow_dir_cos,0.002,100,3,complete_100_seeds
family2_full_microbiome_clr_raw_env,With CLR,classification,C_environment_microbiome,pysr,flow_dir_sin,0.0006666666666666,100,1,complete_100_seeds
family2_full_microbiome_clr_raw_env,With CLR,classification,C_environment_microbiome,pysr,flow_len,0.0133333333333333,100,18,complete_100_seeds
family2_full_microbiome_clr_raw_env,With CLR,classification,C_environment_microbiome,pysr,pH_0_5cm,0.0053333333333333,100,8,complete_100_seeds
family2_full_microbiome_clr_raw_env,With CLR,classification,C_environment_microbiome,pysr,slope_pct,0.0726666666666666,100,70,complete_100_seeds
family2_full_microbiome_clr_raw_env,With CLR,classification,C_environment_microbiome,pysr,trees,0.0053333333333333,100,8,complete_100_seeds
family2_full_microbiome_clr_raw_env,With CLR,classification,C_environment_microbiome,pysr,wind_speed_10m,0.0053333333333333,100,7,complete_100_seeds
family2_full_microbiome_clr_raw_env,With CLR,regression_18,C_environment_microbiome,pysr,AER_AI_mean,0.0022222222222222,100,4,complete_100_seeds
family2_full_microbiome_clr_raw_env,With CLR,regression_18,C_environment_microbiome,pysr,B102_TM7a,0.0005555555555555,100,1,complete_100_seeds
family2_full_microbiome_clr_raw_env,With CLR,regression_18,C_environment_microbiome,pysr,B103_Delftia,0.0022222222222222,100,4,complete_100_seeds
family2_full_microbiome_clr_raw_env,With CLR,regression_18,C_environment_microbiome,pysr,B105_Clostridium_sensu_stricto_1,0.0005555555555555,100,1,complete_100_seeds
family2_full_microbiome_clr_raw_env,With CLR,regression_18,C_environment_microbiome,pysr,B106_Unclassified_Genus11,0.0005555555555555,100,1,complete_100_seeds
family2_full_microbiome_clr_raw_env,With CLR,regression_18,C_environment_microbiome,pysr,B107_Glutamicibacter,0.0005555555555555,100,1,complete_100_seeds
family2_full_microbiome_clr_raw_env,With CLR,regression_18,C_environment_microbiome,pysr,B108_Oligoflexus,0.0005555555555555,100,1,complete_100_seeds
family2_full_microbiome_clr_raw_env,With CLR,regression_18,C_environment_microbiome,pysr,B109_Unclassified_Genus12,0.0022222222222222,100,3,complete_100_seeds
family2_full_microbiome_clr_raw_env,With CLR,regression_18,C_environment_microbiome,pysr,B10_Sphingomonas,0.0033333333333333,100,6,complete_100_seeds
family2_full_microbiome_clr_raw_env,With CLR,regression_18,C_environment_microbiome,pysr,B110_Alteromonas,0.0127777777777777,100,22,complete_100_seeds
family2_full_microbiome_clr_raw_env,With CLR,regression_18,C_environment_microbiome,pysr,B111_Peredibacter,0.0005555555555555,100,1,complete_100_seeds
family2_full_microbiome_clr_raw_env,With CLR,regression_18,C_environment_microbiome,pysr,B114_Unclassified_Genus13,0.0005555555555555,100,1,complete_100_seeds
family2_full_microbiome_clr_raw_env,With CLR,regression_18,C_environment_microbiome,pysr,B115_Bacillus,0.0005555555555555,100,1,complete_100_seeds
family2_full_microbiome_clr_raw_env,With CLR,regression_18,C_environment_microbiome,pysr,B117_Sphingopyxis,0.0005555555555555,100,1,complete_100_seeds
family2_full_microbiome_clr_raw_env,With CLR,regression_18,C_environment_microbiome,pysr,B118_Haemophilus,0.0205555555555555,100,34,complete_100_seeds
family2_full_microbiome_clr_raw_env,With CLR,regression_18,C_environment_microbiome,pysr,B119_Devosia,0.0005555555555555,100,1,complete_100_seeds
family2_full_microbiome_clr_raw_env,With CLR,regression_18,C_environment_microbiome,pysr,B120_Mesorhizobium,0.0005555555555555,100,1,complete_100_seeds
family2_full_microbiome_clr_raw_env,With CLR,regression_18,C_environment_microbiome,pysr,B121_Ahrensia,0.0044444444444444,100,7,complete_100_seeds
family2_full_microbiome_clr_raw_env,With CLR,regression_18,C_environment_microbiome,pysr,B123_Unclassified_Genus14,0.0011111111111111,100,2,complete_100_seeds
family2_full_microbiome_clr_raw_env,With CLR,regression_18,C_environment_microbiome,pysr,B124_Amylibacter,0.0005555555555555,100,1,complete_100_seeds
family2_full_microbiome_clr_raw_env,With CLR,regression_18,C_environment_microbiome,pysr,B125_Ascidiaceihabitans,0.0005555555555555,100,1,complete_100_seeds
family2_full_microbiome_clr_raw_env,With CLR,regression_18,C_environment_microbiome,pysr,B127_Phaeobacter,0.0005555555555555,100,1,complete_100_seeds
family2_full_microbiome_clr_raw_env,With CLR,regression_18,C_environment_microbiome,pysr,B128_Alsobacter,0.0033333333333333,100,6,complete_100_seeds
family2_full_microbiome_clr_raw_env,With CLR,regression_18,C_environment_microbiome,pysr,B129_Solibacillus,0.0011111111111111,100,2,complete_100_seeds
family2_full_microbiome_clr_raw_env,With CLR,regression_18,C_environment_microbiome,pysr,B12_Pseudarthrobacter,0.0011111111111111,100,2,complete_100_seeds
family2_full_microbiome_clr_raw_env,With CLR,regression_18,C_environment_microbiome,pysr,B130_Terrabacter,0.0005555555555555,100,1,complete_100_seeds
family2_full_microbiome_clr_raw_env,With CLR,regression_18,C_environment_microbiome,pysr,B131_Limnobacter,0.0038888888888888,100,7,complete_100_seeds
family2_full_microbiome_clr_raw_env,With CLR,regression_18,C_environment_microbiome,pysr,B132_Rhodobacter,0.0005555555555555,100,1,complete_100_seeds
family2_full_microbiome_clr_raw_env,With CLR,regression_18,C_environment_microbiome,pysr,B133_Robiginitalea,0.0016666666666666,100,3,complete_100_seeds
family2_full_microbiome_clr_raw_env,With CLR,regression_18,C_environment_microbiome,pysr,B135_Tabrizicola,0.0011111111111111,100,2,complete_100_seeds
family2_full_microbiome_clr_raw_env,With CLR,regression_18,C_environment_microbiome,pysr,B136_Unclassified_Genus16,0.0105555555555555,100,18,complete_100_seeds
family2_full_microbiome_clr_raw_env,With CLR,regression_18,C_environment_microbiome,pysr,B137_Unclassified_Genus17,0.0022222222222222,100,4,complete_100_seeds
family2_full_microbiome_clr_raw_env,With CLR,regression_18,C_environment_microbiome,pysr,B13_Enhydrobacter,0.0011111111111111,100,2,complete_100_seeds
family2_full_microbiome_clr_raw_env,With CLR,regression_18,C_environment_microbiome,pysr,B140_Hymenobacter,0.0005555555555555,100,1,complete_100_seeds
family2_full_microbiome_clr_raw_env,With CLR,regression_18,C_environment_microbiome,pysr,B141_Tamlana,0.0127777777777777,100,21,complete_100_seeds
family2_full_microbiome_clr_raw_env,With CLR,regression_18,C_environment_microbiome,pysr,B145_Flavihumibacter,0.0055555555555555,100,9,complete_100_seeds
family2_full_microbiome_clr_raw_env,With CLR,regression_18,C_environment_microbiome,pysr,B146_Gramella,0.0005555555555555,100,1,complete_100_seeds
family2_full_microbiome_clr_raw_env,With CLR,regression_18,C_environment_microbiome,pysr,B147_Novosphingobium,0.0033333333333333,100,6,complete_100_seeds
family2_full_microbiome_clr_raw_env,With CLR,regression_18,C_environment_microbiome,pysr,B149_Owenweeksia,0.0005555555555555,100,1,complete_100_seeds
family2_full_microbiome_clr_raw_env,With CLR,regression_18,C_environment_microbiome,pysr,B14_Enterococcus,0.0005555555555555,100,1,complete_100_seeds
family2_full_microbiome_clr_raw_env,With CLR,regression_18,C_environment_microbiome,pysr,B150_Pseudophaeobacter,0.0027777777777777,100,5,complete_100_seeds
family2_full_microbiome_clr_raw_env,With CLR,regression_18,C_environment_microbiome,pysr,B153_Woeseia,0.0016666666666666,100,3,complete_100_seeds
family2_full_microbiome_clr_raw_env,With CLR,regression_18,C_environment_microbiome,pysr,B157_Unclassified_Genus22,0.0011111111111111,100,2,complete_100_seeds
family2_full_microbiome_clr_raw_env,With CLR,regression_18,C_environment_microbiome,pysr,B159_Comamonas,0.01,100,18,complete_100_seeds
family2_full_microbiome_clr_raw_env,With CLR,regression_18,C_environment_microbiome,pysr,B15_Exiguobacterium,0.0011111111111111,100,2,complete_100_seeds
family2_full_microbiome_clr_raw_env,With CLR,regression_18,C_environment_microbiome,pysr,B161_Eudoraea,0.0022222222222222,100,4,complete_100_seeds
family2_full_microbiome_clr_raw_env,With CLR,regression_18,C_environment_microbiome,pysr,B162_Paraglaciecola,0.0027777777777777,100,5,complete_100_seeds
family2_full_microbiome_clr_raw_env,With CLR,regression_18,C_environment_microbiome,pysr,B163_OM27_clade,0.0011111111111111,100,2,complete_100_seeds
family2_full_microbiome_clr_raw_env,With CLR,regression_18,C_environment_microbiome,pysr,B164_Deinococcus,0.0011111111111111,100,2,complete_100_seeds
family2_full_microbiome_clr_raw_env,With CLR,regression_18,C_environment_microbiome,pysr,B167_Polynucleobacter,0.0055555555555555,100,8,complete_100_seeds
family2_full_microbiome_clr_raw_env,With CLR,regression_18,C_environment_microbiome,pysr,B168_Roseomonas,0.0033333333333333,100,6,complete_100_seeds
family2_full_microbiome_clr_raw_env,With CLR,regression_18,C_environment_microbiome,pysr,B16_Anoxybacillus,0.0211111111111111,100,32,complete_100_seeds
family2_full_microbiome_clr_raw_env,With CLR,regression_18,C_environment_microbiome,pysr,B170_Ferruginibacter,0.0022222222222222,100,4,complete_100_seeds
family2_full_microbiome_clr_raw_env,With CLR,regression_18,C_environment_microbiome,pysr,B172_Allorhizobium_Neorhizobium_Pararhizobium_Rhizobium,0.0005555555555555,100,1,complete_100_seeds
family2_full_microbiome_clr_raw_env,With CLR,regression_18,C_environment_microbiome,pysr,B173_Unclassified_Genus25,0.0022222222222222,100,4,complete_100_seeds
family2_full_microbiome_clr_raw_env,With CLR,regression_18,C_environment_microbiome,pysr,B174_Unclassified_Genus26,0.0266666666666666,100,39,complete_100_seeds
family2_full_microbiome_clr_raw_env,With CLR,regression_18,C_environment_microbiome,pysr,B176_Unclassified_Genus28,0.0011111111111111,100,2,complete_100_seeds
family2_full_microbiome_clr_raw_env,With CLR,regression_18,C_environment_microbiome,pysr,B177_Ensifer,0.0011111111111111,100,2,complete_100_seeds
family2_full_microbiome_clr_raw_env,With CLR,regression_18,C_environment_microbiome,pysr,B180_Muriicola,0.32,100,100,complete_100_seeds
family2_full_microbiome_clr_raw_env,With CLR,regression_18,C_environment_microbiome,pysr,B183_Janthinobacterium,0.0005555555555555,100,1,complete_100_seeds
family2_full_microbiome_clr_raw_env,With CLR,regression_18,C_environment_microbiome,pysr,B184_Unclassified_Genus29,0.0077777777777777,100,14,complete_100_seeds
family2_full_microbiome_clr_raw_env,With CLR,regression_18,C_environment_microbiome,pysr,B185_Mycobacterium,0.0022222222222222,100,4,complete_100_seeds
family2_full_microbiome_clr_raw_env,With CLR,regression_18,C_environment_microbiome,pysr,B186_Truepera,0.0005555555555555,100,1,complete_100_seeds
family2_full_microbiome_clr_raw_env,With CLR,regression_18,C_environment_microbiome,pysr,B188_Qipengyuania,0.0005555555555555,100,1,complete_100_seeds
family2_full_microbiome_clr_raw_env,With CLR,regression_18,C_environment_microbiome,pysr,B18_Massilia,0.0011111111111111,100,2,complete_100_seeds
family2_full_microbiome_clr_raw_env,With CLR,regression_18,C_environment_microbiome,pysr,B190_Methylocystis,0.0005555555555555,100,1,complete_100_seeds
family2_full_microbiome_clr_raw_env,With CLR,regression_18,C_environment_microbiome,pysr,B191_Sporacetigenium,0.0005555555555555,100,1,complete_100_seeds
family2_full_microbiome_clr_raw_env,With CLR,regression_18,C_environment_microbiome,pysr,B192_Roseobacter,0.0022222222222222,100,4,complete_100_seeds
family2_full_microbiome_clr_raw_env,With CLR,regression_18,C_environment_microbiome,pysr,B194_Oleispira,0.0011111111111111,100,2,complete_100_seeds
family2_full_microbiome_clr_raw_env,With CLR,regression_18,C_environment_microbiome,pysr,B195_Marinoscillum,0.0138888888888888,100,22,complete_100_seeds
family2_full_microbiome_clr_raw_env,With CLR,regression_18,C_environment_microbiome,pysr,B197_Leisingera,0.0005555555555555,100,1,complete_100_seeds
family2_full_microbiome_clr_raw_env,With CLR,regression_18,C_environment_microbiome,pysr,B198_Porphyrobacter,0.0011111111111111,100,2,complete_100_seeds
family2_full_microbiome_clr_raw_env,With CLR,regression_18,C_environment_microbiome,pysr,B199_Methylophaga,0.0005555555555555,100,1,complete_100_seeds
family2_full_microbiome_clr_raw_env,With CLR,regression_18,C_environment_microbiome,pysr,B19_Actinomyces,0.0083333333333333,100,14,complete_100_seeds
family2_full_microbiome_clr_raw_env,With CLR,regression_18,C_environment_microbiome,pysr,B1_Streptococcus,0.0005555555555555,100,1,complete_100_seeds
family2_full_microbiome_clr_raw_env,With CLR,regression_18,C_environment_microbiome,pysr,B201_Unclassified_Genus31,0.0005555555555555,100,1,complete_100_seeds
family2_full_microbiome_clr_raw_env,With CLR,regression_18,C_environment_microbiome,pysr,B202_Paucibacter,0.025,100,37,complete_100_seeds
family2_full_microbiome_clr_raw_env,With CLR,regression_18,C_environment_microbiome,pysr,B204_alphaI_cluster,0.0016666666666666,100,3,complete_100_seeds
family2_full_microbiome_clr_raw_env,With CLR,regression_18,C_environment_microbiome,pysr,B205_Corynebacterium,0.0011111111111111,100,2,complete_100_seeds
family2_full_microbiome_clr_raw_env,With CLR,regression_18,C_environment_microbiome,pysr,B208_Celeribacter,0.0027777777777777,100,5,complete_100_seeds
family2_full_microbiome_clr_raw_env,With CLR,regression_18,C_environment_microbiome,pysr,B210_Unclassified_Genus33,0.0016666666666666,100,3,complete_100_seeds
family2_full_microbiome_clr_raw_env,With CLR,regression_18,C_environment_microbiome,pysr,B211_Unclassified_Genus34,0.0011111111111111,100,2,complete_100_seeds
family2_full_microbiome_clr_raw_env,With CLR,regression_18,C_environment_microbiome,pysr,B212_Thalassobius,0.0005555555555555,100,1,complete_100_seeds
family2_full_microbiome_clr_raw_env,With CLR,regression_18,C_environment_microbiome,pysr,B214_Unclassified_Genus35,0.0533333333333333,100,61,complete_100_seeds
family2_full_microbiome_clr_raw_env,With CLR,regression_18,C_environment_microbiome,pysr,B215_Unclassified_Genus36,0.0005555555555555,100,1,complete_100_seeds
family2_full_microbiome_clr_raw_env,With CLR,regression_18,C_environment_microbiome,pysr,B216_Sphingorhabdus,0.015,100,24,complete_100_seeds
family2_full_microbiome_clr_raw_env,With CLR,regression_18,C_environment_microbiome,pysr,B217_Unclassified_Genus37,0.0005555555555555,100,1,complete_100_seeds
family2_full_microbiome_clr_raw_env,With CLR,regression_18,C_environment_microbiome,pysr,B218_Unclassified_Genus38,0.0055555555555555,100,9,complete_100_seeds
family2_full_microbiome_clr_raw_env,With CLR,regression_18,C_environment_microbiome,pysr,B219_Subsaxibacter,0.0005555555555555,100,1,complete_100_seeds
family2_full_microbiome_clr_raw_env,With CLR,regression_18,C_environment_microbiome,pysr,B220_Roseiarcus,0.0022222222222222,100,4,complete_100_seeds
family2_full_microbiome_clr_raw_env,With CLR,regression_18,C_environment_microbiome,pysr,B222_Alkanindiges,0.0005555555555555,100,1,complete_100_seeds
family2_full_microbiome_clr_raw_env,With CLR,regression_18,C_environment_microbiome,pysr,B223_Phycicoccus,0.0305555555555555,100,42,complete_100_seeds
family2_full_microbiome_clr_raw_env,With CLR,regression_18,C_environment_microbiome,pysr,B224_Amaricoccus,0.0005555555555555,100,1,complete_100_seeds
family2_full_microbiome_clr_raw_env,With CLR,regression_18,C_environment_microbiome,pysr,B228_Bosea,0.0044444444444444,100,7,complete_100_seeds
family2_full_microbiome_clr_raw_env,With CLR,regression_18,C_environment_microbiome,pysr,B229_Dokdonia,0.0072222222222222,100,13,complete_100_seeds
family2_full_microbiome_clr_raw_env,With CLR,regression_18,C_environment_microbiome,pysr,B234_Lachnoclostridium,0.0005555555555555,100,1,complete_100_seeds
family2_full_microbiome_clr_raw_env,With CLR,regression_18,C_environment_microbiome,pysr,B235_Fictibacillus,0.0061111111111111,100,9,complete_100_seeds
family2_full_microbiome_clr_raw_env,With CLR,regression_18,C_environment_microbiome,pysr,B236_Paenibacillus,0.0105555555555555,100,18,complete_100_seeds
family2_full_microbiome_clr_raw_env,With CLR,regression_18,C_environment_microbiome,pysr,B238_Hyphomicrobium,0.0011111111111111,100,2,complete_100_seeds
family2_full_microbiome_clr_raw_env,With CLR,regression_18,C_environment_microbiome,pysr,B239_Shinella,0.0022222222222222,100,4,complete_100_seeds
family2_full_microbiome_clr_raw_env,With CLR,regression_18,C_environment_microbiome,pysr,B23_Flavobacterium,0.0077777777777777,100,14,complete_100_seeds
family2_full_microbiome_clr_raw_env,With CLR,regression_18,C_environment_microbiome,pysr,B240_Unclassified_Genus40,0.0011111111111111,100,2,complete_100_seeds
family2_full_microbiome_clr_raw_env,With CLR,regression_18,C_environment_microbiome,pysr,B241_Sphingomicrobium,0.0005555555555555,100,1,complete_100_seeds
family2_full_microbiome_clr_raw_env,With CLR,regression_18,C_environment_microbiome,pysr,B244_Cryobacterium,0.0744444444444444,100,80,complete_100_seeds
family2_full_microbiome_clr_raw_env,With CLR,regression_18,C_environment_microbiome,pysr,B245_Octadecabacter,0.0005555555555555,100,1,complete_100_seeds
family2_full_microbiome_clr_raw_env,With CLR,regression_18,C_environment_microbiome,pysr,B247_Fluviicola,0.0016666666666666,100,3,complete_100_seeds
family2_full_microbiome_clr_raw_env,With CLR,regression_18,C_environment_microbiome,pysr,B248_Ornithinimicrobium,0.0044444444444444,100,7,complete_100_seeds
family2_full_microbiome_clr_raw_env,With CLR,regression_18,C_environment_microbiome,pysr,B249_Domibacillus,0.0005555555555555,100,1,complete_100_seeds
family2_full_microbiome_clr_raw_env,With CLR,regression_18,C_environment_microbiome,pysr,B24_Oleiphilus,0.0122222222222222,100,21,complete_100_seeds
family2_full_microbiome_clr_raw_env,With CLR,regression_18,C_environment_microbiome,pysr,B251_Sedimentitalea,0.0005555555555555,100,1,complete_100_seeds
family2_full_microbiome_clr_raw_env,With CLR,regression_18,C_environment_microbiome,pysr,B252_Gaetbulibacter,0.0033333333333333,100,6,complete_100_seeds
family2_full_microbiome_clr_raw_env,With CLR,regression_18,C_environment_microbiome,pysr,B255_Methylibium,0.0005555555555555,100,1,complete_100_seeds
family2_full_microbiome_clr_raw_env,With CLR,regression_18,C_environment_microbiome,pysr,B256_Unclassified_Genus43,0.0033333333333333,100,6,complete_100_seeds
family2_full_microbiome_clr_raw_env,With CLR,regression_18,C_environment_microbiome,pysr,B25_Methylobacterium_Methylorubrum,0.0005555555555555,100,1,complete_100_seeds
family2_full_microbiome_clr_raw_env,With CLR,regression_18,C_environment_microbiome,pysr,B260_Unclassified_Genus44,0.0011111111111111,100,2,complete_100_seeds
family2_full_microbiome_clr_raw_env,With CLR,regression_18,C_environment_microbiome,pysr,B261_Unclassified_Genus45,0.0044444444444444,100,8,complete_100_seeds
family2_full_microbiome_clr_raw_env,With CLR,regression_18,C_environment_microbiome,pysr,B263_Unclassified_Genus46,0.0005555555555555,100,1,complete_100_seeds
family2_full_microbiome_clr_raw_env,With CLR,regression_18,C_environment_microbiome,pysr,B264_Aeromicrobium,0.0005555555555555,100,1,complete_100_seeds
family2_full_microbiome_clr_raw_env,With CLR,regression_18,C_environment_microbiome,pysr,B266_Rubrobacter,0.0005555555555555,100,1,complete_100_seeds
family2_full_microbiome_clr_raw_env,With CLR,regression_18,C_environment_microbiome,pysr,B26_Pseudomonas,0.0088888888888888,100,16,complete_100_seeds
family2_full_microbiome_clr_raw_env,With CLR,regression_18,C_environment_microbiome,pysr,B270_Lysinibacillus,0.0011111111111111,100,2,complete_100_seeds
family2_full_microbiome_clr_raw_env,With CLR,regression_18,C_environment_microbiome,pysr,B271_Maricaulis,0.0027777777777777,100,5,complete_100_seeds
family2_full_microbiome_clr_raw_env,With CLR,regression_18,C_environment_microbiome,pysr,B272_Streptomyces,0.0016666666666666,100,2,complete_100_seeds
family2_full_microbiome_clr_raw_env,With CLR,regression_18,C_environment_microbiome,pysr,B274_Sva0996_marine_group,0.0005555555555555,100,1,complete_100_seeds
family2_full_microbiome_clr_raw_env,With CLR,regression_18,C_environment_microbiome,pysr,B275_Beijerinckia,0.0033333333333333,100,6,complete_100_seeds
family2_full_microbiome_clr_raw_env,With CLR,regression_18,C_environment_microbiome,pysr,B276_Pedomicrobium,0.0016666666666666,100,3,complete_100_seeds
family2_full_microbiome_clr_raw_env,With CLR,regression_18,C_environment_microbiome,pysr,B277_Bryobacter,0.0011111111111111,100,2,complete_100_seeds
family2_full_microbiome_clr_raw_env,With CLR,regression_18,C_environment_microbiome,pysr,B278_Unclassified_Genus49,0.0016666666666666,100,2,complete_100_seeds
family2_full_microbiome_clr_raw_env,With CLR,regression_18,C_environment_microbiome,pysr,B279_Euzebyella,0.0027777777777777,100,5,complete_100_seeds
family2_full_microbiome_clr_raw_env,With CLR,regression_18,C_environment_microbiome,pysr,B27_Rickettsiella,0.0044444444444444,100,8,complete_100_seeds
family2_full_microbiome_clr_raw_env,With CLR,regression_18,C_environment_microbiome,pysr,B280_Marinobacter,0.0033333333333333,100,6,complete_100_seeds
family2_full_microbiome_clr_raw_env,With CLR,regression_18,C_environment_microbiome,pysr,B283_Pseudorhodoplanes,0.0044444444444444,100,8,complete_100_seeds
family2_full_microbiome_clr_raw_env,With CLR,regression_18,C_environment_microbiome,pysr,B284_Unclassified_Genus51,0.0022222222222222,100,4,complete_100_seeds
family2_full_microbiome_clr_raw_env,With CLR,regression_18,C_environment_microbiome,pysr,B286_Unclassified_Genus52,0.0066666666666666,100,11,complete_100_seeds
family2_full_microbiome_clr_raw_env,With CLR,regression_18,C_environment_microbiome,pysr,B289_Hahella,0.0011111111111111,100,2,complete_100_seeds
family2_full_microbiome_clr_raw_env,With CLR,regression_18,C_environment_microbiome,pysr,B28_Clostridium_sensu_stricto_12,0.055,100,67,complete_100_seeds
family2_full_microbiome_clr_raw_env,With CLR,regression_18,C_environment_microbiome,pysr,B291_Leptothrix,0.0011111111111111,100,2,complete_100_seeds
family2_full_microbiome_clr_raw_env,With CLR,regression_18,C_environment_microbiome,pysr,B294_Turicibacter,0.0005555555555555,100,1,complete_100_seeds
family2_full_microbiome_clr_raw_env,With CLR,regression_18,C_environment_microbiome,pysr,B295_Rubritepida,0.0005555555555555,100,1,complete_100_seeds
family2_full_microbiome_clr_raw_env,With CLR,regression_18,C_environment_microbiome,pysr,B297_Aquimonas,0.0011111111111111,100,2,complete_100_seeds
family2_full_microbiome_clr_raw_env,With CLR,regression_18,C_environment_microbiome,pysr,B298_Aurantisolimonas,0.0011111111111111,100,2,complete_100_seeds
family2_full_microbiome_clr_raw_env,With CLR,regression_18,C_environment_microbiome,pysr,B2_Gemella,0.0011111111111111,100,2,complete_100_seeds
family2_full_microbiome_clr_raw_env,With CLR,regression_18,C_environment_microbiome,pysr,B301_Unclassified_Genus55,0.0005555555555555,100,1,complete_100_seeds
family2_full_microbiome_clr_raw_env,With CLR,regression_18,C_environment_microbiome,pysr,B303_Aquibacter,0.0005555555555555,100,1,complete_100_seeds
family2_full_microbiome_clr_raw_env,With CLR,regression_18,C_environment_microbiome,pysr,B304_Jannaschia,0.0011111111111111,100,2,complete_100_seeds
family2_full_microbiome_clr_raw_env,With CLR,regression_18,C_environment_microbiome,pysr,B305_Unclassified_Genus56,0.0011111111111111,100,2,complete_100_seeds
family2_full_microbiome_clr_raw_env,With CLR,regression_18,C_environment_microbiome,pysr,B306_Unclassified_Genus57,0.0038888888888888,100,7,complete_100_seeds
family2_full_microbiome_clr_raw_env,With CLR,regression_18,C_environment_microbiome,pysr,B307_CL500_29_marine_group,0.0144444444444444,100,25,complete_100_seeds
family2_full_microbiome_clr_raw_env,With CLR,regression_18,C_environment_microbiome,pysr,B308_Lactobacillus,0.0011111111111111,100,2,complete_100_seeds
family2_full_microbiome_clr_raw_env,With CLR,regression_18,C_environment_microbiome,pysr,B309_Unclassified_Genus58,0.0022222222222222,100,4,complete_100_seeds
family2_full_microbiome_clr_raw_env,With CLR,regression_18,C_environment_microbiome,pysr,B30_Yoonia_Loktanella,0.0022222222222222,100,4,complete_100_seeds
family2_full_microbiome_clr_raw_env,With CLR,regression_18,C_environment_microbiome,pysr,B310_Unclassified_Genus59,0.0044444444444444,100,8,complete_100_seeds
family2_full_microbiome_clr_raw_env,With CLR,regression_18,C_environment_microbiome,pysr,B311_Bdellovibrio,0.0005555555555555,100,1,complete_100_seeds
family2_full_microbiome_clr_raw_env,With CLR,regression_18,C_environment_microbiome,pysr,B312_Methyloceanibacter,0.0011111111111111,100,2,complete_100_seeds
family2_full_microbiome_clr_raw_env,With CLR,regression_18,C_environment_microbiome,pysr,B315_Ornithinibacter,0.0005555555555555,100,1,complete_100_seeds
family2_full_microbiome_clr_raw_env,With CLR,regression_18,C_environment_microbiome,pysr,B316_Clostridium_sensu_stricto_9,0.0027777777777777,100,5,complete_100_seeds
family2_full_microbiome_clr_raw_env,With CLR,regression_18,C_environment_microbiome,pysr,B317_Streptosporangium,0.0005555555555555,100,1,complete_100_seeds
family2_full_microbiome_clr_raw_env,With CLR,regression_18,C_environment_microbiome,pysr,B318_Unclassified_Genus61,0.0005555555555555,100,1,complete_100_seeds
family2_full_microbiome_clr_raw_env,With CLR,regression_18,C_environment_microbiome,pysr,B319_Unclassified_Genus62,0.0022222222222222,100,4,complete_100_seeds
family2_full_microbiome_clr_raw_env,With CLR,regression_18,C_environment_microbiome,pysr,B31_Acidovorax,0.0027777777777777,100,5,complete_100_seeds
family2_full_microbiome_clr_raw_env,With CLR,regression_18,C_environment_microbiome,pysr,B323_Marinovum,0.0355555555555555,100,45,complete_100_seeds
family2_full_microbiome_clr_raw_env,With CLR,regression_18,C_environment_microbiome,pysr,B326_Unclassified_Genus64,0.0072222222222222,100,12,complete_100_seeds
family2_full_microbiome_clr_raw_env,With CLR,regression_18,C_environment_microbiome,pysr,B328_Unclassified_Genus65,0.0005555555555555,100,1,complete_100_seeds
family2_full_microbiome_clr_raw_env,With CLR,regression_18,C_environment_microbiome,pysr,B329_Paeniglutamicibacter,0.0011111111111111,100,2,complete_100_seeds
family2_full_microbiome_clr_raw_env,With CLR,regression_18,C_environment_microbiome,pysr,B32_Rathayibacter,0.0005555555555555,100,1,complete_100_seeds
family2_full_microbiome_clr_raw_env,With CLR,regression_18,C_environment_microbiome,pysr,B331_Unclassified_Genus66,0.0005555555555555,100,1,complete_100_seeds
family2_full_microbiome_clr_raw_env,With CLR,regression_18,C_environment_microbiome,pysr,B334_Methylotenera,0.0033333333333333,100,6,complete_100_seeds
family2_full_microbiome_clr_raw_env,With CLR,regression_18,C_environment_microbiome,pysr,B336_Hirschia,0.0066666666666666,100,12,complete_100_seeds
family2_full_microbiome_clr_raw_env,With CLR,regression_18,C_environment_microbiome,pysr,B337_Unclassified_Genus67,0.0038888888888888,100,7,complete_100_seeds
family2_full_microbiome_clr_raw_env,With CLR,regression_18,C_environment_microbiome,pysr,B338_Geminicoccus,0.0005555555555555,100,1,complete_100_seeds
family2_full_microbiome_clr_raw_env,With CLR,regression_18,C_environment_microbiome,pysr,B33_Pelomonas,0.0033333333333333,100,5,complete_100_seeds
family2_full_microbiome_clr_raw_env,With CLR,regression_18,C_environment_microbiome,pysr,B340_Unclassified_Genus68,0.0005555555555555,100,1,complete_100_seeds
family2_full_microbiome_clr_raw_env,With CLR,regression_18,C_environment_microbiome,pysr,B341_Unclassified_Genus69,0.0016666666666666,100,3,complete_100_seeds
family2_full_microbiome_clr_raw_env,With CLR,regression_18,C_environment_microbiome,pysr,B343_Rhodoferax,0.005,100,9,complete_100_seeds
family2_full_microbiome_clr_raw_env,With CLR,regression_18,C_environment_microbiome,pysr,B344_Algibacter,0.0127777777777777,100,20,complete_100_seeds
family2_full_microbiome_clr_raw_env,With CLR,regression_18,C_environment_microbiome,pysr,B346_Unclassified_Genus70,0.0005555555555555,100,1,complete_100_seeds
family2_full_microbiome_clr_raw_env,With CLR,regression_18,C_environment_microbiome,pysr,B347_Quadrisphaera,0.0005555555555555,100,1,complete_100_seeds
family2_full_microbiome_clr_raw_env,With CLR,regression_18,C_environment_microbiome,pysr,B349_Polaribacter,0.0011111111111111,100,2,complete_100_seeds
family2_full_microbiome_clr_raw_env,With CLR,regression_18,C_environment_microbiome,pysr,B351_Crocinitomix,0.0044444444444444,100,8,complete_100_seeds
family2_full_microbiome_clr_raw_env,With CLR,regression_18,C_environment_microbiome,pysr,B354_Rubrivivax,0.0011111111111111,100,2,complete_100_seeds
family2_full_microbiome_clr_raw_env,With CLR,regression_18,C_environment_microbiome,pysr,B357_Unclassified_Genus75,0.0011111111111111,100,2,complete_100_seeds
family2_full_microbiome_clr_raw_env,With CLR,regression_18,C_environment_microbiome,pysr,B358_Arenicella,0.0394444444444444,100,47,complete_100_seeds
family2_full_microbiome_clr_raw_env,With CLR,regression_18,C_environment_microbiome,pysr,B359_Phyllobacterium,0.0005555555555555,100,1,complete_100_seeds
family2_full_microbiome_clr_raw_env,With CLR,regression_18,C_environment_microbiome,pysr,B35_Nocardioides,0.0005555555555555,100,1,complete_100_seeds
family2_full_microbiome_clr_raw_env,With CLR,regression_18,C_environment_microbiome,pysr,B360_Unclassified_Genus76,0.0027777777777777,100,5,complete_100_seeds
family2_full_microbiome_clr_raw_env,With CLR,regression_18,C_environment_microbiome,pysr,B361_Lacihabitans,0.0005555555555555,100,1,complete_100_seeds
family2_full_microbiome_clr_raw_env,With CLR,regression_18,C_environment_microbiome,pysr,B362_Lysobacter,0.0005555555555555,100,1,complete_100_seeds
family2_full_microbiome_clr_raw_env,With CLR,regression_18,C_environment_microbiome,pysr,B363_IMCC26207,0.0361111111111111,100,50,complete_100_seeds
family2_full_microbiome_clr_raw_env,With CLR,regression_18,C_environment_microbiome,pysr,B364_Unclassified_Genus77,0.0011111111111111,100,2,complete_100_seeds
family2_full_microbiome_clr_raw_env,With CLR,regression_18,C_environment_microbiome,pysr,B366_Blastocatella,0.0005555555555555,100,1,complete_100_seeds
family2_full_microbiome_clr_raw_env,With CLR,regression_18,C_environment_microbiome,pysr,B367_Neptunomonas,0.0055555555555555,100,9,complete_100_seeds
family2_full_microbiome_clr_raw_env,With CLR,regression_18,C_environment_microbiome,pysr,B368_Unclassified_Genus79,0.0011111111111111,100,2,complete_100_seeds
family2_full_microbiome_clr_raw_env,With CLR,regression_18,C_environment_microbiome,pysr,B36_NS3a_marine_group,0.0005555555555555,100,1,complete_100_seeds
family2_full_microbiome_clr_raw_env,With CLR,regression_18,C_environment_microbiome,pysr,B371_Conexibacter,0.0011111111111111,100,2,complete_100_seeds
family2_full_microbiome_clr_raw_env,With CLR,regression_18,C_environment_microbiome,pysr,B372_Spirosoma,0.0066666666666666,100,12,complete_100_seeds
family2_full_microbiome_clr_raw_env,With CLR,regression_18,C_environment_microbiome,pysr,B374_Aliivibrio,0.0005555555555555,100,1,complete_100_seeds
family2_full_microbiome_clr_raw_env,With CLR,regression_18,C_environment_microbiome,pysr,B376_Unclassified_Genus82,0.0005555555555555,100,1,complete_100_seeds
family2_full_microbiome_clr_raw_env,With CLR,regression_18,C_environment_microbiome,pysr,B378_Unclassified_Genus83,0.0016666666666666,100,3,complete_100_seeds
family2_full_microbiome_clr_raw_env,With CLR,regression_18,C_environment_microbiome,pysr,B380_Pelosinus,0.0005555555555555,100,1,complete_100_seeds
family2_full_microbiome_clr_raw_env,With CLR,regression_18,C_environment_microbiome,pysr,B381_Unclassified_Genus84,0.0194444444444444,100,29,complete_100_seeds
family2_full_microbiome_clr_raw_env,With CLR,regression_18,C_environment_microbiome,pysr,B382_Polymorphobacter,0.0133333333333333,100,23,complete_100_seeds
family2_full_microbiome_clr_raw_env,With CLR,regression_18,C_environment_microbiome,pysr,B384_Unclassified_Genus85,0.0005555555555555,100,1,complete_100_seeds
family2_full_microbiome_clr_raw_env,With CLR,regression_18,C_environment_microbiome,pysr,B388_Unclassified_Genus89,0.0005555555555555,100,1,complete_100_seeds
family2_full_microbiome_clr_raw_env,With CLR,regression_18,C_environment_microbiome,pysr,B38_Unclassified_Genus2,0.0011111111111111,100,2,complete_100_seeds
family2_full_microbiome_clr_raw_env,With CLR,regression_18,C_environment_microbiome,pysr,B390_Unclassified_Genus91,0.0005555555555555,100,1,complete_100_seeds
family2_full_microbiome_clr_raw_env,With CLR,regression_18,C_environment_microbiome,pysr,B391_Sphingobium,0.0005555555555555,100,1,complete_100_seeds
family2_full_microbiome_clr_raw_env,With CLR,regression_18,C_environment_microbiome,pysr,B394_Paraclostridium,0.0011111111111111,100,2,complete_100_seeds
family2_full_microbiome_clr_raw_env,With CLR,regression_18,C_environment_microbiome,pysr,B395_Solimonas,0.0005555555555555,100,1,complete_100_seeds
family2_full_microbiome_clr_raw_env,With CLR,regression_18,C_environment_microbiome,pysr,B398_Pseudarcobacter,0.0044444444444444,100,8,complete_100_seeds
family2_full_microbiome_clr_raw_env,With CLR,regression_18,C_environment_microbiome,pysr,B399_Unclassified_Genus94,0.0005555555555555,100,1,complete_100_seeds
family2_full_microbiome_clr_raw_env,With CLR,regression_18,C_environment_microbiome,pysr,B39_Burkholderia_Caballeronia_Paraburkholderia,0.0005555555555555,100,1,complete_100_seeds
family2_full_microbiome_clr_raw_env,With CLR,regression_18,C_environment_microbiome,pysr,B3_Rothia,0.0027777777777777,100,4,complete_100_seeds
family2_full_microbiome_clr_raw_env,With CLR,regression_18,C_environment_microbiome,pysr,B400_Dyadobacter,0.0005555555555555,100,1,complete_100_seeds
family2_full_microbiome_clr_raw_env,With CLR,regression_18,C_environment_microbiome,pysr,B401_Thalassolituus,0.0022222222222222,100,4,complete_100_seeds
family2_full_microbiome_clr_raw_env,With CLR,regression_18,C_environment_microbiome,pysr,B403_Solitalea,0.0005555555555555,100,1,complete_100_seeds
family2_full_microbiome_clr_raw_env,With CLR,regression_18,C_environment_microbiome,pysr,B404_Asticcacaulis,0.0111111111111111,100,18,complete_100_seeds
family2_full_microbiome_clr_raw_env,With CLR,regression_18,C_environment_microbiome,pysr,B405_Unclassified_Genus95,0.0044444444444444,100,8,complete_100_seeds
family2_full_microbiome_clr_raw_env,With CLR,regression_18,C_environment_microbiome,pysr,B407_Unclassified_Genus96,0.0005555555555555,100,1,complete_100_seeds
family2_full_microbiome_clr_raw_env,With CLR,regression_18,C_environment_microbiome,pysr,B408_Unclassified_Genus97,0.0005555555555555,100,1,complete_100_seeds
family2_full_microbiome_clr_raw_env,With CLR,regression_18,C_environment_microbiome,pysr,B40_Pseudohongiella,0.0038888888888888,100,5,complete_100_seeds
family2_full_microbiome_clr_raw_env,With CLR,regression_18,C_environment_microbiome,pysr,B410_Unclassified_Genus98,0.01,100,18,complete_100_seeds
family2_full_microbiome_clr_raw_env,With CLR,regression_18,C_environment_microbiome,pysr,B412_Caenimonas,0.0005555555555555,100,1,complete_100_seeds
family2_full_microbiome_clr_raw_env,With CLR,regression_18,C_environment_microbiome,pysr,B414_Hyphomonas,0.0005555555555555,100,1,complete_100_seeds
family2_full_microbiome_clr_raw_env,With CLR,regression_18,C_environment_microbiome,pysr,B418_Unclassified_Genus101,0.0005555555555555,100,1,complete_100_seeds
family2_full_microbiome_clr_raw_env,With CLR,regression_18,C_environment_microbiome,pysr,B419_Psychrosphaera,0.0277777777777777,100,35,complete_100_seeds
family2_full_microbiome_clr_raw_env,With CLR,regression_18,C_environment_microbiome,pysr,B41_Staphylococcus,0.0633333333333333,100,69,complete_100_seeds
family2_full_microbiome_clr_raw_env,With CLR,regression_18,C_environment_microbiome,pysr,B421_Acidipila,0.0005555555555555,100,1,complete_100_seeds
family2_full_microbiome_clr_raw_env,With CLR,regression_18,C_environment_microbiome,pysr,B422_Emticicia,0.0011111111111111,100,2,complete_100_seeds
family2_full_microbiome_clr_raw_env,With CLR,regression_18,C_environment_microbiome,pysr,B424_Unclassified_Genus103,0.0005555555555555,100,1,complete_100_seeds
family2_full_microbiome_clr_raw_env,With CLR,regression_18,C_environment_microbiome,pysr,B425_Aridibacter,0.0005555555555555,100,1,complete_100_seeds
family2_full_microbiome_clr_raw_env,With CLR,regression_18,C_environment_microbiome,pysr,B426_Granulosicoccus,0.01,100,16,complete_100_seeds
family2_full_microbiome_clr_raw_env,With CLR,regression_18,C_environment_microbiome,pysr,B427_Unclassified_Genus104,0.0022222222222222,100,4,complete_100_seeds
family2_full_microbiome_clr_raw_env,With CLR,regression_18,C_environment_microbiome,pysr,B428_Kaistia,0.0016666666666666,100,3,complete_100_seeds
family2_full_microbiome_clr_raw_env,With CLR,regression_18,C_environment_microbiome,pysr,B42_Aquitalea,0.0044444444444444,100,8,complete_100_seeds
family2_full_microbiome_clr_raw_env,With CLR,regression_18,C_environment_microbiome,pysr,B430_Parasegetibacter,0.0011111111111111,100,2,complete_100_seeds
family2_full_microbiome_clr_raw_env,With CLR,regression_18,C_environment_microbiome,pysr,B434_UTBCD1,0.0016666666666666,100,3,complete_100_seeds
family2_full_microbiome_clr_raw_env,With CLR,regression_18,C_environment_microbiome,pysr,B435_Flavimaricola,0.0016666666666666,100,3,complete_100_seeds
family2_full_microbiome_clr_raw_env,With CLR,regression_18,C_environment_microbiome,pysr,B436_Luteitalea,0.0011111111111111,100,2,complete_100_seeds
family2_full_microbiome_clr_raw_env,With CLR,regression_18,C_environment_microbiome,pysr,B437_Unclassified_Genus107,0.0016666666666666,100,3,complete_100_seeds
family2_full_microbiome_clr_raw_env,With CLR,regression_18,C_environment_microbiome,pysr,B438_CL500_3,0.0027777777777777,100,5,complete_100_seeds
family2_full_microbiome_clr_raw_env,With CLR,regression_18,C_environment_microbiome,pysr,B439_Unclassified_Genus108,0.0005555555555555,100,1,complete_100_seeds
family2_full_microbiome_clr_raw_env,With CLR,regression_18,C_environment_microbiome,pysr,B43_Glaciecola,0.0005555555555555,100,1,complete_100_seeds
family2_full_microbiome_clr_raw_env,With CLR,regression_18,C_environment_microbiome,pysr,B440_Sanguibacter,0.0011111111111111,100,2,complete_100_seeds
family2_full_microbiome_clr_raw_env,With CLR,regression_18,C_environment_microbiome,pysr,B442_Schleiferia,0.0133333333333333,100,19,complete_100_seeds
family2_full_microbiome_clr_raw_env,With CLR,regression_18,C_environment_microbiome,pysr,B443_Unclassified_Genus110,0.0022222222222222,100,3,complete_100_seeds
family2_full_microbiome_clr_raw_env,With CLR,regression_18,C_environment_microbiome,pysr,B445_Unclassified_Genus111,0.0005555555555555,100,1,complete_100_seeds
family2_full_microbiome_clr_raw_env,With CLR,regression_18,C_environment_microbiome,pysr,B446_Cycloclasticus,0.0144444444444444,100,24,complete_100_seeds
family2_full_microbiome_clr_raw_env,With CLR,regression_18,C_environment_microbiome,pysr,B447_Unclassified_Genus112,0.0011111111111111,100,2,complete_100_seeds
family2_full_microbiome_clr_raw_env,With CLR,regression_18,C_environment_microbiome,pysr,B448_Rhodoplanes,0.0011111111111111,100,2,complete_100_seeds
family2_full_microbiome_clr_raw_env,With CLR,regression_18,C_environment_microbiome,pysr,B449_Unclassified_Genus113,0.0011111111111111,100,2,complete_100_seeds
family2_full_microbiome_clr_raw_env,With CLR,regression_18,C_environment_microbiome,pysr,B44_Clostridium_sensu_stricto_10,0.0005555555555555,100,1,complete_100_seeds
family2_full_microbiome_clr_raw_env,With CLR,regression_18,C_environment_microbiome,pysr,B450_Cm1_21,0.0005555555555555,100,1,complete_100_seeds
family2_full_microbiome_clr_raw_env,With CLR,regression_18,C_environment_microbiome,pysr,B451_Undibacterium,0.0183333333333333,100,30,complete_100_seeds
family2_full_microbiome_clr_raw_env,With CLR,regression_18,C_environment_microbiome,pysr,B452_Unclassified_Genus114,0.0005555555555555,100,1,complete_100_seeds
family2_full_microbiome_clr_raw_env,With CLR,regression_18,C_environment_microbiome,pysr,B453_Unclassified_Genus115,0.0005555555555555,100,1,complete_100_seeds
family2_full_microbiome_clr_raw_env,With CLR,regression_18,C_environment_microbiome,pysr,B454_Fonticella,0.0005555555555555,100,1,complete_100_seeds
family2_full_microbiome_clr_raw_env,With CLR,regression_18,C_environment_microbiome,pysr,B456_Candidatus_Nitrotoga,0.0038888888888888,100,7,complete_100_seeds
family2_full_microbiome_clr_raw_env,With CLR,regression_18,C_environment_microbiome,pysr,B457_SZB85,0.0022222222222222,100,4,complete_100_seeds
family2_full_microbiome_clr_raw_env,With CLR,regression_18,C_environment_microbiome,pysr,B458_Unclassified_Genus117,0.0011111111111111,100,2,complete_100_seeds
family2_full_microbiome_clr_raw_env,With CLR,regression_18,C_environment_microbiome,pysr,B459_Unclassified_Genus118,0.0022222222222222,100,3,complete_100_seeds
family2_full_microbiome_clr_raw_env,With CLR,regression_18,C_environment_microbiome,pysr,B460_Belnapia,0.0011111111111111,100,2,complete_100_seeds
family2_full_microbiome_clr_raw_env,With CLR,regression_18,C_environment_microbiome,pysr,B461_Lutibacter,0.0005555555555555,100,1,complete_100_seeds
family2_full_microbiome_clr_raw_env,With CLR,regression_18,C_environment_microbiome,pysr,B462_Unclassified_Genus119,0.0005555555555555,100,1,complete_100_seeds
family2_full_microbiome_clr_raw_env,With CLR,regression_18,C_environment_microbiome,pysr,B463_Noviherbaspirillum,0.0016666666666666,100,3,complete_100_seeds
family2_full_microbiome_clr_raw_env,With CLR,regression_18,C_environment_microbiome,pysr,B465_Halobacillus,0.0005555555555555,100,1,complete_100_seeds
family2_full_microbiome_clr_raw_env,With CLR,regression_18,C_environment_microbiome,pysr,B468_Unclassified_Genus121,0.0005555555555555,100,1,complete_100_seeds
family2_full_microbiome_clr_raw_env,With CLR,regression_18,C_environment_microbiome,pysr,B471_Geodermatophilus,0.0005555555555555,100,1,complete_100_seeds
family2_full_microbiome_clr_raw_env,With CLR,regression_18,C_environment_microbiome,pysr,B472_Methylocella,0.0005555555555555,100,1,complete_100_seeds
family2_full_microbiome_clr_raw_env,With CLR,regression_18,C_environment_microbiome,pysr,B475_Taeseokella,0.0005555555555555,100,1,complete_100_seeds
family2_full_microbiome_clr_raw_env,With CLR,regression_18,C_environment_microbiome,pysr,B476_Dactylosporangium,0.0005555555555555,100,1,complete_100_seeds
family2_full_microbiome_clr_raw_env,With CLR,regression_18,C_environment_microbiome,pysr,B477_Cellulomonas,0.0011111111111111,100,2,complete_100_seeds
family2_full_microbiome_clr_raw_env,With CLR,regression_18,C_environment_microbiome,pysr,B478_Nitratireductor,0.0005555555555555,100,1,complete_100_seeds
family2_full_microbiome_clr_raw_env,With CLR,regression_18,C_environment_microbiome,pysr,B479_Unclassified_Genus123,0.0005555555555555,100,1,complete_100_seeds
family2_full_microbiome_clr_raw_env,With CLR,regression_18,C_environment_microbiome,pysr,B480_Runella,0.0005555555555555,100,1,complete_100_seeds
family2_full_microbiome_clr_raw_env,With CLR,regression_18,C_environment_microbiome,pysr,B481_Limibaculum,0.0005555555555555,100,1,complete_100_seeds
family2_full_microbiome_clr_raw_env,With CLR,regression_18,C_environment_microbiome,pysr,B484_Defluviimonas,0.0005555555555555,100,1,complete_100_seeds
family2_full_microbiome_clr_raw_env,With CLR,regression_18,C_environment_microbiome,pysr,B485_Neochlamydia,0.0033333333333333,100,6,complete_100_seeds
family2_full_microbiome_clr_raw_env,With CLR,regression_18,C_environment_microbiome,pysr,B486_Brevibacillus,0.0011111111111111,100,2,complete_100_seeds
family2_full_microbiome_clr_raw_env,With CLR,regression_18,C_environment_microbiome,pysr,B487_Unclassified_Genus125,0.0005555555555555,100,1,complete_100_seeds
family2_full_microbiome_clr_raw_env,With CLR,regression_18,C_environment_microbiome,pysr,B489_Bauldia,0.0072222222222222,100,13,complete_100_seeds
family2_full_microbiome_clr_raw_env,With CLR,regression_18,C_environment_microbiome,pysr,B48_Acinetobacter,0.0033333333333333,100,5,complete_100_seeds
family2_full_microbiome_clr_raw_env,With CLR,regression_18,C_environment_microbiome,pysr,B493_Jatrophihabitans,0.0011111111111111,100,2,complete_100_seeds
family2_full_microbiome_clr_raw_env,With CLR,regression_18,C_environment_microbiome,pysr,B494_Sediminibacterium,0.0005555555555555,100,1,complete_100_seeds
family2_full_microbiome_clr_raw_env,With CLR,regression_18,C_environment_microbiome,pysr,B498_Unclassified_Genus130,0.0027777777777777,100,5,complete_100_seeds
family2_full_microbiome_clr_raw_env,With CLR,regression_18,C_environment_microbiome,pysr,B500_Granulicella,0.0005555555555555,100,1,complete_100_seeds
family2_full_microbiome_clr_raw_env,With CLR,regression_18,C_environment_microbiome,pysr,B501_Unclassified_Genus131,0.0011111111111111,100,2,complete_100_seeds
family2_full_microbiome_clr_raw_env,With CLR,regression_18,C_environment_microbiome,pysr,B503_Gemmatimonas,0.0016666666666666,100,3,complete_100_seeds
family2_full_microbiome_clr_raw_env,With CLR,regression_18,C_environment_microbiome,pysr,B507_Unclassified_Genus133,0.0005555555555555,100,1,complete_100_seeds
family2_full_microbiome_clr_raw_env,With CLR,regression_18,C_environment_microbiome,pysr,B512_Unclassified_Genus136,0.0011111111111111,100,2,complete_100_seeds
family2_full_microbiome_clr_raw_env,With CLR,regression_18,C_environment_microbiome,pysr,B513_Planomicrobium,0.0011111111111111,100,2,complete_100_seeds
family2_full_microbiome_clr_raw_env,With CLR,regression_18,C_environment_microbiome,pysr,B514_Unclassified_Genus137,0.0005555555555555,100,1,complete_100_seeds
family2_full_microbiome_clr_raw_env,With CLR,regression_18,C_environment_microbiome,pysr,B515_Dechloromonas,0.0027777777777777,100,5,complete_100_seeds
family2_full_microbiome_clr_raw_env,With CLR,regression_18,C_environment_microbiome,pysr,B517_Unclassified_Genus138,0.0088888888888888,100,13,complete_100_seeds
family2_full_microbiome_clr_raw_env,With CLR,regression_18,C_environment_microbiome,pysr,B518_Unclassified_Genus140,0.0194444444444444,100,32,complete_100_seeds
family2_full_microbiome_clr_raw_env,With CLR,regression_18,C_environment_microbiome,pysr,B519_Tardiphaga,0.0038888888888888,100,7,complete_100_seeds
family2_full_microbiome_clr_raw_env,With CLR,regression_18,C_environment_microbiome,pysr,B51_Sulfitobacter,0.0127777777777777,100,20,complete_100_seeds
family2_full_microbiome_clr_raw_env,With CLR,regression_18,C_environment_microbiome,pysr,B521_Candidatus_Koribacter,0.0005555555555555,100,1,complete_100_seeds
family2_full_microbiome_clr_raw_env,With CLR,regression_18,C_environment_microbiome,pysr,B522_Unclassified_Genus142,0.0005555555555555,100,1,complete_100_seeds
family2_full_microbiome_clr_raw_env,With CLR,regression_18,C_environment_microbiome,pysr,B525_Labrys,0.0011111111111111,100,2,complete_100_seeds
family2_full_microbiome_clr_raw_env,With CLR,regression_18,C_environment_microbiome,pysr,B527_SWB02,0.0005555555555555,100,1,complete_100_seeds
family2_full_microbiome_clr_raw_env,With CLR,regression_18,C_environment_microbiome,pysr,B528_Unclassified_Genus143,0.0361111111111111,100,51,complete_100_seeds
family2_full_microbiome_clr_raw_env,With CLR,regression_18,C_environment_microbiome,pysr,B529_Hoppeia,0.0011111111111111,100,2,complete_100_seeds
family2_full_microbiome_clr_raw_env,With CLR,regression_18,C_environment_microbiome,pysr,B530_Actibacter,0.005,100,9,complete_100_seeds
family2_full_microbiome_clr_raw_env,With CLR,regression_18,C_environment_microbiome,pysr,B531_Limnohabitans,0.0005555555555555,100,1,complete_100_seeds
family2_full_microbiome_clr_raw_env,With CLR,regression_18,C_environment_microbiome,pysr,B533_Kribbella,0.0011111111111111,100,2,complete_100_seeds
family2_full_microbiome_clr_raw_env,With CLR,regression_18,C_environment_microbiome,pysr,B534_Unclassified_Genus144,0.0011111111111111,100,2,complete_100_seeds
family2_full_microbiome_clr_raw_env,With CLR,regression_18,C_environment_microbiome,pysr,B535_Dongia,0.0005555555555555,100,1,complete_100_seeds
family2_full_microbiome_clr_raw_env,With CLR,regression_18,C_environment_microbiome,pysr,B536_Unclassified_Genus145,0.0016666666666666,100,3,complete_100_seeds
family2_full_microbiome_clr_raw_env,With CLR,regression_18,C_environment_microbiome,pysr,B540_Cereibacter,0.0022222222222222,100,4,complete_100_seeds
family2_full_microbiome_clr_raw_env,With CLR,regression_18,C_environment_microbiome,pysr,B542_Anaerosinus,0.0005555555555555,100,1,complete_100_seeds
family2_full_microbiome_clr_raw_env,With CLR,regression_18,C_environment_microbiome,pysr,B543_Unclassified_Genus147,0.0016666666666666,100,3,complete_100_seeds
family2_full_microbiome_clr_raw_env,With CLR,regression_18,C_environment_microbiome,pysr,B544_Unclassified_Genus148,0.0483333333333333,100,62,complete_100_seeds
family2_full_microbiome_clr_raw_env,With CLR,regression_18,C_environment_microbiome,pysr,B546_Halovulum,0.0094444444444444,100,15,complete_100_seeds
family2_full_microbiome_clr_raw_env,With CLR,regression_18,C_environment_microbiome,pysr,B548_Unclassified_Genus150,0.0011111111111111,100,2,complete_100_seeds
family2_full_microbiome_clr_raw_env,With CLR,regression_18,C_environment_microbiome,pysr,B54_Paenisporosarcina,0.0005555555555555,100,1,complete_100_seeds
family2_full_microbiome_clr_raw_env,With CLR,regression_18,C_environment_microbiome,pysr,B550_Unclassified_Genus152,0.0005555555555555,100,1,complete_100_seeds
family2_full_microbiome_clr_raw_env,With CLR,regression_18,C_environment_microbiome,pysr,B551_Blastomonas,0.0083333333333333,100,13,complete_100_seeds
family2_full_microbiome_clr_raw_env,With CLR,regression_18,C_environment_microbiome,pysr,B552_Unclassified_Genus153,0.0016666666666666,100,3,complete_100_seeds
family2_full_microbiome_clr_raw_env,With CLR,regression_18,C_environment_microbiome,pysr,B553_Unclassified_Genus154,0.0055555555555555,100,9,complete_100_seeds
family2_full_microbiome_clr_raw_env,With CLR,regression_18,C_environment_microbiome,pysr,B557_Unclassified_Genus156,0.0022222222222222,100,4,complete_100_seeds
family2_full_microbiome_clr_raw_env,With CLR,regression_18,C_environment_microbiome,pysr,B55_Vibrio,0.0877777777777777,100,86,complete_100_seeds
family2_full_microbiome_clr_raw_env,With CLR,regression_18,C_environment_microbiome,pysr,B561_Ellin6067,0.0011111111111111,100,2,complete_100_seeds
family2_full_microbiome_clr_raw_env,With CLR,regression_18,C_environment_microbiome,pysr,B564_Croceicoccus,0.0061111111111111,100,11,complete_100_seeds
family2_full_microbiome_clr_raw_env,With CLR,regression_18,C_environment_microbiome,pysr,B571_Marimicrobium,0.0011111111111111,100,2,complete_100_seeds
family2_full_microbiome_clr_raw_env,With CLR,regression_18,C_environment_microbiome,pysr,B573_Occallatibacter,0.0011111111111111,100,2,complete_100_seeds
family2_full_microbiome_clr_raw_env,With CLR,regression_18,C_environment_microbiome,pysr,B575_Litoreibacter,0.0005555555555555,100,1,complete_100_seeds
family2_full_microbiome_clr_raw_env,With CLR,regression_18,C_environment_microbiome,pysr,B576_Xylophilus,0.0011111111111111,100,2,complete_100_seeds
family2_full_microbiome_clr_raw_env,With CLR,regression_18,C_environment_microbiome,pysr,B577_Phaeodactylibacter,0.0011111111111111,100,2,complete_100_seeds
family2_full_microbiome_clr_raw_env,With CLR,regression_18,C_environment_microbiome,pysr,B578_Afipia,0.0083333333333333,100,14,complete_100_seeds
family2_full_microbiome_clr_raw_env,With CLR,regression_18,C_environment_microbiome,pysr,B57_Kocuria,0.0005555555555555,100,1,complete_100_seeds
family2_full_microbiome_clr_raw_env,With CLR,regression_18,C_environment_microbiome,pysr,B580_Candidatus_Entotheonella,0.0005555555555555,100,1,complete_100_seeds
family2_full_microbiome_clr_raw_env,With CLR,regression_18,C_environment_microbiome,pysr,B581_Kitasatospora,0.0016666666666666,100,3,complete_100_seeds
family2_full_microbiome_clr_raw_env,With CLR,regression_18,C_environment_microbiome,pysr,B586_Lapillicoccus,0.0016666666666666,100,3,complete_100_seeds
family2_full_microbiome_clr_raw_env,With CLR,regression_18,C_environment_microbiome,pysr,B587_Unclassified_Genus164,0.0011111111111111,100,2,complete_100_seeds
family2_full_microbiome_clr_raw_env,With CLR,regression_18,C_environment_microbiome,pysr,B589_Rhodoblastus,0.0005555555555555,100,1,complete_100_seeds
family2_full_microbiome_clr_raw_env,With CLR,regression_18,C_environment_microbiome,pysr,B58_Agromyces,0.0211111111111111,100,34,complete_100_seeds
family2_full_microbiome_clr_raw_env,With CLR,regression_18,C_environment_microbiome,pysr,B591_Prosthecomicrobium,0.0116666666666666,100,18,complete_100_seeds
family2_full_microbiome_clr_raw_env,With CLR,regression_18,C_environment_microbiome,pysr,B593_Plot4_2H12,0.0016666666666666,100,3,complete_100_seeds
family2_full_microbiome_clr_raw_env,With CLR,regression_18,C_environment_microbiome,pysr,B594_Unclassified_Genus167,0.0005555555555555,100,1,complete_100_seeds
family2_full_microbiome_clr_raw_env,With CLR,regression_18,C_environment_microbiome,pysr,B596_Parafrigoribacterium,0.0011111111111111,100,2,complete_100_seeds
family2_full_microbiome_clr_raw_env,With CLR,regression_18,C_environment_microbiome,pysr,B59_Altererythrobacter,0.0011111111111111,100,2,complete_100_seeds
family2_full_microbiome_clr_raw_env,With CLR,regression_18,C_environment_microbiome,pysr,B600_Unclassified_Genus170,0.0011111111111111,100,2,complete_100_seeds
family2_full_microbiome_clr_raw_env,With CLR,regression_18,C_environment_microbiome,pysr,B601_Caryophanon,0.0005555555555555,100,1,complete_100_seeds
family2_full_microbiome_clr_raw_env,With CLR,regression_18,C_environment_microbiome,pysr,B604_Unclassified_Genus172,0.0061111111111111,100,10,complete_100_seeds
family2_full_microbiome_clr_raw_env,With CLR,regression_18,C_environment_microbiome,pysr,B606_Sulfurifustis,0.0055555555555555,100,9,complete_100_seeds
family2_full_microbiome_clr_raw_env,With CLR,regression_18,C_environment_microbiome,pysr,B609_Unclassified_Genus175,0.0011111111111111,100,2,complete_100_seeds
family2_full_microbiome_clr_raw_env,With CLR,regression_18,C_environment_microbiome,pysr,B60_Unclassified_Genus5,0.0238888888888888,100,35,complete_100_seeds
family2_full_microbiome_clr_raw_env,With CLR,regression_18,C_environment_microbiome,pysr,B612_Unclassified_Genus178,0.0033333333333333,100,6,complete_100_seeds
family2_full_microbiome_clr_raw_env,With CLR,regression_18,C_environment_microbiome,pysr,B619_hgcI_clade,0.0072222222222222,100,13,complete_100_seeds
family2_full_microbiome_clr_raw_env,With CLR,regression_18,C_environment_microbiome,pysr,B61_Sediminicola,0.0072222222222222,100,13,complete_100_seeds
family2_full_microbiome_clr_raw_env,With CLR,regression_18,C_environment_microbiome,pysr,B620_Roseisolibacter,0.0005555555555555,100,1,complete_100_seeds
family2_full_microbiome_clr_raw_env,With CLR,regression_18,C_environment_microbiome,pysr,B621_Unclassified_Genus181,0.0005555555555555,100,1,complete_100_seeds
family2_full_microbiome_clr_raw_env,With CLR,regression_18,C_environment_microbiome,pysr,B624_Oryzihumus,0.0005555555555555,100,1,complete_100_seeds
family2_full_microbiome_clr_raw_env,With CLR,regression_18,C_environment_microbiome,pysr,B627_Hydrogenispora,0.0005555555555555,100,1,complete_100_seeds
family2_full_microbiome_clr_raw_env,With CLR,regression_18,C_environment_microbiome,pysr,B628_Archangium,0.0005555555555555,100,1,complete_100_seeds
family2_full_microbiome_clr_raw_env,With CLR,regression_18,C_environment_microbiome,pysr,B630_Unclassified_Genus183,0.0005555555555555,100,1,complete_100_seeds
family2_full_microbiome_clr_raw_env,With CLR,regression_18,C_environment_microbiome,pysr,B631_Unclassified_Genus184,0.0016666666666666,100,3,complete_100_seeds
family2_full_microbiome_clr_raw_env,With CLR,regression_18,C_environment_microbiome,pysr,B632_SCGC_AAA164_E04,0.0005555555555555,100,1,complete_100_seeds
family2_full_microbiome_clr_raw_env,With CLR,regression_18,C_environment_microbiome,pysr,B635_Fulvivirga,0.0005555555555555,100,1,complete_100_seeds
family2_full_microbiome_clr_raw_env,With CLR,regression_18,C_environment_microbiome,pysr,B638_Desulfobulbus,0.0005555555555555,100,1,complete_100_seeds
family2_full_microbiome_clr_raw_env,With CLR,regression_18,C_environment_microbiome,pysr,B639_Ruminiclostridium,0.0005555555555555,100,1,complete_100_seeds
family2_full_microbiome_clr_raw_env,With CLR,regression_18,C_environment_microbiome,pysr,B63_Clostridium_sensu_stricto_13,0.0016666666666666,100,3,complete_100_seeds
family2_full_microbiome_clr_raw_env,With CLR,regression_18,C_environment_microbiome,pysr,B641_Unclassified_Genus189,0.0016666666666666,100,2,complete_100_seeds
family2_full_microbiome_clr_raw_env,With CLR,regression_18,C_environment_microbiome,pysr,B642_Luedemannella,0.0016666666666666,100,3,complete_100_seeds
family2_full_microbiome_clr_raw_env,With CLR,regression_18,C_environment_microbiome,pysr,B645_Acetobacterium,0.0011111111111111,100,2,complete_100_seeds
family2_full_microbiome_clr_raw_env,With CLR,regression_18,C_environment_microbiome,pysr,B647_SAR92_clade,0.0016666666666666,100,3,complete_100_seeds
family2_full_microbiome_clr_raw_env,With CLR,regression_18,C_environment_microbiome,pysr,B649_OLB8,0.0005555555555555,100,1,complete_100_seeds
family2_full_microbiome_clr_raw_env,With CLR,regression_18,C_environment_microbiome,pysr,B64_Janibacter,0.0005555555555555,100,1,complete_100_seeds
family2_full_microbiome_clr_raw_env,With CLR,regression_18,C_environment_microbiome,pysr,B650_Gilvibacter,0.0327777777777777,100,42,complete_100_seeds
family2_full_microbiome_clr_raw_env,With CLR,regression_18,C_environment_microbiome,pysr,B653_Unclassified_Genus198,0.0005555555555555,100,1,complete_100_seeds
family2_full_microbiome_clr_raw_env,With CLR,regression_18,C_environment_microbiome,pysr,B655_Tetrasphaera,0.0022222222222222,100,4,complete_100_seeds
family2_full_microbiome_clr_raw_env,With CLR,regression_18,C_environment_microbiome,pysr,B658_Unclassified_Genus202,0.0005555555555555,100,1,complete_100_seeds
family2_full_microbiome_clr_raw_env,With CLR,regression_18,C_environment_microbiome,pysr,B659_Anaeromyxobacter,0.0005555555555555,100,1,complete_100_seeds
family2_full_microbiome_clr_raw_env,With CLR,regression_18,C_environment_microbiome,pysr,B65_Thermoanaerobacterium,0.0072222222222222,100,13,complete_100_seeds
family2_full_microbiome_clr_raw_env,With CLR,regression_18,C_environment_microbiome,pysr,B661_Quatrionicoccus,0.0022222222222222,100,4,complete_100_seeds
family2_full_microbiome_clr_raw_env,With CLR,regression_18,C_environment_microbiome,pysr,B663_Unclassified_Genus207,0.0133333333333333,100,20,complete_100_seeds
family2_full_microbiome_clr_raw_env,With CLR,regression_18,C_environment_microbiome,pysr,B664_Unclassified_Genus208,0.0005555555555555,100,1,complete_100_seeds
family2_full_microbiome_clr_raw_env,With CLR,regression_18,C_environment_microbiome,pysr,B667_Unclassified_Genus211,0.0072222222222222,100,13,complete_100_seeds
family2_full_microbiome_clr_raw_env,With CLR,regression_18,C_environment_microbiome,pysr,B670_Actinoplanes,0.0005555555555555,100,1,complete_100_seeds
family2_full_microbiome_clr_raw_env,With CLR,regression_18,C_environment_microbiome,pysr,B671_Rhodanobacter,0.0005555555555555,100,1,complete_100_seeds
family2_full_microbiome_clr_raw_env,With CLR,regression_18,C_environment_microbiome,pysr,B672_Desulfosporosinus,0.0005555555555555,100,1,complete_100_seeds
family2_full_microbiome_clr_raw_env,With CLR,regression_18,C_environment_microbiome,pysr,B673_Unclassified_Genus221,0.0005555555555555,100,1,complete_100_seeds
family2_full_microbiome_clr_raw_env,With CLR,regression_18,C_environment_microbiome,pysr,B674_Actinopolymorpha,0.0005555555555555,100,1,complete_100_seeds
family2_full_microbiome_clr_raw_env,With CLR,regression_18,C_environment_microbiome,pysr,B675_Amnibacterium,0.0027777777777777,100,5,complete_100_seeds
family2_full_microbiome_clr_raw_env,With CLR,regression_18,C_environment_microbiome,pysr,B67_Zhongshania,0.0016666666666666,100,3,complete_100_seeds
family2_full_microbiome_clr_raw_env,With CLR,regression_18,C_environment_microbiome,pysr,B68_Lewinella,0.0005555555555555,100,1,complete_100_seeds
family2_full_microbiome_clr_raw_env,With CLR,regression_18,C_environment_microbiome,pysr,B69_Oleibacter,0.0105555555555555,100,17,complete_100_seeds
family2_full_microbiome_clr_raw_env,With CLR,regression_18,C_environment_microbiome,pysr,B6_Pacificibacter,0.0411111111111111,100,51,complete_100_seeds
family2_full_microbiome_clr_raw_env,With CLR,regression_18,C_environment_microbiome,pysr,B70_Marinomonas,0.0022222222222222,100,4,complete_100_seeds
family2_full_microbiome_clr_raw_env,With CLR,regression_18,C_environment_microbiome,pysr,B71_Brevundimonas,0.0116666666666666,100,19,complete_100_seeds
family2_full_microbiome_clr_raw_env,With CLR,regression_18,C_environment_microbiome,pysr,B73_Planococcus,0.0005555555555555,100,1,complete_100_seeds
family2_full_microbiome_clr_raw_env,With CLR,regression_18,C_environment_microbiome,pysr,B74_Algoriphagus,0.0005555555555555,100,1,complete_100_seeds
family2_full_microbiome_clr_raw_env,With CLR,regression_18,C_environment_microbiome,pysr,B75_JGI_0001001_H03,0.0005555555555555,100,1,complete_100_seeds
family2_full_microbiome_clr_raw_env,With CLR,regression_18,C_environment_microbiome,pysr,B77_GKS98_freshwater_group,0.0016666666666666,100,3,complete_100_seeds
family2_full_microbiome_clr_raw_env,With CLR,regression_18,C_environment_microbiome,pysr,B78_Filomicrobium,0.0005555555555555,100,1,complete_100_seeds
family2_full_microbiome_clr_raw_env,With CLR,regression_18,C_environment_microbiome,pysr,B79_Aureimonas,0.0005555555555555,100,1,complete_100_seeds
family2_full_microbiome_clr_raw_env,With CLR,regression_18,C_environment_microbiome,pysr,B7_Veillonella,0.0116666666666666,100,20,complete_100_seeds
family2_full_microbiome_clr_raw_env,With CLR,regression_18,C_environment_microbiome,pysr,B80_Caulobacter,0.1083333333333333,100,91,complete_100_seeds
family2_full_microbiome_clr_raw_env,With CLR,regression_18,C_environment_microbiome,pysr,B81_Unclassified_Genus7,0.0016666666666666,100,3,complete_100_seeds
family2_full_microbiome_clr_raw_env,With CLR,regression_18,C_environment_microbiome,pysr,B82_OM43_clade,0.0016666666666666,100,3,complete_100_seeds
family2_full_microbiome_clr_raw_env,With CLR,regression_18,C_environment_microbiome,pysr,B84_Tateyamaria,0.0011111111111111,100,2,complete_100_seeds
family2_full_microbiome_clr_raw_env,With CLR,regression_18,C_environment_microbiome,pysr,B86_Rummeliibacillus,0.0005555555555555,100,1,complete_100_seeds
family2_full_microbiome_clr_raw_env,With CLR,regression_18,C_environment_microbiome,pysr,B8_Tepidiphilus,0.02,100,31,complete_100_seeds
family2_full_microbiome_clr_raw_env,With CLR,regression_18,C_environment_microbiome,pysr,B94_Mucilaginibacter,0.0005555555555555,100,1,complete_100_seeds
family2_full_microbiome_clr_raw_env,With CLR,regression_18,C_environment_microbiome,pysr,B95_Unclassified_Genus9,0.0005555555555555,100,1,complete_100_seeds
family2_full_microbiome_clr_raw_env,With CLR,regression_18,C_environment_microbiome,pysr,B96_Alkalimarinus,0.0338888888888888,100,46,complete_100_seeds
family2_full_microbiome_clr_raw_env,With CLR,regression_18,C_environment_microbiome,pysr,B97_Psychrobacillus,0.0005555555555555,100,1,complete_100_seeds
family2_full_microbiome_clr_raw_env,With CLR,regression_18,C_environment_microbiome,pysr,B98_Aquabacterium,0.0005555555555555,100,1,complete_100_seeds
family2_full_microbiome_clr_raw_env,With CLR,regression_18,C_environment_microbiome,pysr,B99_Pontivivens,0.0033333333333333,100,6,complete_100_seeds
family2_full_microbiome_clr_raw_env,With CLR,regression_18,C_environment_microbiome,pysr,C1_salt,0.0094444444444444,100,14,complete_100_seeds
family2_full_microbiome_clr_raw_env,With CLR,regression_18,C_environment_microbiome,pysr,C2_fresh,0.105,100,92,complete_100_seeds
family2_full_microbiome_clr_raw_env,With CLR,regression_18,C_environment_microbiome,pysr,C3_sed,0.0077777777777777,100,13,complete_100_seeds
family2_full_microbiome_clr_raw_env,With CLR,regression_18,C_environment_microbiome,pysr,F101_Stachybotrys,0.0005555555555555,100,1,complete_100_seeds
family2_full_microbiome_clr_raw_env,With CLR,regression_18,C_environment_microbiome,pysr,F103_Rhizopogon,0.0005555555555555,100,1,complete_100_seeds
family2_full_microbiome_clr_raw_env,With CLR,regression_18,C_environment_microbiome,pysr,F104_Banksiophoma,0.0011111111111111,100,2,complete_100_seeds
family2_full_microbiome_clr_raw_env,With CLR,regression_18,C_environment_microbiome,pysr,F105_Pleurophragmium,0.0022222222222222,100,4,complete_100_seeds
family2_full_microbiome_clr_raw_env,With CLR,regression_18,C_environment_microbiome,pysr,F10_Boeremia,0.0044444444444444,100,8,complete_100_seeds
family2_full_microbiome_clr_raw_env,With CLR,regression_18,C_environment_microbiome,pysr,F113_Chloridium,0.0005555555555555,100,1,complete_100_seeds
family2_full_microbiome_clr_raw_env,With CLR,regression_18,C_environment_microbiome,pysr,F114_Acrostalagmus,0.0011111111111111,100,2,complete_100_seeds
family2_full_microbiome_clr_raw_env,With CLR,regression_18,C_environment_microbiome,pysr,F117_Humicola,0.0027777777777777,100,5,complete_100_seeds
family2_full_microbiome_clr_raw_env,With CLR,regression_18,C_environment_microbiome,pysr,F119_Phaeosphaeria,0.0033333333333333,100,6,complete_100_seeds
family2_full_microbiome_clr_raw_env,With CLR,regression_18,C_environment_microbiome,pysr,F11_Unclassified_Genus,0.0227777777777777,100,33,complete_100_seeds
family2_full_microbiome_clr_raw_env,With CLR,regression_18,C_environment_microbiome,pysr,F122_Neocucurbitaria,0.0005555555555555,100,1,complete_100_seeds
family2_full_microbiome_clr_raw_env,With CLR,regression_18,C_environment_microbiome,pysr,F128_Unclassified_Genus21,0.0005555555555555,100,1,complete_100_seeds
family2_full_microbiome_clr_raw_env,With CLR,regression_18,C_environment_microbiome,pysr,F130_Unclassified_Genus22,0.0022222222222222,100,4,complete_100_seeds
family2_full_microbiome_clr_raw_env,With CLR,regression_18,C_environment_microbiome,pysr,F138_Lophiostoma,0.0005555555555555,100,1,complete_100_seeds
family2_full_microbiome_clr_raw_env,With CLR,regression_18,C_environment_microbiome,pysr,F13_Trametes,0.0005555555555555,100,1,complete_100_seeds
family2_full_microbiome_clr_raw_env,With CLR,regression_18,C_environment_microbiome,pysr,F141_Unclassified_Genus27,0.0005555555555555,100,1,complete_100_seeds
family2_full_microbiome_clr_raw_env,With CLR,regression_18,C_environment_microbiome,pysr,F142_Pseudocosmospora,0.0027777777777777,100,5,complete_100_seeds
family2_full_microbiome_clr_raw_env,With CLR,regression_18,C_environment_microbiome,pysr,F144_Monocillium,0.0033333333333333,100,6,complete_100_seeds
family2_full_microbiome_clr_raw_env,With CLR,regression_18,C_environment_microbiome,pysr,F146_Cephalotrichum,0.0005555555555555,100,1,complete_100_seeds
family2_full_microbiome_clr_raw_env,With CLR,regression_18,C_environment_microbiome,pysr,F14_Beauveria,0.0005555555555555,100,1,complete_100_seeds
family2_full_microbiome_clr_raw_env,With CLR,regression_18,C_environment_microbiome,pysr,F150_Unclassified_Genus29,0.0016666666666666,100,2,complete_100_seeds
family2_full_microbiome_clr_raw_env,With CLR,regression_18,C_environment_microbiome,pysr,F151_Articulospora,0.0005555555555555,100,1,complete_100_seeds
family2_full_microbiome_clr_raw_env,With CLR,regression_18,C_environment_microbiome,pysr,F152_Parapyrenochaeta,0.0016666666666666,100,3,complete_100_seeds
family2_full_microbiome_clr_raw_env,With CLR,regression_18,C_environment_microbiome,pysr,F153_Volutella,0.0005555555555555,100,1,complete_100_seeds
family2_full_microbiome_clr_raw_env,With CLR,regression_18,C_environment_microbiome,pysr,F154_Umbelopsis,0.0011111111111111,100,2,complete_100_seeds
family2_full_microbiome_clr_raw_env,With CLR,regression_18,C_environment_microbiome,pysr,F155_Coniochaeta,0.0005555555555555,100,1,complete_100_seeds
family2_full_microbiome_clr_raw_env,With CLR,regression_18,C_environment_microbiome,pysr,F156_Torula,0.0005555555555555,100,1,complete_100_seeds
family2_full_microbiome_clr_raw_env,With CLR,regression_18,C_environment_microbiome,pysr,F158_Metacordyceps,0.0011111111111111,100,2,complete_100_seeds
family2_full_microbiome_clr_raw_env,With CLR,regression_18,C_environment_microbiome,pysr,F159_Sampaiozyma,0.0022222222222222,100,4,complete_100_seeds
family2_full_microbiome_clr_raw_env,With CLR,regression_18,C_environment_microbiome,pysr,F169_Naganishia,0.0011111111111111,100,2,complete_100_seeds
family2_full_microbiome_clr_raw_env,With CLR,regression_18,C_environment_microbiome,pysr,F170_Unclassified_Genus33,0.0044444444444444,100,8,complete_100_seeds
family2_full_microbiome_clr_raw_env,With CLR,regression_18,C_environment_microbiome,pysr,F171_Tremateia,0.0011111111111111,100,2,complete_100_seeds
family2_full_microbiome_clr_raw_env,With CLR,regression_18,C_environment_microbiome,pysr,F174_Unclassified_Genus36,0.0005555555555555,100,1,complete_100_seeds
family2_full_microbiome_clr_raw_env,With CLR,regression_18,C_environment_microbiome,pysr,F175_Candida,0.005,100,9,complete_100_seeds
family2_full_microbiome_clr_raw_env,With CLR,regression_18,C_environment_microbiome,pysr,F176_Trichosporon,0.0011111111111111,100,2,complete_100_seeds
family2_full_microbiome_clr_raw_env,With CLR,regression_18,C_environment_microbiome,pysr,F177_Exophiala,0.0083333333333333,100,14,complete_100_seeds
family2_full_microbiome_clr_raw_env,With CLR,regression_18,C_environment_microbiome,pysr,F179_Nadsonia,0.0033333333333333,100,6,complete_100_seeds
family2_full_microbiome_clr_raw_env,With CLR,regression_18,C_environment_microbiome,pysr,F180_Lachnellula,0.0005555555555555,100,1,complete_100_seeds
family2_full_microbiome_clr_raw_env,With CLR,regression_18,C_environment_microbiome,pysr,F181_Unclassified_Genus39,0.0005555555555555,100,1,complete_100_seeds
family2_full_microbiome_clr_raw_env,With CLR,regression_18,C_environment_microbiome,pysr,F184_Myrothecium,0.0005555555555555,100,1,complete_100_seeds
family2_full_microbiome_clr_raw_env,With CLR,regression_18,C_environment_microbiome,pysr,F185_Auxarthron,0.0005555555555555,100,1,complete_100_seeds
family2_full_microbiome_clr_raw_env,With CLR,regression_18,C_environment_microbiome,pysr,F188_Keissleriella,0.0005555555555555,100,1,complete_100_seeds
family2_full_microbiome_clr_raw_env,With CLR,regression_18,C_environment_microbiome,pysr,F189_Unclassified_Genus42,0.0005555555555555,100,1,complete_100_seeds
family2_full_microbiome_clr_raw_env,With CLR,regression_18,C_environment_microbiome,pysr,F191_Valsonectria,0.0011111111111111,100,2,complete_100_seeds
family2_full_microbiome_clr_raw_env,With CLR,regression_18,C_environment_microbiome,pysr,F192_Cistella,0.0005555555555555,100,1,complete_100_seeds
family2_full_microbiome_clr_raw_env,With CLR,regression_18,C_environment_microbiome,pysr,F193_Paramicrosporidium,0.0022222222222222,100,3,complete_100_seeds
family2_full_microbiome_clr_raw_env,With CLR,regression_18,C_environment_microbiome,pysr,F198_Unclassified_Genus45,0.0011111111111111,100,2,complete_100_seeds
family2_full_microbiome_clr_raw_env,With CLR,regression_18,C_environment_microbiome,pysr,F199_Alfaria,0.0005555555555555,100,1,complete_100_seeds
family2_full_microbiome_clr_raw_env,With CLR,regression_18,C_environment_microbiome,pysr,F19_Pyrenochaetopsis,0.02,100,33,complete_100_seeds
family2_full_microbiome_clr_raw_env,With CLR,regression_18,C_environment_microbiome,pysr,F1_Lecanicillium,0.0033333333333333,100,6,complete_100_seeds
family2_full_microbiome_clr_raw_env,With CLR,regression_18,C_environment_microbiome,pysr,F200_Knufia,0.0005555555555555,100,1,complete_100_seeds
family2_full_microbiome_clr_raw_env,With CLR,regression_18,C_environment_microbiome,pysr,F201_Cladophialophora,0.0022222222222222,100,4,complete_100_seeds
family2_full_microbiome_clr_raw_env,With CLR,regression_18,C_environment_microbiome,pysr,F204_Deconica,0.0011111111111111,100,2,complete_100_seeds
family2_full_microbiome_clr_raw_env,With CLR,regression_18,C_environment_microbiome,pysr,F208_Gongronella,0.0011111111111111,100,2,complete_100_seeds
family2_full_microbiome_clr_raw_env,With CLR,regression_18,C_environment_microbiome,pysr,F211_Arthropsis,0.0005555555555555,100,1,complete_100_seeds
family2_full_microbiome_clr_raw_env,With CLR,regression_18,C_environment_microbiome,pysr,F219_Haptocillium,0.0005555555555555,100,1,complete_100_seeds
family2_full_microbiome_clr_raw_env,With CLR,regression_18,C_environment_microbiome,pysr,F220_Metapochonia,0.0005555555555555,100,1,complete_100_seeds
family2_full_microbiome_clr_raw_env,With CLR,regression_18,C_environment_microbiome,pysr,F222_Apiosordaria,0.0011111111111111,100,2,complete_100_seeds
family2_full_microbiome_clr_raw_env,With CLR,regression_18,C_environment_microbiome,pysr,F23_Cystobasidium,0.0005555555555555,100,1,complete_100_seeds
family2_full_microbiome_clr_raw_env,With CLR,regression_18,C_environment_microbiome,pysr,F25_Thelebolus,0.0011111111111111,100,2,complete_100_seeds
family2_full_microbiome_clr_raw_env,With CLR,regression_18,C_environment_microbiome,pysr,F26_Schizopora,0.0011111111111111,100,2,complete_100_seeds
family2_full_microbiome_clr_raw_env,With CLR,regression_18,C_environment_microbiome,pysr,F27_Metarhizium,0.0027777777777777,100,4,complete_100_seeds
family2_full_microbiome_clr_raw_env,With CLR,regression_18,C_environment_microbiome,pysr,F28_Unclassified_Genus3,0.0011111111111111,100,2,complete_100_seeds
family2_full_microbiome_clr_raw_env,With CLR,regression_18,C_environment_microbiome,pysr,F29_Periconia,0.0016666666666666,100,3,complete_100_seeds
family2_full_microbiome_clr_raw_env,With CLR,regression_18,C_environment_microbiome,pysr,F2_Cladosporium,0.0227777777777777,100,37,complete_100_seeds
family2_full_microbiome_clr_raw_env,With CLR,regression_18,C_environment_microbiome,pysr,F31_Unclassified_Genus4,0.0011111111111111,100,2,complete_100_seeds
family2_full_microbiome_clr_raw_env,With CLR,regression_18,C_environment_microbiome,pysr,F32_Sporobolomyces,0.0011111111111111,100,2,complete_100_seeds
family2_full_microbiome_clr_raw_env,With CLR,regression_18,C_environment_microbiome,pysr,F33_Unclassified_Genus5,0.0044444444444444,100,8,complete_100_seeds
family2_full_microbiome_clr_raw_env,With CLR,regression_18,C_environment_microbiome,pysr,F35_Paraphaeosphaeria,0.0016666666666666,100,3,complete_100_seeds
family2_full_microbiome_clr_raw_env,With CLR,regression_18,C_environment_microbiome,pysr,F36_Arthrinium,0.0011111111111111,100,2,complete_100_seeds
family2_full_microbiome_clr_raw_env,With CLR,regression_18,C_environment_microbiome,pysr,F41_Symmetrospora,0.0005555555555555,100,1,complete_100_seeds
family2_full_microbiome_clr_raw_env,With CLR,regression_18,C_environment_microbiome,pysr,F43_Trichoderma,0.01,100,15,complete_100_seeds
family2_full_microbiome_clr_raw_env,With CLR,regression_18,C_environment_microbiome,pysr,F45_Trechispora,0.0005555555555555,100,1,complete_100_seeds
family2_full_microbiome_clr_raw_env,With CLR,regression_18,C_environment_microbiome,pysr,F46_Unclassified_Genus6,0.0005555555555555,100,1,complete_100_seeds
family2_full_microbiome_clr_raw_env,With CLR,regression_18,C_environment_microbiome,pysr,F47_Penicillium,0.0011111111111111,100,2,complete_100_seeds
family2_full_microbiome_clr_raw_env,With CLR,regression_18,C_environment_microbiome,pysr,F48_Fusarium,0.0105555555555555,100,16,complete_100_seeds
family2_full_microbiome_clr_raw_env,With CLR,regression_18,C_environment_microbiome,pysr,F4_Botryotinia,0.0033333333333333,100,6,complete_100_seeds
family2_full_microbiome_clr_raw_env,With CLR,regression_18,C_environment_microbiome,pysr,F52_Paraconiothyrium,0.0072222222222222,100,12,complete_100_seeds
family2_full_microbiome_clr_raw_env,With CLR,regression_18,C_environment_microbiome,pysr,F55_Epicoccum,0.0005555555555555,100,1,complete_100_seeds
family2_full_microbiome_clr_raw_env,With CLR,regression_18,C_environment_microbiome,pysr,F56_Unclassified_Genus8,0.0094444444444444,100,15,complete_100_seeds
family2_full_microbiome_clr_raw_env,With CLR,regression_18,C_environment_microbiome,pysr,F57_Crepidotus,0.0005555555555555,100,1,complete_100_seeds
family2_full_microbiome_clr_raw_env,With CLR,regression_18,C_environment_microbiome,pysr,F60_Neoascochyta,0.0005555555555555,100,1,complete_100_seeds
family2_full_microbiome_clr_raw_env,With CLR,regression_18,C_environment_microbiome,pysr,F64_Wallemia,0.0016666666666666,100,3,complete_100_seeds
family2_full_microbiome_clr_raw_env,With CLR,regression_18,C_environment_microbiome,pysr,F65_Bipolaris,0.0022222222222222,100,4,complete_100_seeds
family2_full_microbiome_clr_raw_env,With CLR,regression_18,C_environment_microbiome,pysr,F66_Didymella,0.0016666666666666,100,3,complete_100_seeds
family2_full_microbiome_clr_raw_env,With CLR,regression_18,C_environment_microbiome,pysr,F67_Solicoccozyma,0.0022222222222222,100,4,complete_100_seeds
family2_full_microbiome_clr_raw_env,With CLR,regression_18,C_environment_microbiome,pysr,F69_Paraphoma,0.0016666666666666,100,3,complete_100_seeds
family2_full_microbiome_clr_raw_env,With CLR,regression_18,C_environment_microbiome,pysr,F6_Plectosphaerella,0.0561111111111111,100,64,complete_100_seeds
family2_full_microbiome_clr_raw_env,With CLR,regression_18,C_environment_microbiome,pysr,F70_Mortierella,0.0016666666666666,100,3,complete_100_seeds
family2_full_microbiome_clr_raw_env,With CLR,regression_18,C_environment_microbiome,pysr,F71_Nigrospora,0.0027777777777777,100,5,complete_100_seeds
family2_full_microbiome_clr_raw_env,With CLR,regression_18,C_environment_microbiome,pysr,F72_Sarocladium,0.0011111111111111,100,2,complete_100_seeds
family2_full_microbiome_clr_raw_env,With CLR,regression_18,C_environment_microbiome,pysr,F73_Unclassified_Genus11,0.0005555555555555,100,1,complete_100_seeds
family2_full_microbiome_clr_raw_env,With CLR,regression_18,C_environment_microbiome,pysr,F76_Lophiotrema,0.0011111111111111,100,2,complete_100_seeds
family2_full_microbiome_clr_raw_env,With CLR,regression_18,C_environment_microbiome,pysr,F78_Pyrenochaeta,0.0005555555555555,100,1,complete_100_seeds
family2_full_microbiome_clr_raw_env,With CLR,regression_18,C_environment_microbiome,pysr,F81_Cystofilobasidium,0.0005555555555555,100,1,complete_100_seeds
family2_full_microbiome_clr_raw_env,With CLR,regression_18,C_environment_microbiome,pysr,F84_Filobasidium,0.0005555555555555,100,1,complete_100_seeds
family2_full_microbiome_clr_raw_env,With CLR,regression_18,C_environment_microbiome,pysr,F85_Unclassified_Genus14,0.0011111111111111,100,2,complete_100_seeds
family2_full_microbiome_clr_raw_env,With CLR,regression_18,C_environment_microbiome,pysr,F86_Cutaneotrichosporon,0.0038888888888888,100,7,complete_100_seeds
family2_full_microbiome_clr_raw_env,With CLR,regression_18,C_environment_microbiome,pysr,F87_Unclassified_Genus15,0.0016666666666666,100,3,complete_100_seeds
family2_full_microbiome_clr_raw_env,With CLR,regression_18,C_environment_microbiome,pysr,F8_Alternaria,0.0011111111111111,100,2,complete_100_seeds
family2_full_microbiome_clr_raw_env,With CLR,regression_18,C_environment_microbiome,pysr,F94_Ganoderma,0.0005555555555555,100,1,complete_100_seeds
family2_full_microbiome_clr_raw_env,With CLR,regression_18,C_environment_microbiome,pysr,F97_Murispora,0.0011111111111111,100,2,complete_100_seeds
family2_full_microbiome_clr_raw_env,With CLR,regression_18,C_environment_microbiome,pysr,F9_Aureobasidium,0.0005555555555555,100,1,complete_100_seeds
family2_full_microbiome_clr_raw_env,With CLR,regression_18,C_environment_microbiome,pysr,HBV,0.0022222222222222,100,4,complete_100_seeds
family2_full_microbiome_clr_raw_env,With CLR,regression_18,C_environment_microbiome,pysr,HCHO_mean,0.0094444444444444,100,16,complete_100_seeds
family2_full_microbiome_clr_raw_env,With CLR,regression_18,C_environment_microbiome,pysr,HMI,0.0061111111111111,100,10,complete_100_seeds
family2_full_microbiome_clr_raw_env,With CLR,regression_18,C_environment_microbiome,pysr,HPD,0.0044444444444444,100,8,complete_100_seeds
family2_full_microbiome_clr_raw_env,With CLR,regression_18,C_environment_microbiome,pysr,LS_PC1,0.0105555555555555,100,17,complete_100_seeds
family2_full_microbiome_clr_raw_env,With CLR,regression_18,C_environment_microbiome,pysr,LS_PC2,0.0005555555555555,100,1,complete_100_seeds
family2_full_microbiome_clr_raw_env,With CLR,regression_18,C_environment_microbiome,pysr,NDFI,0.0016666666666666,100,3,complete_100_seeds
family2_full_microbiome_clr_raw_env,With CLR,regression_18,C_environment_microbiome,pysr,NO2_mean,0.0038888888888888,100,7,complete_100_seeds
family2_full_microbiome_clr_raw_env,With CLR,regression_18,C_environment_microbiome,pysr,NTL,0.015,100,25,complete_100_seeds
family2_full_microbiome_clr_raw_env,With CLR,regression_18,C_environment_microbiome,pysr,P_PC2,0.0005555555555555,100,1,complete_100_seeds
family2_full_microbiome_clr_raw_env,With CLR,regression_18,C_environment_microbiome,pysr,SO2_mean,0.0055555555555555,100,10,complete_100_seeds
family2_full_microbiome_clr_raw_env,With CLR,regression_18,C_environment_microbiome,pysr,SOC_0_5cm_pct,0.0016666666666666,100,3,complete_100_seeds
family2_full_microbiome_clr_raw_env,With CLR,regression_18,C_environment_microbiome,pysr,T_PC2,0.0038888888888888,100,7,complete_100_seeds
family2_full_microbiome_clr_raw_env,With CLR,regression_18,C_environment_microbiome,pysr,asp_cos,0.0172222222222222,100,30,complete_100_seeds
family2_full_microbiome_clr_raw_env,With CLR,regression_18,C_environment_microbiome,pysr,asp_sin,0.0116666666666666,100,19,complete_100_seeds
family2_full_microbiome_clr_raw_env,With CLR,regression_18,C_environment_microbiome,pysr,built,0.0172222222222222,100,23,complete_100_seeds
family2_full_microbiome_clr_raw_env,With CLR,regression_18,C_environment_microbiome,pysr,crops,0.005,100,9,complete_100_seeds
family2_full_microbiome_clr_raw_env,With CLR,regression_18,C_environment_microbiome,pysr,curv,0.0111111111111111,100,20,complete_100_seeds
family2_full_microbiome_clr_raw_env,With CLR,regression_18,C_environment_microbiome,pysr,curv_plan,0.0083333333333333,100,15,complete_100_seeds
family2_full_microbiome_clr_raw_env,With CLR,regression_18,C_environment_microbiome,pysr,curv_prof,0.0116666666666666,100,19,complete_100_seeds
family2_full_microbiome_clr_raw_env,With CLR,regression_18,C_environment_microbiome,pysr,dist_sea,0.0005555555555555,100,1,complete_100_seeds
family2_full_microbiome_clr_raw_env,With CLR,regression_18,C_environment_microbiome,pysr,dist_urban,0.0127777777777777,100,19,complete_100_seeds
family2_full_microbiome_clr_raw_env,With CLR,regression_18,C_environment_microbiome,pysr,flow_acc_log,0.0283333333333333,100,42,complete_100_seeds
family2_full_microbiome_clr_raw_env,With CLR,regression_18,C_environment_microbiome,pysr,flow_dir_cos,0.0038888888888888,100,7,complete_100_seeds
family2_full_microbiome_clr_raw_env,With CLR,regression_18,C_environment_microbiome,pysr,flow_dir_sin,0.01,100,18,complete_100_seeds
family2_full_microbiome_clr_raw_env,With CLR,regression_18,C_environment_microbiome,pysr,flow_len,0.0016666666666666,100,3,complete_100_seeds
family2_full_microbiome_clr_raw_env,With CLR,regression_18,C_environment_microbiome,pysr,pH_0_5cm,0.0011111111111111,100,2,complete_100_seeds
family2_full_microbiome_clr_raw_env,With CLR,regression_18,C_environment_microbiome,pysr,slope_pct,0.0077777777777777,100,14,complete_100_seeds
family2_full_microbiome_clr_raw_env,With CLR,regression_18,C_environment_microbiome,pysr,trees,0.0038888888888888,100,6,complete_100_seeds
family2_full_microbiome_clr_raw_env,With CLR,regression_18,C_environment_microbiome,pysr,wind_speed_10m,0.0022222222222222,100,4,complete_100_seeds
family2_full_microbiome_clr_raw_env,With CLR,regression_50,C_environment_microbiome,pysr,AER_AI_mean,0.002,100,3,complete_100_seeds
family2_full_microbiome_clr_raw_env,With CLR,regression_50,C_environment_microbiome,pysr,B100_Thermomonas,0.002,100,3,complete_100_seeds
family2_full_microbiome_clr_raw_env,With CLR,regression_50,C_environment_microbiome,pysr,B101_Unclassified_Genus10,0.0006666666666666,100,1,complete_100_seeds
family2_full_microbiome_clr_raw_env,With CLR,regression_50,C_environment_microbiome,pysr,B102_TM7a,0.0006666666666666,100,1,complete_100_seeds
family2_full_microbiome_clr_raw_env,With CLR,regression_50,C_environment_microbiome,pysr,B103_Delftia,0.0206666666666666,100,28,complete_100_seeds
family2_full_microbiome_clr_raw_env,With CLR,regression_50,C_environment_microbiome,pysr,B104_Olleya,0.0006666666666666,100,1,complete_100_seeds
family2_full_microbiome_clr_raw_env,With CLR,regression_50,C_environment_microbiome,pysr,B106_Unclassified_Genus11,0.0006666666666666,100,1,complete_100_seeds
family2_full_microbiome_clr_raw_env,With CLR,regression_50,C_environment_microbiome,pysr,B108_Oligoflexus,0.004,100,6,complete_100_seeds
family2_full_microbiome_clr_raw_env,With CLR,regression_50,C_environment_microbiome,pysr,B109_Unclassified_Genus12,0.0013333333333333,100,2,complete_100_seeds
family2_full_microbiome_clr_raw_env,With CLR,regression_50,C_environment_microbiome,pysr,B10_Sphingomonas,0.002,100,3,complete_100_seeds
family2_full_microbiome_clr_raw_env,With CLR,regression_50,C_environment_microbiome,pysr,B110_Alteromonas,0.0013333333333333,100,2,complete_100_seeds
family2_full_microbiome_clr_raw_env,With CLR,regression_50,C_environment_microbiome,pysr,B111_Peredibacter,0.0013333333333333,100,2,complete_100_seeds
family2_full_microbiome_clr_raw_env,With CLR,regression_50,C_environment_microbiome,pysr,B115_Bacillus,0.0006666666666666,100,1,complete_100_seeds
family2_full_microbiome_clr_raw_env,With CLR,regression_50,C_environment_microbiome,pysr,B117_Sphingopyxis,0.0006666666666666,100,1,complete_100_seeds
family2_full_microbiome_clr_raw_env,With CLR,regression_50,C_environment_microbiome,pysr,B118_Haemophilus,0.0006666666666666,100,1,complete_100_seeds
family2_full_microbiome_clr_raw_env,With CLR,regression_50,C_environment_microbiome,pysr,B119_Devosia,0.0006666666666666,100,1,complete_100_seeds
family2_full_microbiome_clr_raw_env,With CLR,regression_50,C_environment_microbiome,pysr,B11_Terrisporobacter,0.0006666666666666,100,1,complete_100_seeds
family2_full_microbiome_clr_raw_env,With CLR,regression_50,C_environment_microbiome,pysr,B120_Mesorhizobium,0.0006666666666666,100,1,complete_100_seeds
family2_full_microbiome_clr_raw_env,With CLR,regression_50,C_environment_microbiome,pysr,B121_Ahrensia,0.0006666666666666,100,1,complete_100_seeds
family2_full_microbiome_clr_raw_env,With CLR,regression_50,C_environment_microbiome,pysr,B123_Unclassified_Genus14,0.0013333333333333,100,2,complete_100_seeds
family2_full_microbiome_clr_raw_env,With CLR,regression_50,C_environment_microbiome,pysr,B126_Unclassified_Genus15,0.0013333333333333,100,2,complete_100_seeds
family2_full_microbiome_clr_raw_env,With CLR,regression_50,C_environment_microbiome,pysr,B128_Alsobacter,0.0153333333333333,100,23,complete_100_seeds
family2_full_microbiome_clr_raw_env,With CLR,regression_50,C_environment_microbiome,pysr,B129_Solibacillus,0.0006666666666666,100,1,complete_100_seeds
family2_full_microbiome_clr_raw_env,With CLR,regression_50,C_environment_microbiome,pysr,B12_Pseudarthrobacter,0.0006666666666666,100,1,complete_100_seeds
family2_full_microbiome_clr_raw_env,With CLR,regression_50,C_environment_microbiome,pysr,B130_Terrabacter,0.0013333333333333,100,2,complete_100_seeds
family2_full_microbiome_clr_raw_env,With CLR,regression_50,C_environment_microbiome,pysr,B131_Limnobacter,0.004,100,6,complete_100_seeds
family2_full_microbiome_clr_raw_env,With CLR,regression_50,C_environment_microbiome,pysr,B132_Rhodobacter,0.0053333333333333,100,8,complete_100_seeds
family2_full_microbiome_clr_raw_env,With CLR,regression_50,C_environment_microbiome,pysr,B133_Robiginitalea,0.0013333333333333,100,2,complete_100_seeds
family2_full_microbiome_clr_raw_env,With CLR,regression_50,C_environment_microbiome,pysr,B134_Actinomycetospora,0.0006666666666666,100,1,complete_100_seeds
family2_full_microbiome_clr_raw_env,With CLR,regression_50,C_environment_microbiome,pysr,B135_Tabrizicola,0.002,100,3,complete_100_seeds
family2_full_microbiome_clr_raw_env,With CLR,regression_50,C_environment_microbiome,pysr,B136_Unclassified_Genus16,0.0046666666666666,100,6,complete_100_seeds
family2_full_microbiome_clr_raw_env,With CLR,regression_50,C_environment_microbiome,pysr,B137_Unclassified_Genus17,0.0053333333333333,100,8,complete_100_seeds
family2_full_microbiome_clr_raw_env,With CLR,regression_50,C_environment_microbiome,pysr,B138_Halioglobus,0.0033333333333333,100,5,complete_100_seeds
family2_full_microbiome_clr_raw_env,With CLR,regression_50,C_environment_microbiome,pysr,B139_Unclassified_Genus18,0.0013333333333333,100,2,complete_100_seeds
family2_full_microbiome_clr_raw_env,With CLR,regression_50,C_environment_microbiome,pysr,B13_Enhydrobacter,0.004,100,6,complete_100_seeds
family2_full_microbiome_clr_raw_env,With CLR,regression_50,C_environment_microbiome,pysr,B140_Hymenobacter,0.0139999999999999,100,21,complete_100_seeds
family2_full_microbiome_clr_raw_env,With CLR,regression_50,C_environment_microbiome,pysr,B141_Tamlana,0.0026666666666666,100,4,complete_100_seeds
family2_full_microbiome_clr_raw_env,With CLR,regression_50,C_environment_microbiome,pysr,B142_Unclassified_Genus19,0.0013333333333333,100,2,complete_100_seeds
family2_full_microbiome_clr_raw_env,With CLR,regression_50,C_environment_microbiome,pysr,B143_Unclassified_Genus20,0.002,100,3,complete_100_seeds
family2_full_microbiome_clr_raw_env,With CLR,regression_50,C_environment_microbiome,pysr,B144_Seohaeicola,0.0026666666666666,100,4,complete_100_seeds
family2_full_microbiome_clr_raw_env,With CLR,regression_50,C_environment_microbiome,pysr,B145_Flavihumibacter,0.002,100,3,complete_100_seeds
family2_full_microbiome_clr_raw_env,With CLR,regression_50,C_environment_microbiome,pysr,B146_Gramella,0.0006666666666666,100,1,complete_100_seeds
family2_full_microbiome_clr_raw_env,With CLR,regression_50,C_environment_microbiome,pysr,B147_Novosphingobium,0.0013333333333333,100,2,complete_100_seeds
family2_full_microbiome_clr_raw_env,With CLR,regression_50,C_environment_microbiome,pysr,B148_Pedobacter,0.002,100,3,complete_100_seeds
family2_full_microbiome_clr_raw_env,With CLR,regression_50,C_environment_microbiome,pysr,B149_Owenweeksia,0.0006666666666666,100,1,complete_100_seeds
family2_full_microbiome_clr_raw_env,With CLR,regression_50,C_environment_microbiome,pysr,B14_Enterococcus,0.0026666666666666,100,4,complete_100_seeds
family2_full_microbiome_clr_raw_env,With CLR,regression_50,C_environment_microbiome,pysr,B150_Pseudophaeobacter,0.0006666666666666,100,1,complete_100_seeds
family2_full_microbiome_clr_raw_env,With CLR,regression_50,C_environment_microbiome,pysr,B151_Winogradskyella,0.0033333333333333,100,5,complete_100_seeds
family2_full_microbiome_clr_raw_env,With CLR,regression_50,C_environment_microbiome,pysr,B152_Rhizorhapis,0.004,100,6,complete_100_seeds
family2_full_microbiome_clr_raw_env,With CLR,regression_50,C_environment_microbiome,pysr,B157_Unclassified_Genus22,0.0006666666666666,100,1,complete_100_seeds
family2_full_microbiome_clr_raw_env,With CLR,regression_50,C_environment_microbiome,pysr,B159_Comamonas,0.0013333333333333,100,2,complete_100_seeds
family2_full_microbiome_clr_raw_env,With CLR,regression_50,C_environment_microbiome,pysr,B15_Exiguobacterium,0.0046666666666666,100,7,complete_100_seeds
family2_full_microbiome_clr_raw_env,With CLR,regression_50,C_environment_microbiome,pysr,B160_Unclassified_Genus23,0.0006666666666666,100,1,complete_100_seeds
family2_full_microbiome_clr_raw_env,With CLR,regression_50,C_environment_microbiome,pysr,B161_Eudoraea,0.0033333333333333,100,5,complete_100_seeds
family2_full_microbiome_clr_raw_env,With CLR,regression_50,C_environment_microbiome,pysr,B162_Paraglaciecola,0.0046666666666666,100,7,complete_100_seeds
family2_full_microbiome_clr_raw_env,With CLR,regression_50,C_environment_microbiome,pysr,B163_OM27_clade,0.0006666666666666,100,1,complete_100_seeds
family2_full_microbiome_clr_raw_env,With CLR,regression_50,C_environment_microbiome,pysr,B164_Deinococcus,0.0033333333333333,100,4,complete_100_seeds
family2_full_microbiome_clr_raw_env,With CLR,regression_50,C_environment_microbiome,pysr,B165_Stenotrophomonas,0.0006666666666666,100,1,complete_100_seeds
family2_full_microbiome_clr_raw_env,With CLR,regression_50,C_environment_microbiome,pysr,B166_Unclassified_Genus24,0.0006666666666666,100,1,complete_100_seeds
family2_full_microbiome_clr_raw_env,With CLR,regression_50,C_environment_microbiome,pysr,B167_Polynucleobacter,0.0026666666666666,100,4,complete_100_seeds
family2_full_microbiome_clr_raw_env,With CLR,regression_50,C_environment_microbiome,pysr,B168_Roseomonas,0.004,100,6,complete_100_seeds
family2_full_microbiome_clr_raw_env,With CLR,regression_50,C_environment_microbiome,pysr,B169_Youngiibacter,0.0013333333333333,100,2,complete_100_seeds
family2_full_microbiome_clr_raw_env,With CLR,regression_50,C_environment_microbiome,pysr,B16_Anoxybacillus,0.0053333333333333,100,8,complete_100_seeds
family2_full_microbiome_clr_raw_env,With CLR,regression_50,C_environment_microbiome,pysr,B170_Ferruginibacter,0.0053333333333333,100,8,complete_100_seeds
family2_full_microbiome_clr_raw_env,With CLR,regression_50,C_environment_microbiome,pysr,B171_Iamia,0.0013333333333333,100,2,complete_100_seeds
family2_full_microbiome_clr_raw_env,With CLR,regression_50,C_environment_microbiome,pysr,B172_Allorhizobium_Neorhizobium_Pararhizobium_Rhizobium,0.0046666666666666,100,7,complete_100_seeds
family2_full_microbiome_clr_raw_env,With CLR,regression_50,C_environment_microbiome,pysr,B174_Unclassified_Genus26,0.0053333333333333,100,8,complete_100_seeds
family2_full_microbiome_clr_raw_env,With CLR,regression_50,C_environment_microbiome,pysr,B176_Unclassified_Genus28,0.0006666666666666,100,1,complete_100_seeds
family2_full_microbiome_clr_raw_env,With CLR,regression_50,C_environment_microbiome,pysr,B177_Ensifer,0.0006666666666666,100,1,complete_100_seeds
family2_full_microbiome_clr_raw_env,With CLR,regression_50,C_environment_microbiome,pysr,B179_Colwellia,0.0006666666666666,100,1,complete_100_seeds
family2_full_microbiome_clr_raw_env,With CLR,regression_50,C_environment_microbiome,pysr,B17_Duganella,0.004,100,6,complete_100_seeds
family2_full_microbiome_clr_raw_env,With CLR,regression_50,C_environment_microbiome,pysr,B180_Muriicola,0.022,100,29,complete_100_seeds
family2_full_microbiome_clr_raw_env,With CLR,regression_50,C_environment_microbiome,pysr,B183_Janthinobacterium,0.0006666666666666,100,1,complete_100_seeds
family2_full_microbiome_clr_raw_env,With CLR,regression_50,C_environment_microbiome,pysr,B184_Unclassified_Genus29,0.002,100,2,complete_100_seeds
family2_full_microbiome_clr_raw_env,With CLR,regression_50,C_environment_microbiome,pysr,B185_Mycobacterium,0.0006666666666666,100,1,complete_100_seeds
family2_full_microbiome_clr_raw_env,With CLR,regression_50,C_environment_microbiome,pysr,B186_Truepera,0.0026666666666666,100,4,complete_100_seeds
family2_full_microbiome_clr_raw_env,With CLR,regression_50,C_environment_microbiome,pysr,B188_Qipengyuania,0.0006666666666666,100,1,complete_100_seeds
family2_full_microbiome_clr_raw_env,With CLR,regression_50,C_environment_microbiome,pysr,B18_Massilia,0.08,100,76,complete_100_seeds
family2_full_microbiome_clr_raw_env,With CLR,regression_50,C_environment_microbiome,pysr,B190_Methylocystis,0.0006666666666666,100,1,complete_100_seeds
family2_full_microbiome_clr_raw_env,With CLR,regression_50,C_environment_microbiome,pysr,B191_Sporacetigenium,0.0006666666666666,100,1,complete_100_seeds
family2_full_microbiome_clr_raw_env,With CLR,regression_50,C_environment_microbiome,pysr,B192_Roseobacter,0.0006666666666666,100,1,complete_100_seeds
family2_full_microbiome_clr_raw_env,With CLR,regression_50,C_environment_microbiome,pysr,B194_Oleispira,0.002,100,3,complete_100_seeds
family2_full_microbiome_clr_raw_env,With CLR,regression_50,C_environment_microbiome,pysr,B196_Rhizobacter,0.0013333333333333,100,2,complete_100_seeds
family2_full_microbiome_clr_raw_env,With CLR,regression_50,C_environment_microbiome,pysr,B197_Leisingera,0.004,100,5,complete_100_seeds
family2_full_microbiome_clr_raw_env,With CLR,regression_50,C_environment_microbiome,pysr,B198_Porphyrobacter,0.0013333333333333,100,2,complete_100_seeds
family2_full_microbiome_clr_raw_env,With CLR,regression_50,C_environment_microbiome,pysr,B19_Actinomyces,0.0066666666666666,100,10,complete_100_seeds
family2_full_microbiome_clr_raw_env,With CLR,regression_50,C_environment_microbiome,pysr,B1_Streptococcus,0.0133333333333333,100,18,complete_100_seeds
family2_full_microbiome_clr_raw_env,With CLR,regression_50,C_environment_microbiome,pysr,B200_Blastococcus,0.0006666666666666,100,1,complete_100_seeds
family2_full_microbiome_clr_raw_env,With CLR,regression_50,C_environment_microbiome,pysr,B201_Unclassified_Genus31,0.002,100,3,complete_100_seeds
family2_full_microbiome_clr_raw_env,With CLR,regression_50,C_environment_microbiome,pysr,B202_Paucibacter,0.0706666666666666,100,65,complete_100_seeds
family2_full_microbiome_clr_raw_env,With CLR,regression_50,C_environment_microbiome,pysr,B205_Corynebacterium,0.0013333333333333,100,2,complete_100_seeds
family2_full_microbiome_clr_raw_env,With CLR,regression_50,C_environment_microbiome,pysr,B206_Unclassified_Genus32,0.0006666666666666,100,1,complete_100_seeds
family2_full_microbiome_clr_raw_env,With CLR,regression_50,C_environment_microbiome,pysr,B208_Celeribacter,0.0006666666666666,100,1,complete_100_seeds
family2_full_microbiome_clr_raw_env,With CLR,regression_50,C_environment_microbiome,pysr,B209_Pseudahrensia,0.0006666666666666,100,1,complete_100_seeds
family2_full_microbiome_clr_raw_env,With CLR,regression_50,C_environment_microbiome,pysr,B20_Rhodococcus,0.004,100,5,complete_100_seeds
family2_full_microbiome_clr_raw_env,With CLR,regression_50,C_environment_microbiome,pysr,B210_Unclassified_Genus33,0.0006666666666666,100,1,complete_100_seeds
family2_full_microbiome_clr_raw_env,With CLR,regression_50,C_environment_microbiome,pysr,B212_Thalassobius,0.0013333333333333,100,2,complete_100_seeds
family2_full_microbiome_clr_raw_env,With CLR,regression_50,C_environment_microbiome,pysr,B213_Longivirga,0.008,100,12,complete_100_seeds
family2_full_microbiome_clr_raw_env,With CLR,regression_50,C_environment_microbiome,pysr,B214_Unclassified_Genus35,0.0279999999999999,100,34,complete_100_seeds
family2_full_microbiome_clr_raw_env,With CLR,regression_50,C_environment_microbiome,pysr,B215_Unclassified_Genus36,0.0013333333333333,100,2,complete_100_seeds
family2_full_microbiome_clr_raw_env,With CLR,regression_50,C_environment_microbiome,pysr,B216_Sphingorhabdus,0.0073333333333333,100,10,complete_100_seeds
family2_full_microbiome_clr_raw_env,With CLR,regression_50,C_environment_microbiome,pysr,B217_Unclassified_Genus37,0.0086666666666666,100,13,complete_100_seeds
family2_full_microbiome_clr_raw_env,With CLR,regression_50,C_environment_microbiome,pysr,B218_Unclassified_Genus38,0.0026666666666666,100,3,complete_100_seeds
family2_full_microbiome_clr_raw_env,With CLR,regression_50,C_environment_microbiome,pysr,B21_Candidatus_Puniceispirillum,0.004,100,6,complete_100_seeds
family2_full_microbiome_clr_raw_env,With CLR,regression_50,C_environment_microbiome,pysr,B221_Panacagrimonas,0.0006666666666666,100,1,complete_100_seeds
family2_full_microbiome_clr_raw_env,With CLR,regression_50,C_environment_microbiome,pysr,B222_Alkanindiges,0.0146666666666666,100,22,complete_100_seeds
family2_full_microbiome_clr_raw_env,With CLR,regression_50,C_environment_microbiome,pysr,B223_Phycicoccus,0.0013333333333333,100,2,complete_100_seeds
family2_full_microbiome_clr_raw_env,With CLR,regression_50,C_environment_microbiome,pysr,B224_Amaricoccus,0.0026666666666666,100,4,complete_100_seeds
family2_full_microbiome_clr_raw_env,With CLR,regression_50,C_environment_microbiome,pysr,B225_Arthrobacter,0.0006666666666666,100,1,complete_100_seeds
family2_full_microbiome_clr_raw_env,With CLR,regression_50,C_environment_microbiome,pysr,B226_Hoeflea,0.0053333333333333,100,8,complete_100_seeds
family2_full_microbiome_clr_raw_env,With CLR,regression_50,C_environment_microbiome,pysr,B228_Bosea,0.0053333333333333,100,8,complete_100_seeds
family2_full_microbiome_clr_raw_env,With CLR,regression_50,C_environment_microbiome,pysr,B229_Dokdonia,0.0013333333333333,100,2,complete_100_seeds
family2_full_microbiome_clr_raw_env,With CLR,regression_50,C_environment_microbiome,pysr,B22_Unclassified_Genus,0.024,100,34,complete_100_seeds
family2_full_microbiome_clr_raw_env,With CLR,regression_50,C_environment_microbiome,pysr,B233_Unclassified_Genus39,0.0006666666666666,100,1,complete_100_seeds
family2_full_microbiome_clr_raw_env,With CLR,regression_50,C_environment_microbiome,pysr,B234_Lachnoclostridium,0.0006666666666666,100,1,complete_100_seeds
family2_full_microbiome_clr_raw_env,With CLR,regression_50,C_environment_microbiome,pysr,B235_Fictibacillus,0.0126666666666666,100,18,complete_100_seeds
family2_full_microbiome_clr_raw_env,With CLR,regression_50,C_environment_microbiome,pysr,B236_Paenibacillus,0.0366666666666666,100,47,complete_100_seeds
family2_full_microbiome_clr_raw_env,With CLR,regression_50,C_environment_microbiome,pysr,B238_Hyphomicrobium,0.002,100,3,complete_100_seeds
family2_full_microbiome_clr_raw_env,With CLR,regression_50,C_environment_microbiome,pysr,B239_Shinella,0.0013333333333333,100,2,complete_100_seeds
family2_full_microbiome_clr_raw_env,With CLR,regression_50,C_environment_microbiome,pysr,B23_Flavobacterium,0.0033333333333333,100,5,complete_100_seeds
family2_full_microbiome_clr_raw_env,With CLR,regression_50,C_environment_microbiome,pysr,B241_Sphingomicrobium,0.0006666666666666,100,1,complete_100_seeds
family2_full_microbiome_clr_raw_env,With CLR,regression_50,C_environment_microbiome,pysr,B244_Cryobacterium,0.0446666666666666,100,52,complete_100_seeds
family2_full_microbiome_clr_raw_env,With CLR,regression_50,C_environment_microbiome,pysr,B245_Octadecabacter,0.0033333333333333,100,5,complete_100_seeds
family2_full_microbiome_clr_raw_env,With CLR,regression_50,C_environment_microbiome,pysr,B247_Fluviicola,0.0013333333333333,100,2,complete_100_seeds
family2_full_microbiome_clr_raw_env,With CLR,regression_50,C_environment_microbiome,pysr,B248_Ornithinimicrobium,0.0006666666666666,100,1,complete_100_seeds
family2_full_microbiome_clr_raw_env,With CLR,regression_50,C_environment_microbiome,pysr,B24_Oleiphilus,0.0013333333333333,100,2,complete_100_seeds
family2_full_microbiome_clr_raw_env,With CLR,regression_50,C_environment_microbiome,pysr,B250_Pseudolabrys,0.0006666666666666,100,1,complete_100_seeds
family2_full_microbiome_clr_raw_env,With CLR,regression_50,C_environment_microbiome,pysr,B252_Gaetbulibacter,0.002,100,3,complete_100_seeds
family2_full_microbiome_clr_raw_env,With CLR,regression_50,C_environment_microbiome,pysr,B253_Unclassified_Genus42,0.0013333333333333,100,2,complete_100_seeds
family2_full_microbiome_clr_raw_env,With CLR,regression_50,C_environment_microbiome,pysr,B256_Unclassified_Genus43,0.0026666666666666,100,3,complete_100_seeds
family2_full_microbiome_clr_raw_env,With CLR,regression_50,C_environment_microbiome,pysr,B257_Gaiella,0.002,100,3,complete_100_seeds
family2_full_microbiome_clr_raw_env,With CLR,regression_50,C_environment_microbiome,pysr,B258_Ammoniphilus,0.0006666666666666,100,1,complete_100_seeds
family2_full_microbiome_clr_raw_env,With CLR,regression_50,C_environment_microbiome,pysr,B25_Methylobacterium_Methylorubrum,0.012,100,16,complete_100_seeds
family2_full_microbiome_clr_raw_env,With CLR,regression_50,C_environment_microbiome,pysr,B260_Unclassified_Genus44,0.0006666666666666,100,1,complete_100_seeds
family2_full_microbiome_clr_raw_env,With CLR,regression_50,C_environment_microbiome,pysr,B261_Unclassified_Genus45,0.0006666666666666,100,1,complete_100_seeds
family2_full_microbiome_clr_raw_env,With CLR,regression_50,C_environment_microbiome,pysr,B262_Edaphobaculum,0.002,100,3,complete_100_seeds
family2_full_microbiome_clr_raw_env,With CLR,regression_50,C_environment_microbiome,pysr,B263_Unclassified_Genus46,0.0013333333333333,100,2,complete_100_seeds
family2_full_microbiome_clr_raw_env,With CLR,regression_50,C_environment_microbiome,pysr,B264_Aeromicrobium,0.0006666666666666,100,1,complete_100_seeds
family2_full_microbiome_clr_raw_env,With CLR,regression_50,C_environment_microbiome,pysr,B265_Porticoccus,0.0006666666666666,100,1,complete_100_seeds
family2_full_microbiome_clr_raw_env,With CLR,regression_50,C_environment_microbiome,pysr,B268_Aminobacter,0.0013333333333333,100,2,complete_100_seeds
family2_full_microbiome_clr_raw_env,With CLR,regression_50,C_environment_microbiome,pysr,B26_Pseudomonas,0.0173333333333333,100,24,complete_100_seeds
family2_full_microbiome_clr_raw_env,With CLR,regression_50,C_environment_microbiome,pysr,B272_Streptomyces,0.0013333333333333,100,2,complete_100_seeds
family2_full_microbiome_clr_raw_env,With CLR,regression_50,C_environment_microbiome,pysr,B273_Paraperlucidibaca,0.0013333333333333,100,2,complete_100_seeds
family2_full_microbiome_clr_raw_env,With CLR,regression_50,C_environment_microbiome,pysr,B275_Beijerinckia,0.006,100,9,complete_100_seeds
family2_full_microbiome_clr_raw_env,With CLR,regression_50,C_environment_microbiome,pysr,B276_Pedomicrobium,0.0006666666666666,100,1,complete_100_seeds
family2_full_microbiome_clr_raw_env,With CLR,regression_50,C_environment_microbiome,pysr,B277_Bryobacter,0.0006666666666666,100,1,complete_100_seeds
family2_full_microbiome_clr_raw_env,With CLR,regression_50,C_environment_microbiome,pysr,B278_Unclassified_Genus49,0.0013333333333333,100,2,complete_100_seeds
family2_full_microbiome_clr_raw_env,With CLR,regression_50,C_environment_microbiome,pysr,B279_Euzebyella,0.0006666666666666,100,1,complete_100_seeds
family2_full_microbiome_clr_raw_env,With CLR,regression_50,C_environment_microbiome,pysr,B280_Marinobacter,0.0006666666666666,100,1,complete_100_seeds
family2_full_microbiome_clr_raw_env,With CLR,regression_50,C_environment_microbiome,pysr,B282_Unclassified_Genus50,0.0006666666666666,100,1,complete_100_seeds
family2_full_microbiome_clr_raw_env,With CLR,regression_50,C_environment_microbiome,pysr,B283_Pseudorhodoplanes,0.0026666666666666,100,4,complete_100_seeds
family2_full_microbiome_clr_raw_env,With CLR,regression_50,C_environment_microbiome,pysr,B284_Unclassified_Genus51,0.0006666666666666,100,1,complete_100_seeds
family2_full_microbiome_clr_raw_env,With CLR,regression_50,C_environment_microbiome,pysr,B286_Unclassified_Genus52,0.0033333333333333,100,5,complete_100_seeds
family2_full_microbiome_clr_raw_env,With CLR,regression_50,C_environment_microbiome,pysr,B287_Stenotrophobacter,0.0006666666666666,100,1,complete_100_seeds
family2_full_microbiome_clr_raw_env,With CLR,regression_50,C_environment_microbiome,pysr,B288_Knoellia,0.004,100,6,complete_100_seeds
family2_full_microbiome_clr_raw_env,With CLR,regression_50,C_environment_microbiome,pysr,B28_Clostridium_sensu_stricto_12,0.002,100,3,complete_100_seeds
family2_full_microbiome_clr_raw_env,With CLR,regression_50,C_environment_microbiome,pysr,B290_Variovorax,0.0006666666666666,100,1,complete_100_seeds
family2_full_microbiome_clr_raw_env,With CLR,regression_50,C_environment_microbiome,pysr,B291_Leptothrix,0.0033333333333333,100,5,complete_100_seeds
family2_full_microbiome_clr_raw_env,With CLR,regression_50,C_environment_microbiome,pysr,B292_Paludibaculum,0.0006666666666666,100,1,complete_100_seeds
family2_full_microbiome_clr_raw_env,With CLR,regression_50,C_environment_microbiome,pysr,B293_Unclassified_Genus53,0.002,100,3,complete_100_seeds
family2_full_microbiome_clr_raw_env,With CLR,regression_50,C_environment_microbiome,pysr,B297_Aquimonas,0.0006666666666666,100,1,complete_100_seeds
family2_full_microbiome_clr_raw_env,With CLR,regression_50,C_environment_microbiome,pysr,B298_Aurantisolimonas,0.0006666666666666,100,1,complete_100_seeds
family2_full_microbiome_clr_raw_env,With CLR,regression_50,C_environment_microbiome,pysr,B29_Unclassified_Genus1,0.0006666666666666,100,1,complete_100_seeds
family2_full_microbiome_clr_raw_env,With CLR,regression_50,C_environment_microbiome,pysr,B2_Gemella,0.0006666666666666,100,1,complete_100_seeds
family2_full_microbiome_clr_raw_env,With CLR,regression_50,C_environment_microbiome,pysr,B300_Nakamurella,0.0006666666666666,100,1,complete_100_seeds
family2_full_microbiome_clr_raw_env,With CLR,regression_50,C_environment_microbiome,pysr,B302_Reyranella,0.0006666666666666,100,1,complete_100_seeds
family2_full_microbiome_clr_raw_env,With CLR,regression_50,C_environment_microbiome,pysr,B306_Unclassified_Genus57,0.0006666666666666,100,1,complete_100_seeds
family2_full_microbiome_clr_raw_env,With CLR,regression_50,C_environment_microbiome,pysr,B307_CL500_29_marine_group,0.0026666666666666,100,4,complete_100_seeds
family2_full_microbiome_clr_raw_env,With CLR,regression_50,C_environment_microbiome,pysr,B309_Unclassified_Genus58,0.0013333333333333,100,2,complete_100_seeds
family2_full_microbiome_clr_raw_env,With CLR,regression_50,C_environment_microbiome,pysr,B30_Yoonia_Loktanella,0.0013333333333333,100,2,complete_100_seeds
family2_full_microbiome_clr_raw_env,With CLR,regression_50,C_environment_microbiome,pysr,B310_Unclassified_Genus59,0.002,100,3,complete_100_seeds
family2_full_microbiome_clr_raw_env,With CLR,regression_50,C_environment_microbiome,pysr,B311_Bdellovibrio,0.0006666666666666,100,1,complete_100_seeds
family2_full_microbiome_clr_raw_env,With CLR,regression_50,C_environment_microbiome,pysr,B312_Methyloceanibacter,0.0013333333333333,100,2,complete_100_seeds
family2_full_microbiome_clr_raw_env,With CLR,regression_50,C_environment_microbiome,pysr,B315_Ornithinibacter,0.002,100,3,complete_100_seeds
family2_full_microbiome_clr_raw_env,With CLR,regression_50,C_environment_microbiome,pysr,B316_Clostridium_sensu_stricto_9,0.002,100,3,complete_100_seeds
family2_full_microbiome_clr_raw_env,With CLR,regression_50,C_environment_microbiome,pysr,B317_Streptosporangium,0.0033333333333333,100,5,complete_100_seeds
family2_full_microbiome_clr_raw_env,With CLR,regression_50,C_environment_microbiome,pysr,B319_Unclassified_Genus62,0.002,100,3,complete_100_seeds
family2_full_microbiome_clr_raw_env,With CLR,regression_50,C_environment_microbiome,pysr,B31_Acidovorax,0.036,100,39,complete_100_seeds
family2_full_microbiome_clr_raw_env,With CLR,regression_50,C_environment_microbiome,pysr,B322_Defluviicoccus,0.0013333333333333,100,2,complete_100_seeds
family2_full_microbiome_clr_raw_env,With CLR,regression_50,C_environment_microbiome,pysr,B323_Marinovum,0.0006666666666666,100,1,complete_100_seeds
family2_full_microbiome_clr_raw_env,With CLR,regression_50,C_environment_microbiome,pysr,B325_Unclassified_Genus63,0.0006666666666666,100,1,complete_100_seeds
family2_full_microbiome_clr_raw_env,With CLR,regression_50,C_environment_microbiome,pysr,B326_Unclassified_Genus64,0.0146666666666666,100,19,complete_100_seeds
family2_full_microbiome_clr_raw_env,With CLR,regression_50,C_environment_microbiome,pysr,B327_Clavibacter,0.0013333333333333,100,2,complete_100_seeds
family2_full_microbiome_clr_raw_env,With CLR,regression_50,C_environment_microbiome,pysr,B328_Unclassified_Genus65,0.0073333333333333,100,11,complete_100_seeds
family2_full_microbiome_clr_raw_env,With CLR,regression_50,C_environment_microbiome,pysr,B32_Rathayibacter,0.0066666666666666,100,10,complete_100_seeds
family2_full_microbiome_clr_raw_env,With CLR,regression_50,C_environment_microbiome,pysr,B330_Actibacterium,0.0006666666666666,100,1,complete_100_seeds
family2_full_microbiome_clr_raw_env,With CLR,regression_50,C_environment_microbiome,pysr,B334_Methylotenera,0.002,100,3,complete_100_seeds
family2_full_microbiome_clr_raw_env,With CLR,regression_50,C_environment_microbiome,pysr,B336_Hirschia,0.002,100,3,complete_100_seeds
family2_full_microbiome_clr_raw_env,With CLR,regression_50,C_environment_microbiome,pysr,B337_Unclassified_Genus67,0.0053333333333333,100,8,complete_100_seeds
family2_full_microbiome_clr_raw_env,With CLR,regression_50,C_environment_microbiome,pysr,B338_Geminicoccus,0.004,100,6,complete_100_seeds
family2_full_microbiome_clr_raw_env,With CLR,regression_50,C_environment_microbiome,pysr,B339_Williamsia,0.0026666666666666,100,4,complete_100_seeds
family2_full_microbiome_clr_raw_env,With CLR,regression_50,C_environment_microbiome,pysr,B33_Pelomonas,0.004,100,6,complete_100_seeds
family2_full_microbiome_clr_raw_env,With CLR,regression_50,C_environment_microbiome,pysr,B341_Unclassified_Genus69,0.0046666666666666,100,7,complete_100_seeds
family2_full_microbiome_clr_raw_env,With CLR,regression_50,C_environment_microbiome,pysr,B343_Rhodoferax,0.004,100,6,complete_100_seeds
family2_full_microbiome_clr_raw_env,With CLR,regression_50,C_environment_microbiome,pysr,B34_Arenibacter,0.0053333333333333,100,8,complete_100_seeds
family2_full_microbiome_clr_raw_env,With CLR,regression_50,C_environment_microbiome,pysr,B353_Unclassified_Genus73,0.01,100,15,complete_100_seeds
family2_full_microbiome_clr_raw_env,With CLR,regression_50,C_environment_microbiome,pysr,B354_Rubrivivax,0.002,100,3,complete_100_seeds
family2_full_microbiome_clr_raw_env,With CLR,regression_50,C_environment_microbiome,pysr,B355_Unclassified_Genus74,0.0006666666666666,100,1,complete_100_seeds
family2_full_microbiome_clr_raw_env,With CLR,regression_50,C_environment_microbiome,pysr,B357_Unclassified_Genus75,0.0006666666666666,100,1,complete_100_seeds
family2_full_microbiome_clr_raw_env,With CLR,regression_50,C_environment_microbiome,pysr,B358_Arenicella,0.0006666666666666,100,1,complete_100_seeds
family2_full_microbiome_clr_raw_env,With CLR,regression_50,C_environment_microbiome,pysr,B35_Nocardioides,0.0026666666666666,100,4,complete_100_seeds
family2_full_microbiome_clr_raw_env,With CLR,regression_50,C_environment_microbiome,pysr,B361_Lacihabitans,0.0006666666666666,100,1,complete_100_seeds
family2_full_microbiome_clr_raw_env,With CLR,regression_50,C_environment_microbiome,pysr,B362_Lysobacter,0.0013333333333333,100,2,complete_100_seeds
family2_full_microbiome_clr_raw_env,With CLR,regression_50,C_environment_microbiome,pysr,B363_IMCC26207,0.006,100,9,complete_100_seeds
family2_full_microbiome_clr_raw_env,With CLR,regression_50,C_environment_microbiome,pysr,B367_Neptunomonas,0.0006666666666666,100,1,complete_100_seeds
family2_full_microbiome_clr_raw_env,With CLR,regression_50,C_environment_microbiome,pysr,B369_966_1,0.0013333333333333,100,2,complete_100_seeds
family2_full_microbiome_clr_raw_env,With CLR,regression_50,C_environment_microbiome,pysr,B36_NS3a_marine_group,0.006,100,8,complete_100_seeds
family2_full_microbiome_clr_raw_env,With CLR,regression_50,C_environment_microbiome,pysr,B372_Spirosoma,0.0013333333333333,100,2,complete_100_seeds
family2_full_microbiome_clr_raw_env,With CLR,regression_50,C_environment_microbiome,pysr,B375_Unclassified_Genus81,0.0006666666666666,100,1,complete_100_seeds
family2_full_microbiome_clr_raw_env,With CLR,regression_50,C_environment_microbiome,pysr,B378_Unclassified_Genus83,0.0013333333333333,100,2,complete_100_seeds
family2_full_microbiome_clr_raw_env,With CLR,regression_50,C_environment_microbiome,pysr,B379_Rubellimicrobium,0.0026666666666666,100,4,complete_100_seeds
family2_full_microbiome_clr_raw_env,With CLR,regression_50,C_environment_microbiome,pysr,B380_Pelosinus,0.0006666666666666,100,1,complete_100_seeds
family2_full_microbiome_clr_raw_env,With CLR,regression_50,C_environment_microbiome,pysr,B381_Unclassified_Genus84,0.012,100,18,complete_100_seeds
family2_full_microbiome_clr_raw_env,With CLR,regression_50,C_environment_microbiome,pysr,B382_Polymorphobacter,0.0013333333333333,100,2,complete_100_seeds
family2_full_microbiome_clr_raw_env,With CLR,regression_50,C_environment_microbiome,pysr,B383_Gemmobacter,0.0006666666666666,100,1,complete_100_seeds
family2_full_microbiome_clr_raw_env,With CLR,regression_50,C_environment_microbiome,pysr,B384_Unclassified_Genus85,0.0013333333333333,100,2,complete_100_seeds
family2_full_microbiome_clr_raw_env,With CLR,regression_50,C_environment_microbiome,pysr,B386_Unclassified_Genus87,0.0006666666666666,100,1,complete_100_seeds
family2_full_microbiome_clr_raw_env,With CLR,regression_50,C_environment_microbiome,pysr,B388_Unclassified_Genus89,0.0013333333333333,100,2,complete_100_seeds
family2_full_microbiome_clr_raw_env,With CLR,regression_50,C_environment_microbiome,pysr,B38_Unclassified_Genus2,0.0006666666666666,100,1,complete_100_seeds
family2_full_microbiome_clr_raw_env,With CLR,regression_50,C_environment_microbiome,pysr,B391_Sphingobium,0.0006666666666666,100,1,complete_100_seeds
family2_full_microbiome_clr_raw_env,With CLR,regression_50,C_environment_microbiome,pysr,B396_Segetibacter,0.0006666666666666,100,1,complete_100_seeds
family2_full_microbiome_clr_raw_env,With CLR,regression_50,C_environment_microbiome,pysr,B397_Unclassified_Genus93,0.0013333333333333,100,2,complete_100_seeds
family2_full_microbiome_clr_raw_env,With CLR,regression_50,C_environment_microbiome,pysr,B398_Pseudarcobacter,0.0013333333333333,100,2,complete_100_seeds
family2_full_microbiome_clr_raw_env,With CLR,regression_50,C_environment_microbiome,pysr,B399_Unclassified_Genus94,0.002,100,3,complete_100_seeds
family2_full_microbiome_clr_raw_env,With CLR,regression_50,C_environment_microbiome,pysr,B39_Burkholderia_Caballeronia_Paraburkholderia,0.0013333333333333,100,2,complete_100_seeds
family2_full_microbiome_clr_raw_env,With CLR,regression_50,C_environment_microbiome,pysr,B3_Rothia,0.0073333333333333,100,11,complete_100_seeds
family2_full_microbiome_clr_raw_env,With CLR,regression_50,C_environment_microbiome,pysr,B400_Dyadobacter,0.0006666666666666,100,1,complete_100_seeds
family2_full_microbiome_clr_raw_env,With CLR,regression_50,C_environment_microbiome,pysr,B401_Thalassolituus,0.0086666666666666,100,13,complete_100_seeds
family2_full_microbiome_clr_raw_env,With CLR,regression_50,C_environment_microbiome,pysr,B402_Ruegeria,0.004,100,6,complete_100_seeds
family2_full_microbiome_clr_raw_env,With CLR,regression_50,C_environment_microbiome,pysr,B404_Asticcacaulis,0.0286666666666666,100,37,complete_100_seeds
family2_full_microbiome_clr_raw_env,With CLR,regression_50,C_environment_microbiome,pysr,B406_Reichenbachiella,0.004,100,6,complete_100_seeds
family2_full_microbiome_clr_raw_env,With CLR,regression_50,C_environment_microbiome,pysr,B407_Unclassified_Genus96,0.0579999999999999,100,54,complete_100_seeds
family2_full_microbiome_clr_raw_env,With CLR,regression_50,C_environment_microbiome,pysr,B408_Unclassified_Genus97,0.0006666666666666,100,1,complete_100_seeds
family2_full_microbiome_clr_raw_env,With CLR,regression_50,C_environment_microbiome,pysr,B40_Pseudohongiella,0.0026666666666666,100,4,complete_100_seeds
family2_full_microbiome_clr_raw_env,With CLR,regression_50,C_environment_microbiome,pysr,B410_Unclassified_Genus98,0.002,100,3,complete_100_seeds
family2_full_microbiome_clr_raw_env,With CLR,regression_50,C_environment_microbiome,pysr,B411_Unclassified_Genus99,0.0006666666666666,100,1,complete_100_seeds
family2_full_microbiome_clr_raw_env,With CLR,regression_50,C_environment_microbiome,pysr,B412_Caenimonas,0.0006666666666666,100,1,complete_100_seeds
family2_full_microbiome_clr_raw_env,With CLR,regression_50,C_environment_microbiome,pysr,B413_Ahniella,0.0006666666666666,100,1,complete_100_seeds
family2_full_microbiome_clr_raw_env,With CLR,regression_50,C_environment_microbiome,pysr,B414_Hyphomonas,0.0026666666666666,100,4,complete_100_seeds
family2_full_microbiome_clr_raw_env,With CLR,regression_50,C_environment_microbiome,pysr,B415_Candidatus_Udaeobacter,0.0006666666666666,100,1,complete_100_seeds
family2_full_microbiome_clr_raw_env,With CLR,regression_50,C_environment_microbiome,pysr,B417_Unclassified_Genus100,0.002,100,3,complete_100_seeds
family2_full_microbiome_clr_raw_env,With CLR,regression_50,C_environment_microbiome,pysr,B418_Unclassified_Genus101,0.0006666666666666,100,1,complete_100_seeds
family2_full_microbiome_clr_raw_env,With CLR,regression_50,C_environment_microbiome,pysr,B419_Psychrosphaera,0.0013333333333333,100,2,complete_100_seeds
family2_full_microbiome_clr_raw_env,With CLR,regression_50,C_environment_microbiome,pysr,B41_Staphylococcus,0.0886666666666666,100,81,complete_100_seeds
family2_full_microbiome_clr_raw_env,With CLR,regression_50,C_environment_microbiome,pysr,B420_Phenylobacterium,0.002,100,3,complete_100_seeds
family2_full_microbiome_clr_raw_env,With CLR,regression_50,C_environment_microbiome,pysr,B423_Unclassified_Genus102,0.0006666666666666,100,1,complete_100_seeds
family2_full_microbiome_clr_raw_env,With CLR,regression_50,C_environment_microbiome,pysr,B424_Unclassified_Genus103,0.004,100,5,complete_100_seeds
family2_full_microbiome_clr_raw_env,With CLR,regression_50,C_environment_microbiome,pysr,B426_Granulosicoccus,0.0006666666666666,100,1,complete_100_seeds
family2_full_microbiome_clr_raw_env,With CLR,regression_50,C_environment_microbiome,pysr,B427_Unclassified_Genus104,0.0006666666666666,100,1,complete_100_seeds
family2_full_microbiome_clr_raw_env,With CLR,regression_50,C_environment_microbiome,pysr,B428_Kaistia,0.0006666666666666,100,1,complete_100_seeds
family2_full_microbiome_clr_raw_env,With CLR,regression_50,C_environment_microbiome,pysr,B429_Christensenellaceae_R_7_group,0.0013333333333333,100,2,complete_100_seeds
family2_full_microbiome_clr_raw_env,With CLR,regression_50,C_environment_microbiome,pysr,B42_Aquitalea,0.0353333333333333,100,49,complete_100_seeds
family2_full_microbiome_clr_raw_env,With CLR,regression_50,C_environment_microbiome,pysr,B432_Unclassified_Genus106,0.0006666666666666,100,1,complete_100_seeds
family2_full_microbiome_clr_raw_env,With CLR,regression_50,C_environment_microbiome,pysr,B433_Candidatus_Xiphinematobacter,0.0013333333333333,100,2,complete_100_seeds
family2_full_microbiome_clr_raw_env,With CLR,regression_50,C_environment_microbiome,pysr,B434_UTBCD1,0.0006666666666666,100,1,complete_100_seeds
family2_full_microbiome_clr_raw_env,With CLR,regression_50,C_environment_microbiome,pysr,B435_Flavimaricola,0.006,100,9,complete_100_seeds
family2_full_microbiome_clr_raw_env,With CLR,regression_50,C_environment_microbiome,pysr,B437_Unclassified_Genus107,0.002,100,3,complete_100_seeds
family2_full_microbiome_clr_raw_env,With CLR,regression_50,C_environment_microbiome,pysr,B438_CL500_3,0.0013333333333333,100,2,complete_100_seeds
family2_full_microbiome_clr_raw_env,With CLR,regression_50,C_environment_microbiome,pysr,B43_Glaciecola,0.0006666666666666,100,1,complete_100_seeds
family2_full_microbiome_clr_raw_env,With CLR,regression_50,C_environment_microbiome,pysr,B441_Unclassified_Genus109,0.0006666666666666,100,1,complete_100_seeds
family2_full_microbiome_clr_raw_env,With CLR,regression_50,C_environment_microbiome,pysr,B443_Unclassified_Genus110,0.0026666666666666,100,4,complete_100_seeds
family2_full_microbiome_clr_raw_env,With CLR,regression_50,C_environment_microbiome,pysr,B444_Candidatus_Solibacter,0.0006666666666666,100,1,complete_100_seeds
family2_full_microbiome_clr_raw_env,With CLR,regression_50,C_environment_microbiome,pysr,B445_Unclassified_Genus111,0.006,100,9,complete_100_seeds
family2_full_microbiome_clr_raw_env,With CLR,regression_50,C_environment_microbiome,pysr,B446_Cycloclasticus,0.0013333333333333,100,2,complete_100_seeds
family2_full_microbiome_clr_raw_env,With CLR,regression_50,C_environment_microbiome,pysr,B448_Rhodoplanes,0.0013333333333333,100,2,complete_100_seeds
family2_full_microbiome_clr_raw_env,With CLR,regression_50,C_environment_microbiome,pysr,B449_Unclassified_Genus113,0.0033333333333333,100,5,complete_100_seeds
family2_full_microbiome_clr_raw_env,With CLR,regression_50,C_environment_microbiome,pysr,B450_Cm1_21,0.0013333333333333,100,2,complete_100_seeds
family2_full_microbiome_clr_raw_env,With CLR,regression_50,C_environment_microbiome,pysr,B451_Undibacterium,0.0133333333333333,100,17,complete_100_seeds
family2_full_microbiome_clr_raw_env,With CLR,regression_50,C_environment_microbiome,pysr,B452_Unclassified_Genus114,0.0013333333333333,100,2,complete_100_seeds
family2_full_microbiome_clr_raw_env,With CLR,regression_50,C_environment_microbiome,pysr,B456_Candidatus_Nitrotoga,0.0006666666666666,100,1,complete_100_seeds
family2_full_microbiome_clr_raw_env,With CLR,regression_50,C_environment_microbiome,pysr,B457_SZB85,0.0006666666666666,100,1,complete_100_seeds
family2_full_microbiome_clr_raw_env,With CLR,regression_50,C_environment_microbiome,pysr,B45_Pseudoalteromonas,0.0033333333333333,100,5,complete_100_seeds
family2_full_microbiome_clr_raw_env,With CLR,regression_50,C_environment_microbiome,pysr,B460_Belnapia,0.0013333333333333,100,2,complete_100_seeds
family2_full_microbiome_clr_raw_env,With CLR,regression_50,C_environment_microbiome,pysr,B463_Noviherbaspirillum,0.0006666666666666,100,1,complete_100_seeds
family2_full_microbiome_clr_raw_env,With CLR,regression_50,C_environment_microbiome,pysr,B464_Unclassified_Genus120,0.0013333333333333,100,2,complete_100_seeds
family2_full_microbiome_clr_raw_env,With CLR,regression_50,C_environment_microbiome,pysr,B465_Halobacillus,0.0006666666666666,100,1,complete_100_seeds
family2_full_microbiome_clr_raw_env,With CLR,regression_50,C_environment_microbiome,pysr,B466_Dietzia,0.002,100,3,complete_100_seeds
family2_full_microbiome_clr_raw_env,With CLR,regression_50,C_environment_microbiome,pysr,B467_Pontibacillus,0.0006666666666666,100,1,complete_100_seeds
family2_full_microbiome_clr_raw_env,With CLR,regression_50,C_environment_microbiome,pysr,B469_Ulvibacter,0.0013333333333333,100,2,complete_100_seeds
family2_full_microbiome_clr_raw_env,With CLR,regression_50,C_environment_microbiome,pysr,B46_Bradyrhizobium,0.026,100,31,complete_100_seeds
family2_full_microbiome_clr_raw_env,With CLR,regression_50,C_environment_microbiome,pysr,B470_Rheinheimera,0.0426666666666666,100,52,complete_100_seeds
family2_full_microbiome_clr_raw_env,With CLR,regression_50,C_environment_microbiome,pysr,B471_Geodermatophilus,0.006,100,9,complete_100_seeds
family2_full_microbiome_clr_raw_env,With CLR,regression_50,C_environment_microbiome,pysr,B472_Methylocella,0.0013333333333333,100,2,complete_100_seeds
family2_full_microbiome_clr_raw_env,With CLR,regression_50,C_environment_microbiome,pysr,B474_Unclassified_Genus122,0.0006666666666666,100,1,complete_100_seeds
family2_full_microbiome_clr_raw_env,With CLR,regression_50,C_environment_microbiome,pysr,B476_Dactylosporangium,0.0006666666666666,100,1,complete_100_seeds
family2_full_microbiome_clr_raw_env,With CLR,regression_50,C_environment_microbiome,pysr,B477_Cellulomonas,0.0033333333333333,100,5,complete_100_seeds
family2_full_microbiome_clr_raw_env,With CLR,regression_50,C_environment_microbiome,pysr,B478_Nitratireductor,0.0026666666666666,100,4,complete_100_seeds
family2_full_microbiome_clr_raw_env,With CLR,regression_50,C_environment_microbiome,pysr,B480_Runella,0.0013333333333333,100,2,complete_100_seeds
family2_full_microbiome_clr_raw_env,With CLR,regression_50,C_environment_microbiome,pysr,B481_Limibaculum,0.0006666666666666,100,1,complete_100_seeds
family2_full_microbiome_clr_raw_env,With CLR,regression_50,C_environment_microbiome,pysr,B482_Unclassified_Genus124,0.0006666666666666,100,1,complete_100_seeds
family2_full_microbiome_clr_raw_env,With CLR,regression_50,C_environment_microbiome,pysr,B484_Defluviimonas,0.002,100,3,complete_100_seeds
family2_full_microbiome_clr_raw_env,With CLR,regression_50,C_environment_microbiome,pysr,B485_Neochlamydia,0.0033333333333333,100,5,complete_100_seeds
family2_full_microbiome_clr_raw_env,With CLR,regression_50,C_environment_microbiome,pysr,B486_Brevibacillus,0.0033333333333333,100,5,complete_100_seeds
family2_full_microbiome_clr_raw_env,With CLR,regression_50,C_environment_microbiome,pysr,B487_Unclassified_Genus125,0.0033333333333333,100,5,complete_100_seeds
family2_full_microbiome_clr_raw_env,With CLR,regression_50,C_environment_microbiome,pysr,B489_Bauldia,0.002,100,3,complete_100_seeds
family2_full_microbiome_clr_raw_env,With CLR,regression_50,C_environment_microbiome,pysr,B48_Acinetobacter,0.0006666666666666,100,1,complete_100_seeds
family2_full_microbiome_clr_raw_env,With CLR,regression_50,C_environment_microbiome,pysr,B490_Dinghuibacter,0.0013333333333333,100,2,complete_100_seeds
family2_full_microbiome_clr_raw_env,With CLR,regression_50,C_environment_microbiome,pysr,B491_Unclassified_Genus126,0.0026666666666666,100,4,complete_100_seeds
family2_full_microbiome_clr_raw_env,With CLR,regression_50,C_environment_microbiome,pysr,B493_Jatrophihabitans,0.0006666666666666,100,1,complete_100_seeds
family2_full_microbiome_clr_raw_env,With CLR,regression_50,C_environment_microbiome,pysr,B494_Sediminibacterium,0.0006666666666666,100,1,complete_100_seeds
family2_full_microbiome_clr_raw_env,With CLR,regression_50,C_environment_microbiome,pysr,B498_Unclassified_Genus130,0.0066666666666666,100,9,complete_100_seeds
family2_full_microbiome_clr_raw_env,With CLR,regression_50,C_environment_microbiome,pysr,B499_Chthoniobacter,0.0013333333333333,100,2,complete_100_seeds
family2_full_microbiome_clr_raw_env,With CLR,regression_50,C_environment_microbiome,pysr,B503_Gemmatimonas,0.0006666666666666,100,1,complete_100_seeds
family2_full_microbiome_clr_raw_env,With CLR,regression_50,C_environment_microbiome,pysr,B505_Proteiniclasticum,0.0006666666666666,100,1,complete_100_seeds
family2_full_microbiome_clr_raw_env,With CLR,regression_50,C_environment_microbiome,pysr,B506_Maribacter,0.0006666666666666,100,1,complete_100_seeds
family2_full_microbiome_clr_raw_env,With CLR,regression_50,C_environment_microbiome,pysr,B507_Unclassified_Genus133,0.002,100,3,complete_100_seeds
family2_full_microbiome_clr_raw_env,With CLR,regression_50,C_environment_microbiome,pysr,B50_Ilumatobacter,0.0066666666666666,100,10,complete_100_seeds
family2_full_microbiome_clr_raw_env,With CLR,regression_50,C_environment_microbiome,pysr,B510_Polaromonas,0.0026666666666666,100,4,complete_100_seeds
family2_full_microbiome_clr_raw_env,With CLR,regression_50,C_environment_microbiome,pysr,B512_Unclassified_Genus136,0.0006666666666666,100,1,complete_100_seeds
family2_full_microbiome_clr_raw_env,With CLR,regression_50,C_environment_microbiome,pysr,B513_Planomicrobium,0.0013333333333333,100,2,complete_100_seeds
family2_full_microbiome_clr_raw_env,With CLR,regression_50,C_environment_microbiome,pysr,B514_Unclassified_Genus137,0.0026666666666666,100,4,complete_100_seeds
family2_full_microbiome_clr_raw_env,With CLR,regression_50,C_environment_microbiome,pysr,B515_Dechloromonas,0.0053333333333333,100,7,complete_100_seeds
family2_full_microbiome_clr_raw_env,With CLR,regression_50,C_environment_microbiome,pysr,B517_Unclassified_Genus138,0.012,100,17,complete_100_seeds
family2_full_microbiome_clr_raw_env,With CLR,regression_50,C_environment_microbiome,pysr,B518_Unclassified_Genus140,0.012,100,15,complete_100_seeds
family2_full_microbiome_clr_raw_env,With CLR,regression_50,C_environment_microbiome,pysr,B51_Sulfitobacter,0.0033333333333333,100,5,complete_100_seeds
family2_full_microbiome_clr_raw_env,With CLR,regression_50,C_environment_microbiome,pysr,B520_Unclassified_Genus141,0.0013333333333333,100,2,complete_100_seeds
family2_full_microbiome_clr_raw_env,With CLR,regression_50,C_environment_microbiome,pysr,B523_Rhodopseudomonas,0.0006666666666666,100,1,complete_100_seeds
family2_full_microbiome_clr_raw_env,With CLR,regression_50,C_environment_microbiome,pysr,B525_Labrys,0.0073333333333333,100,11,complete_100_seeds
family2_full_microbiome_clr_raw_env,With CLR,regression_50,C_environment_microbiome,pysr,B528_Unclassified_Genus143,0.016,100,22,complete_100_seeds
family2_full_microbiome_clr_raw_env,With CLR,regression_50,C_environment_microbiome,pysr,B530_Actibacter,0.0033333333333333,100,5,complete_100_seeds
family2_full_microbiome_clr_raw_env,With CLR,regression_50,C_environment_microbiome,pysr,B531_Limnohabitans,0.0006666666666666,100,1,complete_100_seeds
family2_full_microbiome_clr_raw_env,With CLR,regression_50,C_environment_microbiome,pysr,B532_WCHB1_32,0.006,100,9,complete_100_seeds
family2_full_microbiome_clr_raw_env,With CLR,regression_50,C_environment_microbiome,pysr,B533_Kribbella,0.0013333333333333,100,2,complete_100_seeds
family2_full_microbiome_clr_raw_env,With CLR,regression_50,C_environment_microbiome,pysr,B534_Unclassified_Genus144,0.0006666666666666,100,1,complete_100_seeds
family2_full_microbiome_clr_raw_env,With CLR,regression_50,C_environment_microbiome,pysr,B538_Solirubrobacter,0.0006666666666666,100,1,complete_100_seeds
family2_full_microbiome_clr_raw_env,With CLR,regression_50,C_environment_microbiome,pysr,B53_Paracoccus,0.0026666666666666,100,4,complete_100_seeds
family2_full_microbiome_clr_raw_env,With CLR,regression_50,C_environment_microbiome,pysr,B540_Cereibacter,0.0006666666666666,100,1,complete_100_seeds
family2_full_microbiome_clr_raw_env,With CLR,regression_50,C_environment_microbiome,pysr,B542_Anaerosinus,0.0013333333333333,100,2,complete_100_seeds
family2_full_microbiome_clr_raw_env,With CLR,regression_50,C_environment_microbiome,pysr,B543_Unclassified_Genus147,0.0306666666666666,100,37,complete_100_seeds
family2_full_microbiome_clr_raw_env,With CLR,regression_50,C_environment_microbiome,pysr,B544_Unclassified_Genus148,0.0006666666666666,100,1,complete_100_seeds
family2_full_microbiome_clr_raw_env,With CLR,regression_50,C_environment_microbiome,pysr,B546_Halovulum,0.0013333333333333,100,2,complete_100_seeds
family2_full_microbiome_clr_raw_env,With CLR,regression_50,C_environment_microbiome,pysr,B548_Unclassified_Genus150,0.0093333333333333,100,13,complete_100_seeds
family2_full_microbiome_clr_raw_env,With CLR,regression_50,C_environment_microbiome,pysr,B549_Unclassified_Genus151,0.0013333333333333,100,2,complete_100_seeds
family2_full_microbiome_clr_raw_env,With CLR,regression_50,C_environment_microbiome,pysr,B54_Paenisporosarcina,0.0026666666666666,100,4,complete_100_seeds
family2_full_microbiome_clr_raw_env,With CLR,regression_50,C_environment_microbiome,pysr,B550_Unclassified_Genus152,0.0006666666666666,100,1,complete_100_seeds
family2_full_microbiome_clr_raw_env,With CLR,regression_50,C_environment_microbiome,pysr,B551_Blastomonas,0.006,100,8,complete_100_seeds
family2_full_microbiome_clr_raw_env,With CLR,regression_50,C_environment_microbiome,pysr,B553_Unclassified_Genus154,0.0426666666666666,100,52,complete_100_seeds
family2_full_microbiome_clr_raw_env,With CLR,regression_50,C_environment_microbiome,pysr,B554_Unclassified_Genus155,0.0006666666666666,100,1,complete_100_seeds
family2_full_microbiome_clr_raw_env,With CLR,regression_50,C_environment_microbiome,pysr,B556_mle1_7,0.0013333333333333,100,2,complete_100_seeds
family2_full_microbiome_clr_raw_env,With CLR,regression_50,C_environment_microbiome,pysr,B557_Unclassified_Genus156,0.0013333333333333,100,2,complete_100_seeds
family2_full_microbiome_clr_raw_env,With CLR,regression_50,C_environment_microbiome,pysr,B55_Vibrio,0.0006666666666666,100,1,complete_100_seeds
family2_full_microbiome_clr_raw_env,With CLR,regression_50,C_environment_microbiome,pysr,B560_Unclassified_Genus157,0.0006666666666666,100,1,complete_100_seeds
family2_full_microbiome_clr_raw_env,With CLR,regression_50,C_environment_microbiome,pysr,B563_P3O42,0.002,100,3,complete_100_seeds
family2_full_microbiome_clr_raw_env,With CLR,regression_50,C_environment_microbiome,pysr,B564_Croceicoccus,0.004,100,6,complete_100_seeds
family2_full_microbiome_clr_raw_env,With CLR,regression_50,C_environment_microbiome,pysr,B565_Anaerovorax,0.0013333333333333,100,2,complete_100_seeds
family2_full_microbiome_clr_raw_env,With CLR,regression_50,C_environment_microbiome,pysr,B566_Palleronia_Pseudomaribius,0.0006666666666666,100,1,complete_100_seeds
family2_full_microbiome_clr_raw_env,With CLR,regression_50,C_environment_microbiome,pysr,B567_Wenxinia,0.0006666666666666,100,1,complete_100_seeds
family2_full_microbiome_clr_raw_env,With CLR,regression_50,C_environment_microbiome,pysr,B56_Marivita,0.0006666666666666,100,1,complete_100_seeds
family2_full_microbiome_clr_raw_env,With CLR,regression_50,C_environment_microbiome,pysr,B578_Afipia,0.0113333333333333,100,17,complete_100_seeds
family2_full_microbiome_clr_raw_env,With CLR,regression_50,C_environment_microbiome,pysr,B580_Candidatus_Entotheonella,0.0006666666666666,100,1,complete_100_seeds
family2_full_microbiome_clr_raw_env,With CLR,regression_50,C_environment_microbiome,pysr,B581_Kitasatospora,0.0053333333333333,100,8,complete_100_seeds
family2_full_microbiome_clr_raw_env,With CLR,regression_50,C_environment_microbiome,pysr,B582_Unclassified_Genus162,0.0013333333333333,100,2,complete_100_seeds
family2_full_microbiome_clr_raw_env,With CLR,regression_50,C_environment_microbiome,pysr,B58_Agromyces,0.004,100,6,complete_100_seeds
family2_full_microbiome_clr_raw_env,With CLR,regression_50,C_environment_microbiome,pysr,B590_Unclassified_Genus165,0.0006666666666666,100,1,complete_100_seeds
family2_full_microbiome_clr_raw_env,With CLR,regression_50,C_environment_microbiome,pysr,B591_Prosthecomicrobium,0.0133333333333333,100,18,complete_100_seeds
family2_full_microbiome_clr_raw_env,With CLR,regression_50,C_environment_microbiome,pysr,B593_Plot4_2H12,0.002,100,3,complete_100_seeds
family2_full_microbiome_clr_raw_env,With CLR,regression_50,C_environment_microbiome,pysr,B599_Geobacter,0.0026666666666666,100,4,complete_100_seeds
family2_full_microbiome_clr_raw_env,With CLR,regression_50,C_environment_microbiome,pysr,B59_Altererythrobacter,0.0026666666666666,100,4,complete_100_seeds
family2_full_microbiome_clr_raw_env,With CLR,regression_50,C_environment_microbiome,pysr,B5_Neisseria,0.0006666666666666,100,1,complete_100_seeds
family2_full_microbiome_clr_raw_env,With CLR,regression_50,C_environment_microbiome,pysr,B600_Unclassified_Genus170,0.0033333333333333,100,5,complete_100_seeds
family2_full_microbiome_clr_raw_env,With CLR,regression_50,C_environment_microbiome,pysr,B604_Unclassified_Genus172,0.004,100,6,complete_100_seeds
family2_full_microbiome_clr_raw_env,With CLR,regression_50,C_environment_microbiome,pysr,B606_Sulfurifustis,0.0526666666666666,100,58,complete_100_seeds
family2_full_microbiome_clr_raw_env,With CLR,regression_50,C_environment_microbiome,pysr,B607_Unclassified_Genus173,0.0006666666666666,100,1,complete_100_seeds
family2_full_microbiome_clr_raw_env,With CLR,regression_50,C_environment_microbiome,pysr,B608_Unclassified_Genus174,0.0006666666666666,100,1,complete_100_seeds
family2_full_microbiome_clr_raw_env,With CLR,regression_50,C_environment_microbiome,pysr,B609_Unclassified_Genus175,0.0033333333333333,100,5,complete_100_seeds
family2_full_microbiome_clr_raw_env,With CLR,regression_50,C_environment_microbiome,pysr,B60_Unclassified_Genus5,0.0113333333333333,100,16,complete_100_seeds
family2_full_microbiome_clr_raw_env,With CLR,regression_50,C_environment_microbiome,pysr,B610_Unclassified_Genus176,0.0013333333333333,100,2,complete_100_seeds
family2_full_microbiome_clr_raw_env,With CLR,regression_50,C_environment_microbiome,pysr,B612_Unclassified_Genus178,0.0006666666666666,100,1,complete_100_seeds
family2_full_microbiome_clr_raw_env,With CLR,regression_50,C_environment_microbiome,pysr,B615_Candidatus_Berkiella,0.0006666666666666,100,1,complete_100_seeds
family2_full_microbiome_clr_raw_env,With CLR,regression_50,C_environment_microbiome,pysr,B616_Pseudofulvibacter,0.002,100,3,complete_100_seeds
family2_full_microbiome_clr_raw_env,With CLR,regression_50,C_environment_microbiome,pysr,B618_Cobetia,0.0006666666666666,100,1,complete_100_seeds
family2_full_microbiome_clr_raw_env,With CLR,regression_50,C_environment_microbiome,pysr,B619_hgcI_clade,0.1706666666666666,100,97,complete_100_seeds
family2_full_microbiome_clr_raw_env,With CLR,regression_50,C_environment_microbiome,pysr,B61_Sediminicola,0.0033333333333333,100,5,complete_100_seeds
family2_full_microbiome_clr_raw_env,With CLR,regression_50,C_environment_microbiome,pysr,B620_Roseisolibacter,0.0006666666666666,100,1,complete_100_seeds
family2_full_microbiome_clr_raw_env,With CLR,regression_50,C_environment_microbiome,pysr,B622_Unclassified_Genus182,0.0006666666666666,100,1,complete_100_seeds
family2_full_microbiome_clr_raw_env,With CLR,regression_50,C_environment_microbiome,pysr,B624_Oryzihumus,0.0006666666666666,100,1,complete_100_seeds
family2_full_microbiome_clr_raw_env,With CLR,regression_50,C_environment_microbiome,pysr,B626_Clostridium_sensu_stricto_8,0.0013333333333333,100,2,complete_100_seeds
family2_full_microbiome_clr_raw_env,With CLR,regression_50,C_environment_microbiome,pysr,B627_Hydrogenispora,0.0033333333333333,100,4,complete_100_seeds
family2_full_microbiome_clr_raw_env,With CLR,regression_50,C_environment_microbiome,pysr,B62_Unclassified_Genus6,0.024,100,30,complete_100_seeds
family2_full_microbiome_clr_raw_env,With CLR,regression_50,C_environment_microbiome,pysr,B630_Unclassified_Genus183,0.0013333333333333,100,2,complete_100_seeds
family2_full_microbiome_clr_raw_env,With CLR,regression_50,C_environment_microbiome,pysr,B631_Unclassified_Genus184,0.002,100,3,complete_100_seeds
family2_full_microbiome_clr_raw_env,With CLR,regression_50,C_environment_microbiome,pysr,B633_Unclassified_Genus185,0.0026666666666666,100,4,complete_100_seeds
family2_full_microbiome_clr_raw_env,With CLR,regression_50,C_environment_microbiome,pysr,B63_Clostridium_sensu_stricto_13,0.002,100,3,complete_100_seeds
family2_full_microbiome_clr_raw_env,With CLR,regression_50,C_environment_microbiome,pysr,B641_Unclassified_Genus189,0.002,100,3,complete_100_seeds
family2_full_microbiome_clr_raw_env,With CLR,regression_50,C_environment_microbiome,pysr,B642_Luedemannella,0.0006666666666666,100,1,complete_100_seeds
family2_full_microbiome_clr_raw_env,With CLR,regression_50,C_environment_microbiome,pysr,B643_Pseudaminobacter,0.0006666666666666,100,1,complete_100_seeds
family2_full_microbiome_clr_raw_env,With CLR,regression_50,C_environment_microbiome,pysr,B647_SAR92_clade,0.0006666666666666,100,1,complete_100_seeds
family2_full_microbiome_clr_raw_env,With CLR,regression_50,C_environment_microbiome,pysr,B648_Amycolatopsis,0.0006666666666666,100,1,complete_100_seeds
family2_full_microbiome_clr_raw_env,With CLR,regression_50,C_environment_microbiome,pysr,B64_Janibacter,0.0006666666666666,100,1,complete_100_seeds
family2_full_microbiome_clr_raw_env,With CLR,regression_50,C_environment_microbiome,pysr,B650_Gilvibacter,0.002,100,3,complete_100_seeds
family2_full_microbiome_clr_raw_env,With CLR,regression_50,C_environment_microbiome,pysr,B651_Unclassified_Genus195,0.0006666666666666,100,1,complete_100_seeds
family2_full_microbiome_clr_raw_env,With CLR,regression_50,C_environment_microbiome,pysr,B652_Unclassified_Genus196,0.0006666666666666,100,1,complete_100_seeds
family2_full_microbiome_clr_raw_env,With CLR,regression_50,C_environment_microbiome,pysr,B654_Unclassified_Genus199,0.0006666666666666,100,1,complete_100_seeds
family2_full_microbiome_clr_raw_env,With CLR,regression_50,C_environment_microbiome,pysr,B656_Subtercola,0.0006666666666666,100,1,complete_100_seeds
family2_full_microbiome_clr_raw_env,With CLR,regression_50,C_environment_microbiome,pysr,B658_Unclassified_Genus202,0.0006666666666666,100,1,complete_100_seeds
family2_full_microbiome_clr_raw_env,With CLR,regression_50,C_environment_microbiome,pysr,B659_Anaeromyxobacter,0.0006666666666666,100,1,complete_100_seeds
family2_full_microbiome_clr_raw_env,With CLR,regression_50,C_environment_microbiome,pysr,B660_IS_44,0.0006666666666666,100,1,complete_100_seeds
family2_full_microbiome_clr_raw_env,With CLR,regression_50,C_environment_microbiome,pysr,B661_Quatrionicoccus,0.0006666666666666,100,1,complete_100_seeds
family2_full_microbiome_clr_raw_env,With CLR,regression_50,C_environment_microbiome,pysr,B663_Unclassified_Genus207,0.0006666666666666,100,1,complete_100_seeds
family2_full_microbiome_clr_raw_env,With CLR,regression_50,C_environment_microbiome,pysr,B664_Unclassified_Genus208,0.0006666666666666,100,1,complete_100_seeds
family2_full_microbiome_clr_raw_env,With CLR,regression_50,C_environment_microbiome,pysr,B667_Unclassified_Genus211,0.012,100,18,complete_100_seeds
family2_full_microbiome_clr_raw_env,With CLR,regression_50,C_environment_microbiome,pysr,B668_Anaerolinea,0.0006666666666666,100,1,complete_100_seeds
family2_full_microbiome_clr_raw_env,With CLR,regression_50,C_environment_microbiome,pysr,B670_Actinoplanes,0.0006666666666666,100,1,complete_100_seeds
family2_full_microbiome_clr_raw_env,With CLR,regression_50,C_environment_microbiome,pysr,B672_Desulfosporosinus,0.002,100,3,complete_100_seeds
family2_full_microbiome_clr_raw_env,With CLR,regression_50,C_environment_microbiome,pysr,B673_Unclassified_Genus221,0.0026666666666666,100,4,complete_100_seeds
family2_full_microbiome_clr_raw_env,With CLR,regression_50,C_environment_microbiome,pysr,B68_Lewinella,0.002,100,3,complete_100_seeds
family2_full_microbiome_clr_raw_env,With CLR,regression_50,C_environment_microbiome,pysr,B69_Oleibacter,0.0013333333333333,100,2,complete_100_seeds
family2_full_microbiome_clr_raw_env,With CLR,regression_50,C_environment_microbiome,pysr,B6_Pacificibacter,0.0026666666666666,100,4,complete_100_seeds
family2_full_microbiome_clr_raw_env,With CLR,regression_50,C_environment_microbiome,pysr,B70_Marinomonas,0.0033333333333333,100,5,complete_100_seeds
family2_full_microbiome_clr_raw_env,With CLR,regression_50,C_environment_microbiome,pysr,B71_Brevundimonas,0.002,100,3,complete_100_seeds
family2_full_microbiome_clr_raw_env,With CLR,regression_50,C_environment_microbiome,pysr,B73_Planococcus,0.0013333333333333,100,2,complete_100_seeds
family2_full_microbiome_clr_raw_env,With CLR,regression_50,C_environment_microbiome,pysr,B74_Algoriphagus,0.0013333333333333,100,2,complete_100_seeds
family2_full_microbiome_clr_raw_env,With CLR,regression_50,C_environment_microbiome,pysr,B75_JGI_0001001_H03,0.0013333333333333,100,2,complete_100_seeds
family2_full_microbiome_clr_raw_env,With CLR,regression_50,C_environment_microbiome,pysr,B76_Marmoricola,0.0006666666666666,100,1,complete_100_seeds
family2_full_microbiome_clr_raw_env,With CLR,regression_50,C_environment_microbiome,pysr,B77_GKS98_freshwater_group,0.066,100,66,complete_100_seeds
family2_full_microbiome_clr_raw_env,With CLR,regression_50,C_environment_microbiome,pysr,B78_Filomicrobium,0.0006666666666666,100,1,complete_100_seeds
family2_full_microbiome_clr_raw_env,With CLR,regression_50,C_environment_microbiome,pysr,B79_Aureimonas,0.0006666666666666,100,1,complete_100_seeds
family2_full_microbiome_clr_raw_env,With CLR,regression_50,C_environment_microbiome,pysr,B80_Caulobacter,0.0033333333333333,100,5,complete_100_seeds
family2_full_microbiome_clr_raw_env,With CLR,regression_50,C_environment_microbiome,pysr,B81_Unclassified_Genus7,0.0326666666666666,100,44,complete_100_seeds
family2_full_microbiome_clr_raw_env,With CLR,regression_50,C_environment_microbiome,pysr,B82_OM43_clade,0.0013333333333333,100,2,complete_100_seeds
family2_full_microbiome_clr_raw_env,With CLR,regression_50,C_environment_microbiome,pysr,B83_Unclassified_Genus8,0.002,100,3,complete_100_seeds
family2_full_microbiome_clr_raw_env,With CLR,regression_50,C_environment_microbiome,pysr,B84_Tateyamaria,0.0033333333333333,100,5,complete_100_seeds
family2_full_microbiome_clr_raw_env,With CLR,regression_50,C_environment_microbiome,pysr,B85_Paenarthrobacter,0.0006666666666666,100,1,complete_100_seeds
family2_full_microbiome_clr_raw_env,With CLR,regression_50,C_environment_microbiome,pysr,B86_Rummeliibacillus,0.0006666666666666,100,1,complete_100_seeds
family2_full_microbiome_clr_raw_env,With CLR,regression_50,C_environment_microbiome,pysr,B88_Aeromonas,0.0033333333333333,100,5,complete_100_seeds
family2_full_microbiome_clr_raw_env,With CLR,regression_50,C_environment_microbiome,pysr,B8_Tepidiphilus,0.002,100,3,complete_100_seeds
family2_full_microbiome_clr_raw_env,With CLR,regression_50,C_environment_microbiome,pysr,B90_Microvirga,0.0006666666666666,100,1,complete_100_seeds
family2_full_microbiome_clr_raw_env,With CLR,regression_50,C_environment_microbiome,pysr,B92_Chryseobacterium,0.0006666666666666,100,1,complete_100_seeds
family2_full_microbiome_clr_raw_env,With CLR,regression_50,C_environment_microbiome,pysr,B93_Zeaxanthinibacter,0.0006666666666666,100,1,complete_100_seeds
family2_full_microbiome_clr_raw_env,With CLR,regression_50,C_environment_microbiome,pysr,B95_Unclassified_Genus9,0.0006666666666666,100,1,complete_100_seeds
family2_full_microbiome_clr_raw_env,With CLR,regression_50,C_environment_microbiome,pysr,B96_Alkalimarinus,0.0013333333333333,100,2,complete_100_seeds
family2_full_microbiome_clr_raw_env,With CLR,regression_50,C_environment_microbiome,pysr,B98_Aquabacterium,0.006,100,8,complete_100_seeds
family2_full_microbiome_clr_raw_env,With CLR,regression_50,C_environment_microbiome,pysr,B99_Pontivivens,0.002,100,3,complete_100_seeds
family2_full_microbiome_clr_raw_env,With CLR,regression_50,C_environment_microbiome,pysr,B9_Intestinibacter,0.0006666666666666,100,1,complete_100_seeds
family2_full_microbiome_clr_raw_env,With CLR,regression_50,C_environment_microbiome,pysr,C1_salt,0.0113333333333333,100,16,complete_100_seeds
family2_full_microbiome_clr_raw_env,With CLR,regression_50,C_environment_microbiome,pysr,C2_fresh,0.0153333333333333,100,21,complete_100_seeds
family2_full_microbiome_clr_raw_env,With CLR,regression_50,C_environment_microbiome,pysr,C3_sed,0.0033333333333333,100,5,complete_100_seeds
family2_full_microbiome_clr_raw_env,With CLR,regression_50,C_environment_microbiome,pysr,F101_Stachybotrys,0.0113333333333333,100,17,complete_100_seeds
family2_full_microbiome_clr_raw_env,With CLR,regression_50,C_environment_microbiome,pysr,F103_Rhizopogon,0.0006666666666666,100,1,complete_100_seeds
family2_full_microbiome_clr_raw_env,With CLR,regression_50,C_environment_microbiome,pysr,F104_Banksiophoma,0.0053333333333333,100,8,complete_100_seeds
family2_full_microbiome_clr_raw_env,With CLR,regression_50,C_environment_microbiome,pysr,F105_Pleurophragmium,0.0006666666666666,100,1,complete_100_seeds
family2_full_microbiome_clr_raw_env,With CLR,regression_50,C_environment_microbiome,pysr,F106_Biatriospora,0.0013333333333333,100,2,complete_100_seeds
family2_full_microbiome_clr_raw_env,With CLR,regression_50,C_environment_microbiome,pysr,F107_Oidiodendron,0.0006666666666666,100,1,complete_100_seeds
family2_full_microbiome_clr_raw_env,With CLR,regression_50,C_environment_microbiome,pysr,F108_Pestalotiopsis,0.0006666666666666,100,1,complete_100_seeds
family2_full_microbiome_clr_raw_env,With CLR,regression_50,C_environment_microbiome,pysr,F10_Boeremia,0.0006666666666666,100,1,complete_100_seeds
family2_full_microbiome_clr_raw_env,With CLR,regression_50,C_environment_microbiome,pysr,F111_Bimuria,0.0006666666666666,100,1,complete_100_seeds
family2_full_microbiome_clr_raw_env,With CLR,regression_50,C_environment_microbiome,pysr,F112_Tolypocladium,0.0006666666666666,100,1,complete_100_seeds
family2_full_microbiome_clr_raw_env,With CLR,regression_50,C_environment_microbiome,pysr,F114_Acrostalagmus,0.0006666666666666,100,1,complete_100_seeds
family2_full_microbiome_clr_raw_env,With CLR,regression_50,C_environment_microbiome,pysr,F118_Talaromyces,0.0006666666666666,100,1,complete_100_seeds
family2_full_microbiome_clr_raw_env,With CLR,regression_50,C_environment_microbiome,pysr,F119_Phaeosphaeria,0.0006666666666666,100,1,complete_100_seeds
family2_full_microbiome_clr_raw_env,With CLR,regression_50,C_environment_microbiome,pysr,F11_Unclassified_Genus,0.01,100,14,complete_100_seeds
family2_full_microbiome_clr_raw_env,With CLR,regression_50,C_environment_microbiome,pysr,F121_Purpureocillium,0.0026666666666666,100,4,complete_100_seeds
family2_full_microbiome_clr_raw_env,With CLR,regression_50,C_environment_microbiome,pysr,F122_Neocucurbitaria,0.0006666666666666,100,1,complete_100_seeds
family2_full_microbiome_clr_raw_env,With CLR,regression_50,C_environment_microbiome,pysr,F124_Emericellopsis,0.002,100,3,complete_100_seeds
family2_full_microbiome_clr_raw_env,With CLR,regression_50,C_environment_microbiome,pysr,F127_Unclassified_Genus20,0.0006666666666666,100,1,complete_100_seeds
family2_full_microbiome_clr_raw_env,With CLR,regression_50,C_environment_microbiome,pysr,F12_Claviceps,0.0006666666666666,100,1,complete_100_seeds
family2_full_microbiome_clr_raw_env,With CLR,regression_50,C_environment_microbiome,pysr,F130_Unclassified_Genus22,0.0006666666666666,100,1,complete_100_seeds
family2_full_microbiome_clr_raw_env,With CLR,regression_50,C_environment_microbiome,pysr,F131_Lycoperdon,0.0006666666666666,100,1,complete_100_seeds
family2_full_microbiome_clr_raw_env,With CLR,regression_50,C_environment_microbiome,pysr,F135_Unclassified_Genus24,0.002,100,3,complete_100_seeds
family2_full_microbiome_clr_raw_env,With CLR,regression_50,C_environment_microbiome,pysr,F140_Didymocyrtis,0.002,100,3,complete_100_seeds
family2_full_microbiome_clr_raw_env,With CLR,regression_50,C_environment_microbiome,pysr,F142_Pseudocosmospora,0.026,100,35,complete_100_seeds
family2_full_microbiome_clr_raw_env,With CLR,regression_50,C_environment_microbiome,pysr,F144_Monocillium,0.0013333333333333,100,2,complete_100_seeds
family2_full_microbiome_clr_raw_env,With CLR,regression_50,C_environment_microbiome,pysr,F14_Beauveria,0.0006666666666666,100,1,complete_100_seeds
family2_full_microbiome_clr_raw_env,With CLR,regression_50,C_environment_microbiome,pysr,F154_Umbelopsis,0.002,100,3,complete_100_seeds
family2_full_microbiome_clr_raw_env,With CLR,regression_50,C_environment_microbiome,pysr,F156_Torula,0.0006666666666666,100,1,complete_100_seeds
family2_full_microbiome_clr_raw_env,With CLR,regression_50,C_environment_microbiome,pysr,F159_Sampaiozyma,0.1706666666666666,100,95,complete_100_seeds
family2_full_microbiome_clr_raw_env,With CLR,regression_50,C_environment_microbiome,pysr,F166_Unclassified_Genus32,0.0013333333333333,100,2,complete_100_seeds
family2_full_microbiome_clr_raw_env,With CLR,regression_50,C_environment_microbiome,pysr,F169_Naganishia,0.0006666666666666,100,1,complete_100_seeds
family2_full_microbiome_clr_raw_env,With CLR,regression_50,C_environment_microbiome,pysr,F16_Vishniacozyma,0.0006666666666666,100,1,complete_100_seeds
family2_full_microbiome_clr_raw_env,With CLR,regression_50,C_environment_microbiome,pysr,F171_Tremateia,0.0006666666666666,100,1,complete_100_seeds
family2_full_microbiome_clr_raw_env,With CLR,regression_50,C_environment_microbiome,pysr,F174_Unclassified_Genus36,0.0013333333333333,100,2,complete_100_seeds
family2_full_microbiome_clr_raw_env,With CLR,regression_50,C_environment_microbiome,pysr,F175_Candida,0.0526666666666666,100,60,complete_100_seeds
family2_full_microbiome_clr_raw_env,With CLR,regression_50,C_environment_microbiome,pysr,F179_Nadsonia,0.0013333333333333,100,2,complete_100_seeds
family2_full_microbiome_clr_raw_env,With CLR,regression_50,C_environment_microbiome,pysr,F183_Myrmecridium,0.0013333333333333,100,2,complete_100_seeds
family2_full_microbiome_clr_raw_env,With CLR,regression_50,C_environment_microbiome,pysr,F184_Myrothecium,0.0006666666666666,100,1,complete_100_seeds
family2_full_microbiome_clr_raw_env,With CLR,regression_50,C_environment_microbiome,pysr,F189_Unclassified_Genus42,0.002,100,3,complete_100_seeds
family2_full_microbiome_clr_raw_env,With CLR,regression_50,C_environment_microbiome,pysr,F18_Unclassified_Genus2,0.0006666666666666,100,1,complete_100_seeds
family2_full_microbiome_clr_raw_env,With CLR,regression_50,C_environment_microbiome,pysr,F192_Cistella,0.0006666666666666,100,1,complete_100_seeds
family2_full_microbiome_clr_raw_env,With CLR,regression_50,C_environment_microbiome,pysr,F194_Oculimacula,0.0013333333333333,100,2,complete_100_seeds
family2_full_microbiome_clr_raw_env,With CLR,regression_50,C_environment_microbiome,pysr,F19_Pyrenochaetopsis,0.004,100,6,complete_100_seeds
family2_full_microbiome_clr_raw_env,With CLR,regression_50,C_environment_microbiome,pysr,F1_Lecanicillium,0.002,100,3,complete_100_seeds
family2_full_microbiome_clr_raw_env,With CLR,regression_50,C_environment_microbiome,pysr,F201_Cladophialophora,0.0006666666666666,100,1,complete_100_seeds
family2_full_microbiome_clr_raw_env,With CLR,regression_50,C_environment_microbiome,pysr,F202_Tomentella,0.0006666666666666,100,1,complete_100_seeds
family2_full_microbiome_clr_raw_env,With CLR,regression_50,C_environment_microbiome,pysr,F203_Mariannaea,0.0006666666666666,100,1,complete_100_seeds
family2_full_microbiome_clr_raw_env,With CLR,regression_50,C_environment_microbiome,pysr,F205_Nectria,0.0006666666666666,100,1,complete_100_seeds
family2_full_microbiome_clr_raw_env,With CLR,regression_50,C_environment_microbiome,pysr,F207_Cylindrocarpon,0.0006666666666666,100,1,complete_100_seeds
family2_full_microbiome_clr_raw_env,With CLR,regression_50,C_environment_microbiome,pysr,F217_Dactylonectria,0.0006666666666666,100,1,complete_100_seeds
family2_full_microbiome_clr_raw_env,With CLR,regression_50,C_environment_microbiome,pysr,F21_Asteromyces,0.002,100,3,complete_100_seeds
family2_full_microbiome_clr_raw_env,With CLR,regression_50,C_environment_microbiome,pysr,F221_Absidia,0.0006666666666666,100,1,complete_100_seeds
family2_full_microbiome_clr_raw_env,With CLR,regression_50,C_environment_microbiome,pysr,F23_Cystobasidium,0.0006666666666666,100,1,complete_100_seeds
family2_full_microbiome_clr_raw_env,With CLR,regression_50,C_environment_microbiome,pysr,F24_Gibberella,0.0013333333333333,100,2,complete_100_seeds
family2_full_microbiome_clr_raw_env,With CLR,regression_50,C_environment_microbiome,pysr,F26_Schizopora,0.01,100,15,complete_100_seeds
family2_full_microbiome_clr_raw_env,With CLR,regression_50,C_environment_microbiome,pysr,F27_Metarhizium,0.004,100,6,complete_100_seeds
family2_full_microbiome_clr_raw_env,With CLR,regression_50,C_environment_microbiome,pysr,F29_Periconia,0.0073333333333333,100,10,complete_100_seeds
family2_full_microbiome_clr_raw_env,With CLR,regression_50,C_environment_microbiome,pysr,F2_Cladosporium,0.0253333333333333,100,33,complete_100_seeds
family2_full_microbiome_clr_raw_env,With CLR,regression_50,C_environment_microbiome,pysr,F31_Unclassified_Genus4,0.0133333333333333,100,18,complete_100_seeds
family2_full_microbiome_clr_raw_env,With CLR,regression_50,C_environment_microbiome,pysr,F32_Sporobolomyces,0.0006666666666666,100,1,complete_100_seeds
family2_full_microbiome_clr_raw_env,With CLR,regression_50,C_environment_microbiome,pysr,F33_Unclassified_Genus5,0.0033333333333333,100,5,complete_100_seeds
family2_full_microbiome_clr_raw_env,With CLR,regression_50,C_environment_microbiome,pysr,F35_Paraphaeosphaeria,0.0046666666666666,100,7,complete_100_seeds
family2_full_microbiome_clr_raw_env,With CLR,regression_50,C_environment_microbiome,pysr,F38_Saitozyma,0.0013333333333333,100,2,complete_100_seeds
family2_full_microbiome_clr_raw_env,With CLR,regression_50,C_environment_microbiome,pysr,F39_Microdochium,0.0006666666666666,100,1,complete_100_seeds
family2_full_microbiome_clr_raw_env,With CLR,regression_50,C_environment_microbiome,pysr,F3_Mycosphaerella,0.006,100,9,complete_100_seeds
family2_full_microbiome_clr_raw_env,With CLR,regression_50,C_environment_microbiome,pysr,F41_Symmetrospora,0.0013333333333333,100,2,complete_100_seeds
family2_full_microbiome_clr_raw_env,With CLR,regression_50,C_environment_microbiome,pysr,F43_Trichoderma,0.004,100,6,complete_100_seeds
family2_full_microbiome_clr_raw_env,With CLR,regression_50,C_environment_microbiome,pysr,F44_Heterobasidion,0.0013333333333333,100,2,complete_100_seeds
family2_full_microbiome_clr_raw_env,With CLR,regression_50,C_environment_microbiome,pysr,F46_Unclassified_Genus6,0.0033333333333333,100,5,complete_100_seeds
family2_full_microbiome_clr_raw_env,With CLR,regression_50,C_environment_microbiome,pysr,F47_Penicillium,0.0053333333333333,100,8,complete_100_seeds
family2_full_microbiome_clr_raw_env,With CLR,regression_50,C_environment_microbiome,pysr,F48_Fusarium,0.0033333333333333,100,5,complete_100_seeds
family2_full_microbiome_clr_raw_env,With CLR,regression_50,C_environment_microbiome,pysr,F4_Botryotinia,0.004,100,6,complete_100_seeds
family2_full_microbiome_clr_raw_env,With CLR,regression_50,C_environment_microbiome,pysr,F50_Tausonia,0.0006666666666666,100,1,complete_100_seeds
family2_full_microbiome_clr_raw_env,With CLR,regression_50,C_environment_microbiome,pysr,F53_Dichotomopilus,0.0006666666666666,100,1,complete_100_seeds
family2_full_microbiome_clr_raw_env,With CLR,regression_50,C_environment_microbiome,pysr,F55_Epicoccum,0.0006666666666666,100,1,complete_100_seeds
family2_full_microbiome_clr_raw_env,With CLR,regression_50,C_environment_microbiome,pysr,F56_Unclassified_Genus8,0.006,100,9,complete_100_seeds
family2_full_microbiome_clr_raw_env,With CLR,regression_50,C_environment_microbiome,pysr,F57_Crepidotus,0.0006666666666666,100,1,complete_100_seeds
family2_full_microbiome_clr_raw_env,With CLR,regression_50,C_environment_microbiome,pysr,F58_Acremonium,0.002,100,3,complete_100_seeds
family2_full_microbiome_clr_raw_env,With CLR,regression_50,C_environment_microbiome,pysr,F59_Unclassified_Genus9,0.0006666666666666,100,1,complete_100_seeds
family2_full_microbiome_clr_raw_env,With CLR,regression_50,C_environment_microbiome,pysr,F5_Mucor,0.0006666666666666,100,1,complete_100_seeds
family2_full_microbiome_clr_raw_env,With CLR,regression_50,C_environment_microbiome,pysr,F60_Neoascochyta,0.044,100,53,complete_100_seeds
family2_full_microbiome_clr_raw_env,With CLR,regression_50,C_environment_microbiome,pysr,F61_Parasarocladium,0.0013333333333333,100,2,complete_100_seeds
family2_full_microbiome_clr_raw_env,With CLR,regression_50,C_environment_microbiome,pysr,F64_Wallemia,0.0373333333333333,100,47,complete_100_seeds
family2_full_microbiome_clr_raw_env,With CLR,regression_50,C_environment_microbiome,pysr,F65_Bipolaris,0.0026666666666666,100,4,complete_100_seeds
family2_full_microbiome_clr_raw_env,With CLR,regression_50,C_environment_microbiome,pysr,F66_Didymella,0.0006666666666666,100,1,complete_100_seeds
family2_full_microbiome_clr_raw_env,With CLR,regression_50,C_environment_microbiome,pysr,F69_Paraphoma,0.004,100,6,complete_100_seeds
family2_full_microbiome_clr_raw_env,With CLR,regression_50,C_environment_microbiome,pysr,F70_Mortierella,0.0013333333333333,100,2,complete_100_seeds
family2_full_microbiome_clr_raw_env,With CLR,regression_50,C_environment_microbiome,pysr,F72_Sarocladium,0.0013333333333333,100,2,complete_100_seeds
family2_full_microbiome_clr_raw_env,With CLR,regression_50,C_environment_microbiome,pysr,F74_Phallus,0.0006666666666666,100,1,complete_100_seeds
family2_full_microbiome_clr_raw_env,With CLR,regression_50,C_environment_microbiome,pysr,F78_Pyrenochaeta,0.0006666666666666,100,1,complete_100_seeds
family2_full_microbiome_clr_raw_env,With CLR,regression_50,C_environment_microbiome,pysr,F81_Cystofilobasidium,0.0026666666666666,100,4,complete_100_seeds
family2_full_microbiome_clr_raw_env,With CLR,regression_50,C_environment_microbiome,pysr,F84_Filobasidium,0.0006666666666666,100,1,complete_100_seeds
family2_full_microbiome_clr_raw_env,With CLR,regression_50,C_environment_microbiome,pysr,F85_Unclassified_Genus14,0.002,100,3,complete_100_seeds
family2_full_microbiome_clr_raw_env,With CLR,regression_50,C_environment_microbiome,pysr,F8_Alternaria,0.002,100,3,complete_100_seeds
family2_full_microbiome_clr_raw_env,With CLR,regression_50,C_environment_microbiome,pysr,F91_Cadophora,0.0033333333333333,100,5,complete_100_seeds
family2_full_microbiome_clr_raw_env,With CLR,regression_50,C_environment_microbiome,pysr,F92_Leucosporidium,0.0006666666666666,100,1,complete_100_seeds
family2_full_microbiome_clr_raw_env,With CLR,regression_50,C_environment_microbiome,pysr,HBV,0.0033333333333333,100,5,complete_100_seeds
family2_full_microbiome_clr_raw_env,With CLR,regression_50,C_environment_microbiome,pysr,HCHO_mean,0.03,100,35,complete_100_seeds
family2_full_microbiome_clr_raw_env,With CLR,regression_50,C_environment_microbiome,pysr,HFI,0.0213333333333333,100,30,complete_100_seeds
family2_full_microbiome_clr_raw_env,With CLR,regression_50,C_environment_microbiome,pysr,HMI,0.0106666666666666,100,15,complete_100_seeds
family2_full_microbiome_clr_raw_env,With CLR,regression_50,C_environment_microbiome,pysr,HPD,0.004,100,6,complete_100_seeds
family2_full_microbiome_clr_raw_env,With CLR,regression_50,C_environment_microbiome,pysr,LS_PC1,0.006,100,9,complete_100_seeds
family2_full_microbiome_clr_raw_env,With CLR,regression_50,C_environment_microbiome,pysr,LS_PC2,0.0026666666666666,100,4,complete_100_seeds
family2_full_microbiome_clr_raw_env,With CLR,regression_50,C_environment_microbiome,pysr,NDFI,0.0033333333333333,100,5,complete_100_seeds
family2_full_microbiome_clr_raw_env,With CLR,regression_50,C_environment_microbiome,pysr,NO2_mean,0.0313333333333333,100,36,complete_100_seeds
family2_full_microbiome_clr_raw_env,With CLR,regression_50,C_environment_microbiome,pysr,NTL,0.02,100,28,complete_100_seeds
family2_full_microbiome_clr_raw_env,With CLR,regression_50,C_environment_microbiome,pysr,P_PC2,0.0006666666666666,100,1,complete_100_seeds
family2_full_microbiome_clr_raw_env,With CLR,regression_50,C_environment_microbiome,pysr,SO2_mean,0.0266666666666666,100,34,complete_100_seeds
family2_full_microbiome_clr_raw_env,With CLR,regression_50,C_environment_microbiome,pysr,SOC_0_5cm_pct,0.006,100,9,complete_100_seeds
family2_full_microbiome_clr_raw_env,With CLR,regression_50,C_environment_microbiome,pysr,T_PC1,0.0006666666666666,100,1,complete_100_seeds
family2_full_microbiome_clr_raw_env,With CLR,regression_50,C_environment_microbiome,pysr,T_PC2,0.008,100,12,complete_100_seeds
family2_full_microbiome_clr_raw_env,With CLR,regression_50,C_environment_microbiome,pysr,asp_cos,0.0226666666666666,100,29,complete_100_seeds
family2_full_microbiome_clr_raw_env,With CLR,regression_50,C_environment_microbiome,pysr,asp_sin,0.006,100,8,complete_100_seeds
family2_full_microbiome_clr_raw_env,With CLR,regression_50,C_environment_microbiome,pysr,built,0.0086666666666666,100,11,complete_100_seeds
family2_full_microbiome_clr_raw_env,With CLR,regression_50,C_environment_microbiome,pysr,crops,0.002,100,3,complete_100_seeds
family2_full_microbiome_clr_raw_env,With CLR,regression_50,C_environment_microbiome,pysr,curv,0.0086666666666666,100,12,complete_100_seeds
family2_full_microbiome_clr_raw_env,With CLR,regression_50,C_environment_microbiome,pysr,curv_plan,0.002,100,3,complete_100_seeds
family2_full_microbiome_clr_raw_env,With CLR,regression_50,C_environment_microbiome,pysr,curv_prof,0.0066666666666666,100,10,complete_100_seeds
family2_full_microbiome_clr_raw_env,With CLR,regression_50,C_environment_microbiome,pysr,dist_river_m,0.0033333333333333,100,5,complete_100_seeds
family2_full_microbiome_clr_raw_env,With CLR,regression_50,C_environment_microbiome,pysr,dist_urban,0.018,100,25,complete_100_seeds
family2_full_microbiome_clr_raw_env,With CLR,regression_50,C_environment_microbiome,pysr,elevation_m,0.0006666666666666,100,1,complete_100_seeds
family2_full_microbiome_clr_raw_env,With CLR,regression_50,C_environment_microbiome,pysr,flow_acc_log,0.0146666666666666,100,19,complete_100_seeds
family2_full_microbiome_clr_raw_env,With CLR,regression_50,C_environment_microbiome,pysr,flow_dir_cos,0.0013333333333333,100,2,complete_100_seeds
family2_full_microbiome_clr_raw_env,With CLR,regression_50,C_environment_microbiome,pysr,flow_dir_sin,0.006,100,9,complete_100_seeds
family2_full_microbiome_clr_raw_env,With CLR,regression_50,C_environment_microbiome,pysr,flow_len,0.002,100,3,complete_100_seeds
family2_full_microbiome_clr_raw_env,With CLR,regression_50,C_environment_microbiome,pysr,slope_pct,0.0326666666666666,100,41,complete_100_seeds
family2_full_microbiome_clr_raw_env,With CLR,regression_50,C_environment_microbiome,pysr,trees,0.0006666666666666,100,1,complete_100_seeds
family3_predefined_subset_clr_raw_env,Subset with CLR,classification,C_environment_microbiome,pysr,B115_Bacillus,0.024,100,31,complete_100_seeds
family3_predefined_subset_clr_raw_env,Subset with CLR,classification,C_environment_microbiome,pysr,B131_Limnobacter,0.0066666666666666,100,10,complete_100_seeds
family3_predefined_subset_clr_raw_env,Subset with CLR,classification,C_environment_microbiome,pysr,B132_Rhodobacter,0.0006666666666666,100,1,complete_100_seeds
family3_predefined_subset_clr_raw_env,Subset with CLR,classification,C_environment_microbiome,pysr,B135_Tabrizicola,0.0026666666666666,100,4,complete_100_seeds
family3_predefined_subset_clr_raw_env,Subset with CLR,classification,C_environment_microbiome,pysr,B146_Gramella,0.0146666666666666,100,19,complete_100_seeds
family3_predefined_subset_clr_raw_env,Subset with CLR,classification,C_environment_microbiome,pysr,B14_Enterococcus,0.0073333333333333,100,10,complete_100_seeds
family3_predefined_subset_clr_raw_env,Subset with CLR,classification,C_environment_microbiome,pysr,B168_Roseomonas,0.0193333333333333,100,28,complete_100_seeds
family3_predefined_subset_clr_raw_env,Subset with CLR,classification,C_environment_microbiome,pysr,B170_Ferruginibacter,0.03,100,32,complete_100_seeds
family3_predefined_subset_clr_raw_env,Subset with CLR,classification,C_environment_microbiome,pysr,B172_Allorhizobium_Neorhizobium_Pararhizobium_Rhizobium,0.002,100,3,complete_100_seeds
family3_predefined_subset_clr_raw_env,Subset with CLR,classification,C_environment_microbiome,pysr,B173_Unclassified_Genus25,0.0053333333333333,100,8,complete_100_seeds
family3_predefined_subset_clr_raw_env,Subset with CLR,classification,C_environment_microbiome,pysr,B177_Ensifer,0.0066666666666666,100,10,complete_100_seeds
family3_predefined_subset_clr_raw_env,Subset with CLR,classification,C_environment_microbiome,pysr,B185_Mycobacterium,0.0213333333333333,100,29,complete_100_seeds
family3_predefined_subset_clr_raw_env,Subset with CLR,classification,C_environment_microbiome,pysr,B18_Massilia,0.0139999999999999,100,19,complete_100_seeds
family3_predefined_subset_clr_raw_env,Subset with CLR,classification,C_environment_microbiome,pysr,B190_Methylocystis,0.0053333333333333,100,8,complete_100_seeds
family3_predefined_subset_clr_raw_env,Subset with CLR,classification,C_environment_microbiome,pysr,B202_Paucibacter,0.01,100,15,complete_100_seeds
family3_predefined_subset_clr_raw_env,Subset with CLR,classification,C_environment_microbiome,pysr,B20_Rhodococcus,0.0293333333333333,100,37,complete_100_seeds
family3_predefined_subset_clr_raw_env,Subset with CLR,classification,C_environment_microbiome,pysr,B213_Longivirga,0.002,100,3,complete_100_seeds
family3_predefined_subset_clr_raw_env,Subset with CLR,classification,C_environment_microbiome,pysr,B214_Unclassified_Genus35,0.0013333333333333,100,2,complete_100_seeds
family3_predefined_subset_clr_raw_env,Subset with CLR,classification,C_environment_microbiome,pysr,B216_Sphingorhabdus,0.0006666666666666,100,1,complete_100_seeds
family3_predefined_subset_clr_raw_env,Subset with CLR,classification,C_environment_microbiome,pysr,B230_Micromonospora,0.018,100,26,complete_100_seeds
family3_predefined_subset_clr_raw_env,Subset with CLR,classification,C_environment_microbiome,pysr,B233_Unclassified_Genus39,0.06,100,65,complete_100_seeds
family3_predefined_subset_clr_raw_env,Subset with CLR,classification,C_environment_microbiome,pysr,B234_Lachnoclostridium,0.094,100,84,complete_100_seeds
family3_predefined_subset_clr_raw_env,Subset with CLR,classification,C_environment_microbiome,pysr,B24_Oleiphilus,0.0026666666666666,100,4,complete_100_seeds
family3_predefined_subset_clr_raw_env,Subset with CLR,classification,C_environment_microbiome,pysr,B25_Methylobacterium_Methylorubrum,0.0626666666666666,100,61,complete_100_seeds
family3_predefined_subset_clr_raw_env,Subset with CLR,classification,C_environment_microbiome,pysr,B262_Edaphobaculum,0.008,100,11,complete_100_seeds
family3_predefined_subset_clr_raw_env,Subset with CLR,classification,C_environment_microbiome,pysr,B263_Unclassified_Genus46,0.0033333333333333,100,5,complete_100_seeds
family3_predefined_subset_clr_raw_env,Subset with CLR,classification,C_environment_microbiome,pysr,B264_Aeromicrobium,0.0186666666666666,100,25,complete_100_seeds
family3_predefined_subset_clr_raw_env,Subset with CLR,classification,C_environment_microbiome,pysr,B26_Pseudomonas,0.176,100,95,complete_100_seeds
family3_predefined_subset_clr_raw_env,Subset with CLR,classification,C_environment_microbiome,pysr,B270_Lysinibacillus,0.0026666666666666,100,4,complete_100_seeds
family3_predefined_subset_clr_raw_env,Subset with CLR,classification,C_environment_microbiome,pysr,B276_Pedomicrobium,0.0073333333333333,100,10,complete_100_seeds
family3_predefined_subset_clr_raw_env,Subset with CLR,classification,C_environment_microbiome,pysr,B28_Clostridium_sensu_stricto_12,0.006,100,9,complete_100_seeds
family3_predefined_subset_clr_raw_env,Subset with CLR,classification,C_environment_microbiome,pysr,B290_Variovorax,0.002,100,3,complete_100_seeds
family3_predefined_subset_clr_raw_env,Subset with CLR,classification,C_environment_microbiome,pysr,B293_Unclassified_Genus53,0.0166666666666666,100,22,complete_100_seeds
family3_predefined_subset_clr_raw_env,Subset with CLR,classification,C_environment_microbiome,pysr,B294_Turicibacter,0.0006666666666666,100,1,complete_100_seeds
family3_predefined_subset_clr_raw_env,Subset with CLR,classification,C_environment_microbiome,pysr,B300_Nakamurella,0.0026666666666666,100,4,complete_100_seeds
family3_predefined_subset_clr_raw_env,Subset with CLR,classification,C_environment_microbiome,pysr,B302_Reyranella,0.0046666666666666,100,7,complete_100_seeds
family3_predefined_subset_clr_raw_env,Subset with CLR,classification,C_environment_microbiome,pysr,B309_Unclassified_Genus58,0.04,100,43,complete_100_seeds
family3_predefined_subset_clr_raw_env,Subset with CLR,classification,C_environment_microbiome,pysr,B314_Nitrospira,0.0053333333333333,100,8,complete_100_seeds
family3_predefined_subset_clr_raw_env,Subset with CLR,classification,C_environment_microbiome,pysr,B317_Streptosporangium,0.0046666666666666,100,7,complete_100_seeds
family3_predefined_subset_clr_raw_env,Subset with CLR,classification,C_environment_microbiome,pysr,B337_Unclassified_Genus67,0.002,100,3,complete_100_seeds
family3_predefined_subset_clr_raw_env,Subset with CLR,classification,C_environment_microbiome,pysr,B342_Silicimonas,0.002,100,3,complete_100_seeds
family3_predefined_subset_clr_raw_env,Subset with CLR,classification,C_environment_microbiome,pysr,B357_Unclassified_Genus75,0.0026666666666666,100,4,complete_100_seeds
family3_predefined_subset_clr_raw_env,Subset with CLR,classification,C_environment_microbiome,pysr,B35_Nocardioides,0.0139999999999999,100,19,complete_100_seeds
family3_predefined_subset_clr_raw_env,Subset with CLR,classification,C_environment_microbiome,pysr,B378_Unclassified_Genus83,0.004,100,6,complete_100_seeds
family3_predefined_subset_clr_raw_env,Subset with CLR,classification,C_environment_microbiome,pysr,B381_Unclassified_Genus84,0.0013333333333333,100,2,complete_100_seeds
family3_predefined_subset_clr_raw_env,Subset with CLR,classification,C_environment_microbiome,pysr,B384_Unclassified_Genus85,0.0033333333333333,100,5,complete_100_seeds
family3_predefined_subset_clr_raw_env,Subset with CLR,classification,C_environment_microbiome,pysr,B394_Paraclostridium,0.01,100,14,complete_100_seeds
family3_predefined_subset_clr_raw_env,Subset with CLR,classification,C_environment_microbiome,pysr,B397_Unclassified_Genus93,0.0073333333333333,100,11,complete_100_seeds
family3_predefined_subset_clr_raw_env,Subset with CLR,classification,C_environment_microbiome,pysr,B399_Unclassified_Genus94,0.0106666666666666,100,15,complete_100_seeds
family3_predefined_subset_clr_raw_env,Subset with CLR,classification,C_environment_microbiome,pysr,B39_Burkholderia_Caballeronia_Paraburkholderia,0.0053333333333333,100,8,complete_100_seeds
family3_predefined_subset_clr_raw_env,Subset with CLR,classification,C_environment_microbiome,pysr,B404_Asticcacaulis,0.0026666666666666,100,4,complete_100_seeds
family3_predefined_subset_clr_raw_env,Subset with CLR,classification,C_environment_microbiome,pysr,B40_Pseudohongiella,0.0153333333333333,100,22,complete_100_seeds
family3_predefined_subset_clr_raw_env,Subset with CLR,classification,C_environment_microbiome,pysr,B417_Unclassified_Genus100,0.0006666666666666,100,1,complete_100_seeds
family3_predefined_subset_clr_raw_env,Subset with CLR,classification,C_environment_microbiome,pysr,B418_Unclassified_Genus101,0.0006666666666666,100,1,complete_100_seeds
family3_predefined_subset_clr_raw_env,Subset with CLR,classification,C_environment_microbiome,pysr,B456_Candidatus_Nitrotoga,0.0046666666666666,100,7,complete_100_seeds
family3_predefined_subset_clr_raw_env,Subset with CLR,classification,C_environment_microbiome,pysr,B46_Bradyrhizobium,0.0253333333333333,100,34,complete_100_seeds
family3_predefined_subset_clr_raw_env,Subset with CLR,classification,C_environment_microbiome,pysr,B470_Rheinheimera,0.012,100,17,complete_100_seeds
family3_predefined_subset_clr_raw_env,Subset with CLR,classification,C_environment_microbiome,pysr,B47_Limimaricola,0.0086666666666666,100,12,complete_100_seeds
family3_predefined_subset_clr_raw_env,Subset with CLR,classification,C_environment_microbiome,pysr,B480_Runella,0.022,100,26,complete_100_seeds
family3_predefined_subset_clr_raw_env,Subset with CLR,classification,C_environment_microbiome,pysr,B481_Limibaculum,0.0053333333333333,100,8,complete_100_seeds
family3_predefined_subset_clr_raw_env,Subset with CLR,classification,C_environment_microbiome,pysr,B487_Unclassified_Genus125,0.01,100,14,complete_100_seeds
family3_predefined_subset_clr_raw_env,Subset with CLR,classification,C_environment_microbiome,pysr,B490_Dinghuibacter,0.0006666666666666,100,1,complete_100_seeds
family3_predefined_subset_clr_raw_env,Subset with CLR,classification,C_environment_microbiome,pysr,B501_Unclassified_Genus131,0.0013333333333333,100,2,complete_100_seeds
family3_predefined_subset_clr_raw_env,Subset with CLR,classification,C_environment_microbiome,pysr,B517_Unclassified_Genus138,0.0006666666666666,100,1,complete_100_seeds
family3_predefined_subset_clr_raw_env,Subset with CLR,classification,C_environment_microbiome,pysr,B518_Unclassified_Genus140,0.002,100,3,complete_100_seeds
family3_predefined_subset_clr_raw_env,Subset with CLR,classification,C_environment_microbiome,pysr,B51_Sulfitobacter,0.0013333333333333,100,2,complete_100_seeds
family3_predefined_subset_clr_raw_env,Subset with CLR,classification,C_environment_microbiome,pysr,B525_Labrys,0.0033333333333333,100,5,complete_100_seeds
family3_predefined_subset_clr_raw_env,Subset with CLR,classification,C_environment_microbiome,pysr,B52_Gillisia,0.0046666666666666,100,7,complete_100_seeds
family3_predefined_subset_clr_raw_env,Subset with CLR,classification,C_environment_microbiome,pysr,B533_Kribbella,0.0006666666666666,100,1,complete_100_seeds
family3_predefined_subset_clr_raw_env,Subset with CLR,classification,C_environment_microbiome,pysr,B557_Unclassified_Genus156,0.0013333333333333,100,2,complete_100_seeds
family3_predefined_subset_clr_raw_env,Subset with CLR,classification,C_environment_microbiome,pysr,B61_Sediminicola,0.0073333333333333,100,10,complete_100_seeds
family3_predefined_subset_clr_raw_env,Subset with CLR,classification,C_environment_microbiome,pysr,B67_Zhongshania,0.0006666666666666,100,1,complete_100_seeds
family3_predefined_subset_clr_raw_env,Subset with CLR,classification,C_environment_microbiome,pysr,B71_Brevundimonas,0.0046666666666666,100,7,complete_100_seeds
family3_predefined_subset_clr_raw_env,Subset with CLR,classification,C_environment_microbiome,pysr,B77_GKS98_freshwater_group,0.0033333333333333,100,5,complete_100_seeds
family3_predefined_subset_clr_raw_env,Subset with CLR,classification,C_environment_microbiome,pysr,B87_Pontibacter,0.0266666666666666,100,31,complete_100_seeds
family3_predefined_subset_clr_raw_env,Subset with CLR,classification,C_environment_microbiome,pysr,C1_salt,0.0186666666666666,100,27,complete_100_seeds
family3_predefined_subset_clr_raw_env,Subset with CLR,classification,C_environment_microbiome,pysr,C2_fresh,0.038,100,43,complete_100_seeds
family3_predefined_subset_clr_raw_env,Subset with CLR,classification,C_environment_microbiome,pysr,C3_sed,0.248,100,100,complete_100_seeds
family3_predefined_subset_clr_raw_env,Subset with CLR,classification,C_environment_microbiome,pysr,F105_Pleurophragmium,0.0026666666666666,100,3,complete_100_seeds
family3_predefined_subset_clr_raw_env,Subset with CLR,classification,C_environment_microbiome,pysr,F10_Boeremia,0.0133333333333333,100,19,complete_100_seeds
family3_predefined_subset_clr_raw_env,Subset with CLR,classification,C_environment_microbiome,pysr,F110_Fusicolla,0.036,100,42,complete_100_seeds
family3_predefined_subset_clr_raw_env,Subset with CLR,classification,C_environment_microbiome,pysr,F112_Tolypocladium,0.0046666666666666,100,6,complete_100_seeds
family3_predefined_subset_clr_raw_env,Subset with CLR,classification,C_environment_microbiome,pysr,F117_Humicola,0.0126666666666666,100,17,complete_100_seeds
family3_predefined_subset_clr_raw_env,Subset with CLR,classification,C_environment_microbiome,pysr,F11_Unclassified_Genus,0.0053333333333333,100,8,complete_100_seeds
family3_predefined_subset_clr_raw_env,Subset with CLR,classification,C_environment_microbiome,pysr,F155_Coniochaeta,0.0026666666666666,100,4,complete_100_seeds
family3_predefined_subset_clr_raw_env,Subset with CLR,classification,C_environment_microbiome,pysr,F157_Unclassified_Genus31,0.0306666666666666,100,36,complete_100_seeds
family3_predefined_subset_clr_raw_env,Subset with CLR,classification,C_environment_microbiome,pysr,F15_Preussia,0.0046666666666666,100,6,complete_100_seeds
family3_predefined_subset_clr_raw_env,Subset with CLR,classification,C_environment_microbiome,pysr,F177_Exophiala,0.0279999999999999,100,36,complete_100_seeds
family3_predefined_subset_clr_raw_env,Subset with CLR,classification,C_environment_microbiome,pysr,F1_Lecanicillium,0.088,100,76,complete_100_seeds
family3_predefined_subset_clr_raw_env,Subset with CLR,classification,C_environment_microbiome,pysr,F2_Cladosporium,0.0326666666666666,100,36,complete_100_seeds
family3_predefined_subset_clr_raw_env,Subset with CLR,classification,C_environment_microbiome,pysr,F38_Saitozyma,0.004,100,6,complete_100_seeds
family3_predefined_subset_clr_raw_env,Subset with CLR,classification,C_environment_microbiome,pysr,F48_Fusarium,0.004,100,6,complete_100_seeds
family3_predefined_subset_clr_raw_env,Subset with CLR,classification,C_environment_microbiome,pysr,F4_Botryotinia,0.0133333333333333,100,18,complete_100_seeds
family3_predefined_subset_clr_raw_env,Subset with CLR,classification,C_environment_microbiome,pysr,F52_Paraconiothyrium,0.0306666666666666,100,40,complete_100_seeds
family3_predefined_subset_clr_raw_env,Subset with CLR,classification,C_environment_microbiome,pysr,F58_Acremonium,0.018,100,24,complete_100_seeds
family3_predefined_subset_clr_raw_env,Subset with CLR,classification,C_environment_microbiome,pysr,F66_Didymella,0.0166666666666666,100,22,complete_100_seeds
family3_predefined_subset_clr_raw_env,Subset with CLR,classification,C_environment_microbiome,pysr,F67_Solicoccozyma,0.0113333333333333,100,15,complete_100_seeds
family3_predefined_subset_clr_raw_env,Subset with CLR,classification,C_environment_microbiome,pysr,F6_Plectosphaerella,0.0533333333333333,100,56,complete_100_seeds
family3_predefined_subset_clr_raw_env,Subset with CLR,classification,C_environment_microbiome,pysr,F70_Mortierella,0.0013333333333333,100,2,complete_100_seeds
family3_predefined_subset_clr_raw_env,Subset with CLR,classification,C_environment_microbiome,pysr,F72_Sarocladium,0.0013333333333333,100,2,complete_100_seeds
family3_predefined_subset_clr_raw_env,Subset with CLR,classification,C_environment_microbiome,pysr,F80_Unclassified_Genus13,0.09,100,83,complete_100_seeds
family3_predefined_subset_clr_raw_env,Subset with CLR,classification,C_environment_microbiome,pysr,F99_Papiliotrema,0.0173333333333333,100,23,complete_100_seeds
family3_predefined_subset_clr_raw_env,Subset with CLR,classification,C_environment_microbiome,pysr,HBV,0.0873333333333333,100,80,complete_100_seeds
family3_predefined_subset_clr_raw_env,Subset with CLR,classification,C_environment_microbiome,pysr,HFI,0.0613333333333333,100,61,complete_100_seeds
family3_predefined_subset_clr_raw_env,Subset with CLR,classification,C_environment_microbiome,pysr,HMI,0.0433333333333333,100,49,complete_100_seeds
family3_predefined_subset_clr_raw_env,Subset with CLR,classification,C_environment_microbiome,pysr,HPD,0.0786666666666666,100,70,complete_100_seeds
family3_predefined_subset_clr_raw_env,Subset with CLR,classification,C_environment_microbiome,pysr,LS_PC2,0.126,100,87,complete_100_seeds
family3_predefined_subset_clr_raw_env,Subset with CLR,classification,C_environment_microbiome,pysr,NDFI,0.0686666666666666,100,64,complete_100_seeds
family3_predefined_subset_clr_raw_env,Subset with CLR,classification,C_environment_microbiome,pysr,NTL,0.062,100,58,complete_100_seeds
family3_predefined_subset_clr_raw_env,Subset with CLR,classification,C_environment_microbiome,pysr,P_PC1,0.0426666666666666,100,50,complete_100_seeds
family3_predefined_subset_clr_raw_env,Subset with CLR,classification,C_environment_microbiome,pysr,T_PC1,0.1226666666666666,100,88,complete_100_seeds
family3_predefined_subset_clr_raw_env,Subset with CLR,classification,C_environment_microbiome,pysr,built,0.0606666666666666,100,60,complete_100_seeds
family3_predefined_subset_clr_raw_env,Subset with CLR,classification,C_environment_microbiome,pysr,crops,0.0386666666666666,100,47,complete_100_seeds
family3_predefined_subset_clr_raw_env,Subset with CLR,classification,C_environment_microbiome,pysr,curv,0.06,100,62,complete_100_seeds
family3_predefined_subset_clr_raw_env,Subset with CLR,classification,C_environment_microbiome,pysr,curv_prof,0.0533333333333333,100,58,complete_100_seeds
family3_predefined_subset_clr_raw_env,Subset with CLR,classification,C_environment_microbiome,pysr,dist_sea,0.18,100,97,complete_100_seeds
family3_predefined_subset_clr_raw_env,Subset with CLR,classification,C_environment_microbiome,pysr,dist_urban,0.1246666666666666,100,84,complete_100_seeds
family3_predefined_subset_clr_raw_env,Subset with CLR,classification,C_environment_microbiome,pysr,elevation_m,0.0166666666666666,100,23,complete_100_seeds
family3_predefined_subset_clr_raw_env,Subset with CLR,classification,C_environment_microbiome,pysr,slope_pct,0.6546666666666667,100,100,complete_100_seeds
family3_predefined_subset_clr_raw_env,Subset with CLR,regression_18,C_environment_microbiome,pysr,B115_Bacillus,0.0355555555555555,100,50,complete_100_seeds
family3_predefined_subset_clr_raw_env,Subset with CLR,regression_18,C_environment_microbiome,pysr,B129_Solibacillus,0.0033333333333333,100,6,complete_100_seeds
family3_predefined_subset_clr_raw_env,Subset with CLR,regression_18,C_environment_microbiome,pysr,B131_Limnobacter,0.0855555555555555,100,79,complete_100_seeds
family3_predefined_subset_clr_raw_env,Subset with CLR,regression_18,C_environment_microbiome,pysr,B132_Rhodobacter,0.0033333333333333,100,6,complete_100_seeds
family3_predefined_subset_clr_raw_env,Subset with CLR,regression_18,C_environment_microbiome,pysr,B135_Tabrizicola,0.005,100,9,complete_100_seeds
family3_predefined_subset_clr_raw_env,Subset with CLR,regression_18,C_environment_microbiome,pysr,B146_Gramella,0.0183333333333333,100,29,complete_100_seeds
family3_predefined_subset_clr_raw_env,Subset with CLR,regression_18,C_environment_microbiome,pysr,B14_Enterococcus,0.0094444444444444,100,16,complete_100_seeds
family3_predefined_subset_clr_raw_env,Subset with CLR,regression_18,C_environment_microbiome,pysr,B168_Roseomonas,0.0255555555555555,100,40,complete_100_seeds
family3_predefined_subset_clr_raw_env,Subset with CLR,regression_18,C_environment_microbiome,pysr,B170_Ferruginibacter,0.16,100,94,complete_100_seeds
family3_predefined_subset_clr_raw_env,Subset with CLR,regression_18,C_environment_microbiome,pysr,B172_Allorhizobium_Neorhizobium_Pararhizobium_Rhizobium,0.0072222222222222,100,13,complete_100_seeds
family3_predefined_subset_clr_raw_env,Subset with CLR,regression_18,C_environment_microbiome,pysr,B173_Unclassified_Genus25,0.0022222222222222,100,4,complete_100_seeds
family3_predefined_subset_clr_raw_env,Subset with CLR,regression_18,C_environment_microbiome,pysr,B177_Ensifer,0.0038888888888888,100,7,complete_100_seeds
family3_predefined_subset_clr_raw_env,Subset with CLR,regression_18,C_environment_microbiome,pysr,B185_Mycobacterium,0.0177777777777777,100,26,complete_100_seeds
family3_predefined_subset_clr_raw_env,Subset with CLR,regression_18,C_environment_microbiome,pysr,B18_Massilia,0.0522222222222222,100,66,complete_100_seeds
family3_predefined_subset_clr_raw_env,Subset with CLR,regression_18,C_environment_microbiome,pysr,B190_Methylocystis,0.0255555555555555,100,36,complete_100_seeds
family3_predefined_subset_clr_raw_env,Subset with CLR,regression_18,C_environment_microbiome,pysr,B202_Paucibacter,0.0183333333333333,100,27,complete_100_seeds
family3_predefined_subset_clr_raw_env,Subset with CLR,regression_18,C_environment_microbiome,pysr,B20_Rhodococcus,0.0083333333333333,100,15,complete_100_seeds
family3_predefined_subset_clr_raw_env,Subset with CLR,regression_18,C_environment_microbiome,pysr,B213_Longivirga,0.0066666666666666,100,11,complete_100_seeds
family3_predefined_subset_clr_raw_env,Subset with CLR,regression_18,C_environment_microbiome,pysr,B214_Unclassified_Genus35,0.2088888888888889,100,99,complete_100_seeds
family3_predefined_subset_clr_raw_env,Subset with CLR,regression_18,C_environment_microbiome,pysr,B216_Sphingorhabdus,0.0111111111111111,100,17,complete_100_seeds
family3_predefined_subset_clr_raw_env,Subset with CLR,regression_18,C_environment_microbiome,pysr,B230_Micromonospora,0.0066666666666666,100,11,complete_100_seeds
family3_predefined_subset_clr_raw_env,Subset with CLR,regression_18,C_environment_microbiome,pysr,B234_Lachnoclostridium,0.0061111111111111,100,11,complete_100_seeds
family3_predefined_subset_clr_raw_env,Subset with CLR,regression_18,C_environment_microbiome,pysr,B24_Oleiphilus,0.0083333333333333,100,14,complete_100_seeds
family3_predefined_subset_clr_raw_env,Subset with CLR,regression_18,C_environment_microbiome,pysr,B25_Methylobacterium_Methylorubrum,0.0061111111111111,100,10,complete_100_seeds
family3_predefined_subset_clr_raw_env,Subset with CLR,regression_18,C_environment_microbiome,pysr,B262_Edaphobaculum,0.0122222222222222,100,18,complete_100_seeds
family3_predefined_subset_clr_raw_env,Subset with CLR,regression_18,C_environment_microbiome,pysr,B263_Unclassified_Genus46,0.0016666666666666,100,3,complete_100_seeds
family3_predefined_subset_clr_raw_env,Subset with CLR,regression_18,C_environment_microbiome,pysr,B264_Aeromicrobium,0.0055555555555555,100,10,complete_100_seeds
family3_predefined_subset_clr_raw_env,Subset with CLR,regression_18,C_environment_microbiome,pysr,B26_Pseudomonas,0.02,100,31,complete_100_seeds
family3_predefined_subset_clr_raw_env,Subset with CLR,regression_18,C_environment_microbiome,pysr,B270_Lysinibacillus,0.0066666666666666,100,12,complete_100_seeds
family3_predefined_subset_clr_raw_env,Subset with CLR,regression_18,C_environment_microbiome,pysr,B276_Pedomicrobium,0.0005555555555555,100,1,complete_100_seeds
family3_predefined_subset_clr_raw_env,Subset with CLR,regression_18,C_environment_microbiome,pysr,B28_Clostridium_sensu_stricto_12,0.08,100,80,complete_100_seeds
family3_predefined_subset_clr_raw_env,Subset with CLR,regression_18,C_environment_microbiome,pysr,B290_Variovorax,0.0005555555555555,100,1,complete_100_seeds
family3_predefined_subset_clr_raw_env,Subset with CLR,regression_18,C_environment_microbiome,pysr,B293_Unclassified_Genus53,0.0027777777777777,100,5,complete_100_seeds
family3_predefined_subset_clr_raw_env,Subset with CLR,regression_18,C_environment_microbiome,pysr,B294_Turicibacter,0.0038888888888888,100,7,complete_100_seeds
family3_predefined_subset_clr_raw_env,Subset with CLR,regression_18,C_environment_microbiome,pysr,B302_Reyranella,0.015,100,25,complete_100_seeds
family3_predefined_subset_clr_raw_env,Subset with CLR,regression_18,C_environment_microbiome,pysr,B309_Unclassified_Genus58,0.0022222222222222,100,4,complete_100_seeds
family3_predefined_subset_clr_raw_env,Subset with CLR,regression_18,C_environment_microbiome,pysr,B314_Nitrospira,0.0022222222222222,100,4,complete_100_seeds
family3_predefined_subset_clr_raw_env,Subset with CLR,regression_18,C_environment_microbiome,pysr,B317_Streptosporangium,0.0066666666666666,100,12,complete_100_seeds
family3_predefined_subset_clr_raw_env,Subset with CLR,regression_18,C_environment_microbiome,pysr,B337_Unclassified_Genus67,0.0127777777777777,100,21,complete_100_seeds
family3_predefined_subset_clr_raw_env,Subset with CLR,regression_18,C_environment_microbiome,pysr,B342_Silicimonas,0.0122222222222222,100,19,complete_100_seeds
family3_predefined_subset_clr_raw_env,Subset with CLR,regression_18,C_environment_microbiome,pysr,B346_Unclassified_Genus70,0.0033333333333333,100,6,complete_100_seeds
family3_predefined_subset_clr_raw_env,Subset with CLR,regression_18,C_environment_microbiome,pysr,B357_Unclassified_Genus75,0.0044444444444444,100,8,complete_100_seeds
family3_predefined_subset_clr_raw_env,Subset with CLR,regression_18,C_environment_microbiome,pysr,B35_Nocardioides,0.0194444444444444,100,32,complete_100_seeds
family3_predefined_subset_clr_raw_env,Subset with CLR,regression_18,C_environment_microbiome,pysr,B378_Unclassified_Genus83,0.0038888888888888,100,7,complete_100_seeds
family3_predefined_subset_clr_raw_env,Subset with CLR,regression_18,C_environment_microbiome,pysr,B381_Unclassified_Genus84,0.0433333333333333,100,57,complete_100_seeds
family3_predefined_subset_clr_raw_env,Subset with CLR,regression_18,C_environment_microbiome,pysr,B384_Unclassified_Genus85,0.005,100,9,complete_100_seeds
family3_predefined_subset_clr_raw_env,Subset with CLR,regression_18,C_environment_microbiome,pysr,B394_Paraclostridium,0.0055555555555555,100,10,complete_100_seeds
family3_predefined_subset_clr_raw_env,Subset with CLR,regression_18,C_environment_microbiome,pysr,B397_Unclassified_Genus93,0.0094444444444444,100,15,complete_100_seeds
family3_predefined_subset_clr_raw_env,Subset with CLR,regression_18,C_environment_microbiome,pysr,B399_Unclassified_Genus94,0.0016666666666666,100,3,complete_100_seeds
family3_predefined_subset_clr_raw_env,Subset with CLR,regression_18,C_environment_microbiome,pysr,B39_Burkholderia_Caballeronia_Paraburkholderia,0.0027777777777777,100,5,complete_100_seeds
family3_predefined_subset_clr_raw_env,Subset with CLR,regression_18,C_environment_microbiome,pysr,B404_Asticcacaulis,0.0561111111111111,100,65,complete_100_seeds
family3_predefined_subset_clr_raw_env,Subset with CLR,regression_18,C_environment_microbiome,pysr,B40_Pseudohongiella,0.0777777777777777,100,79,complete_100_seeds
family3_predefined_subset_clr_raw_env,Subset with CLR,regression_18,C_environment_microbiome,pysr,B417_Unclassified_Genus100,0.0022222222222222,100,4,complete_100_seeds
family3_predefined_subset_clr_raw_env,Subset with CLR,regression_18,C_environment_microbiome,pysr,B418_Unclassified_Genus101,0.0011111111111111,100,2,complete_100_seeds
family3_predefined_subset_clr_raw_env,Subset with CLR,regression_18,C_environment_microbiome,pysr,B456_Candidatus_Nitrotoga,0.0061111111111111,100,11,complete_100_seeds
family3_predefined_subset_clr_raw_env,Subset with CLR,regression_18,C_environment_microbiome,pysr,B46_Bradyrhizobium,0.0005555555555555,100,1,complete_100_seeds
family3_predefined_subset_clr_raw_env,Subset with CLR,regression_18,C_environment_microbiome,pysr,B470_Rheinheimera,0.025,100,38,complete_100_seeds
family3_predefined_subset_clr_raw_env,Subset with CLR,regression_18,C_environment_microbiome,pysr,B47_Limimaricola,0.0022222222222222,100,3,complete_100_seeds
family3_predefined_subset_clr_raw_env,Subset with CLR,regression_18,C_environment_microbiome,pysr,B480_Runella,0.0261111111111111,100,39,complete_100_seeds
family3_predefined_subset_clr_raw_env,Subset with CLR,regression_18,C_environment_microbiome,pysr,B481_Limibaculum,0.0044444444444444,100,8,complete_100_seeds
family3_predefined_subset_clr_raw_env,Subset with CLR,regression_18,C_environment_microbiome,pysr,B487_Unclassified_Genus125,0.0116666666666666,100,18,complete_100_seeds
family3_predefined_subset_clr_raw_env,Subset with CLR,regression_18,C_environment_microbiome,pysr,B490_Dinghuibacter,0.005,100,8,complete_100_seeds
family3_predefined_subset_clr_raw_env,Subset with CLR,regression_18,C_environment_microbiome,pysr,B501_Unclassified_Genus131,0.0027777777777777,100,5,complete_100_seeds
family3_predefined_subset_clr_raw_env,Subset with CLR,regression_18,C_environment_microbiome,pysr,B511_Cellvibrio,0.0027777777777777,100,4,complete_100_seeds
family3_predefined_subset_clr_raw_env,Subset with CLR,regression_18,C_environment_microbiome,pysr,B512_Unclassified_Genus136,0.0333333333333333,100,50,complete_100_seeds
family3_predefined_subset_clr_raw_env,Subset with CLR,regression_18,C_environment_microbiome,pysr,B517_Unclassified_Genus138,0.1922222222222222,100,99,complete_100_seeds
family3_predefined_subset_clr_raw_env,Subset with CLR,regression_18,C_environment_microbiome,pysr,B518_Unclassified_Genus140,0.0838888888888888,100,79,complete_100_seeds
family3_predefined_subset_clr_raw_env,Subset with CLR,regression_18,C_environment_microbiome,pysr,B51_Sulfitobacter,0.0077777777777777,100,14,complete_100_seeds
family3_predefined_subset_clr_raw_env,Subset with CLR,regression_18,C_environment_microbiome,pysr,B525_Labrys,0.0016666666666666,100,3,complete_100_seeds
family3_predefined_subset_clr_raw_env,Subset with CLR,regression_18,C_environment_microbiome,pysr,B52_Gillisia,0.0027777777777777,100,5,complete_100_seeds
family3_predefined_subset_clr_raw_env,Subset with CLR,regression_18,C_environment_microbiome,pysr,B533_Kribbella,0.0144444444444444,100,24,complete_100_seeds
family3_predefined_subset_clr_raw_env,Subset with CLR,regression_18,C_environment_microbiome,pysr,B557_Unclassified_Genus156,0.0138888888888888,100,21,complete_100_seeds
family3_predefined_subset_clr_raw_env,Subset with CLR,regression_18,C_environment_microbiome,pysr,B61_Sediminicola,0.0133333333333333,100,20,complete_100_seeds
family3_predefined_subset_clr_raw_env,Subset with CLR,regression_18,C_environment_microbiome,pysr,B67_Zhongshania,0.0044444444444444,100,7,complete_100_seeds
family3_predefined_subset_clr_raw_env,Subset with CLR,regression_18,C_environment_microbiome,pysr,B71_Brevundimonas,0.105,100,88,complete_100_seeds
family3_predefined_subset_clr_raw_env,Subset with CLR,regression_18,C_environment_microbiome,pysr,B77_GKS98_freshwater_group,0.035,100,44,complete_100_seeds
family3_predefined_subset_clr_raw_env,Subset with CLR,regression_18,C_environment_microbiome,pysr,B87_Pontibacter,0.0016666666666666,100,3,complete_100_seeds
family3_predefined_subset_clr_raw_env,Subset with CLR,regression_18,C_environment_microbiome,pysr,C1_salt,0.1288888888888889,100,94,complete_100_seeds
family3_predefined_subset_clr_raw_env,Subset with CLR,regression_18,C_environment_microbiome,pysr,C2_fresh,0.135,100,90,complete_100_seeds
family3_predefined_subset_clr_raw_env,Subset with CLR,regression_18,C_environment_microbiome,pysr,C3_sed,0.0427777777777777,100,53,complete_100_seeds
family3_predefined_subset_clr_raw_env,Subset with CLR,regression_18,C_environment_microbiome,pysr,F105_Pleurophragmium,0.0066666666666666,100,12,complete_100_seeds
family3_predefined_subset_clr_raw_env,Subset with CLR,regression_18,C_environment_microbiome,pysr,F10_Boeremia,0.0033333333333333,100,6,complete_100_seeds
family3_predefined_subset_clr_raw_env,Subset with CLR,regression_18,C_environment_microbiome,pysr,F110_Fusicolla,0.0016666666666666,100,3,complete_100_seeds
family3_predefined_subset_clr_raw_env,Subset with CLR,regression_18,C_environment_microbiome,pysr,F112_Tolypocladium,0.0022222222222222,100,4,complete_100_seeds
family3_predefined_subset_clr_raw_env,Subset with CLR,regression_18,C_environment_microbiome,pysr,F117_Humicola,0.0033333333333333,100,6,complete_100_seeds
family3_predefined_subset_clr_raw_env,Subset with CLR,regression_18,C_environment_microbiome,pysr,F11_Unclassified_Genus,0.0138888888888888,100,23,complete_100_seeds
family3_predefined_subset_clr_raw_env,Subset with CLR,regression_18,C_environment_microbiome,pysr,F155_Coniochaeta,0.0061111111111111,100,11,complete_100_seeds
family3_predefined_subset_clr_raw_env,Subset with CLR,regression_18,C_environment_microbiome,pysr,F157_Unclassified_Genus31,0.0061111111111111,100,11,complete_100_seeds
family3_predefined_subset_clr_raw_env,Subset with CLR,regression_18,C_environment_microbiome,pysr,F15_Preussia,0.0027777777777777,100,5,complete_100_seeds
family3_predefined_subset_clr_raw_env,Subset with CLR,regression_18,C_environment_microbiome,pysr,F177_Exophiala,0.0044444444444444,100,7,complete_100_seeds
family3_predefined_subset_clr_raw_env,Subset with CLR,regression_18,C_environment_microbiome,pysr,F1_Lecanicillium,0.0144444444444444,100,23,complete_100_seeds
family3_predefined_subset_clr_raw_env,Subset with CLR,regression_18,C_environment_microbiome,pysr,F2_Cladosporium,0.0227777777777777,100,31,complete_100_seeds
family3_predefined_subset_clr_raw_env,Subset with CLR,regression_18,C_environment_microbiome,pysr,F38_Saitozyma,0.0027777777777777,100,5,complete_100_seeds
family3_predefined_subset_clr_raw_env,Subset with CLR,regression_18,C_environment_microbiome,pysr,F48_Fusarium,0.0377777777777777,100,49,complete_100_seeds
family3_predefined_subset_clr_raw_env,Subset with CLR,regression_18,C_environment_microbiome,pysr,F4_Botryotinia,0.0038888888888888,100,7,complete_100_seeds
family3_predefined_subset_clr_raw_env,Subset with CLR,regression_18,C_environment_microbiome,pysr,F52_Paraconiothyrium,0.0183333333333333,100,28,complete_100_seeds
family3_predefined_subset_clr_raw_env,Subset with CLR,regression_18,C_environment_microbiome,pysr,F58_Acremonium,0.0044444444444444,100,8,complete_100_seeds
family3_predefined_subset_clr_raw_env,Subset with CLR,regression_18,C_environment_microbiome,pysr,F67_Solicoccozyma,0.0066666666666666,100,12,complete_100_seeds
family3_predefined_subset_clr_raw_env,Subset with CLR,regression_18,C_environment_microbiome,pysr,F6_Plectosphaerella,0.1305555555555555,100,95,complete_100_seeds
family3_predefined_subset_clr_raw_env,Subset with CLR,regression_18,C_environment_microbiome,pysr,F70_Mortierella,0.0122222222222222,100,22,complete_100_seeds
family3_predefined_subset_clr_raw_env,Subset with CLR,regression_18,C_environment_microbiome,pysr,F72_Sarocladium,0.0022222222222222,100,4,complete_100_seeds
family3_predefined_subset_clr_raw_env,Subset with CLR,regression_18,C_environment_microbiome,pysr,F80_Unclassified_Genus13,0.0016666666666666,100,3,complete_100_seeds
family3_predefined_subset_clr_raw_env,Subset with CLR,regression_18,C_environment_microbiome,pysr,HBV,0.0044444444444444,100,7,complete_100_seeds
family3_predefined_subset_clr_raw_env,Subset with CLR,regression_18,C_environment_microbiome,pysr,HFI,0.0088888888888888,100,16,complete_100_seeds
family3_predefined_subset_clr_raw_env,Subset with CLR,regression_18,C_environment_microbiome,pysr,HMI,0.0238888888888888,100,36,complete_100_seeds
family3_predefined_subset_clr_raw_env,Subset with CLR,regression_18,C_environment_microbiome,pysr,HPD,0.0033333333333333,100,6,complete_100_seeds
family3_predefined_subset_clr_raw_env,Subset with CLR,regression_18,C_environment_microbiome,pysr,LS_PC2,0.0122222222222222,100,20,complete_100_seeds
family3_predefined_subset_clr_raw_env,Subset with CLR,regression_18,C_environment_microbiome,pysr,NDFI,0.015,100,24,complete_100_seeds
family3_predefined_subset_clr_raw_env,Subset with CLR,regression_18,C_environment_microbiome,pysr,NTL,0.0727777777777777,100,74,complete_100_seeds
family3_predefined_subset_clr_raw_env,Subset with CLR,regression_18,C_environment_microbiome,pysr,P_PC1,0.0011111111111111,100,2,complete_100_seeds
family3_predefined_subset_clr_raw_env,Subset with CLR,regression_18,C_environment_microbiome,pysr,T_PC1,0.0072222222222222,100,12,complete_100_seeds
family3_predefined_subset_clr_raw_env,Subset with CLR,regression_18,C_environment_microbiome,pysr,built,0.0394444444444444,100,56,complete_100_seeds
family3_predefined_subset_clr_raw_env,Subset with CLR,regression_18,C_environment_microbiome,pysr,crops,0.0166666666666666,100,27,complete_100_seeds
family3_predefined_subset_clr_raw_env,Subset with CLR,regression_18,C_environment_microbiome,pysr,curv,0.0455555555555555,100,59,complete_100_seeds
family3_predefined_subset_clr_raw_env,Subset with CLR,regression_18,C_environment_microbiome,pysr,curv_prof,0.0488888888888888,100,56,complete_100_seeds
family3_predefined_subset_clr_raw_env,Subset with CLR,regression_18,C_environment_microbiome,pysr,dist_sea,0.0011111111111111,100,2,complete_100_seeds
family3_predefined_subset_clr_raw_env,Subset with CLR,regression_18,C_environment_microbiome,pysr,dist_urban,0.0211111111111111,100,31,complete_100_seeds
family3_predefined_subset_clr_raw_env,Subset with CLR,regression_18,C_environment_microbiome,pysr,elevation_m,0.0027777777777777,100,5,complete_100_seeds
family3_predefined_subset_clr_raw_env,Subset with CLR,regression_18,C_environment_microbiome,pysr,slope_pct,0.0166666666666666,100,26,complete_100_seeds
family3_predefined_subset_clr_raw_env,Subset with CLR,regression_50,C_environment_microbiome,pysr,B115_Bacillus,0.0066666666666666,100,10,complete_100_seeds
family3_predefined_subset_clr_raw_env,Subset with CLR,regression_50,C_environment_microbiome,pysr,B129_Solibacillus,0.0026666666666666,100,4,complete_100_seeds
family3_predefined_subset_clr_raw_env,Subset with CLR,regression_50,C_environment_microbiome,pysr,B131_Limnobacter,0.0226666666666666,100,28,complete_100_seeds
family3_predefined_subset_clr_raw_env,Subset with CLR,regression_50,C_environment_microbiome,pysr,B132_Rhodobacter,0.0346666666666666,100,40,complete_100_seeds
family3_predefined_subset_clr_raw_env,Subset with CLR,regression_50,C_environment_microbiome,pysr,B135_Tabrizicola,0.0086666666666666,100,12,complete_100_seeds
family3_predefined_subset_clr_raw_env,Subset with CLR,regression_50,C_environment_microbiome,pysr,B146_Gramella,0.012,100,15,complete_100_seeds
family3_predefined_subset_clr_raw_env,Subset with CLR,regression_50,C_environment_microbiome,pysr,B14_Enterococcus,0.0113333333333333,100,16,complete_100_seeds
family3_predefined_subset_clr_raw_env,Subset with CLR,regression_50,C_environment_microbiome,pysr,B168_Roseomonas,0.0139999999999999,100,17,complete_100_seeds
family3_predefined_subset_clr_raw_env,Subset with CLR,regression_50,C_environment_microbiome,pysr,B170_Ferruginibacter,0.016,100,18,complete_100_seeds
family3_predefined_subset_clr_raw_env,Subset with CLR,regression_50,C_environment_microbiome,pysr,B172_Allorhizobium_Neorhizobium_Pararhizobium_Rhizobium,0.006,100,9,complete_100_seeds
family3_predefined_subset_clr_raw_env,Subset with CLR,regression_50,C_environment_microbiome,pysr,B173_Unclassified_Genus25,0.0033333333333333,100,5,complete_100_seeds
family3_predefined_subset_clr_raw_env,Subset with CLR,regression_50,C_environment_microbiome,pysr,B177_Ensifer,0.0126666666666666,100,17,complete_100_seeds
family3_predefined_subset_clr_raw_env,Subset with CLR,regression_50,C_environment_microbiome,pysr,B185_Mycobacterium,0.0246666666666666,100,29,complete_100_seeds
family3_predefined_subset_clr_raw_env,Subset with CLR,regression_50,C_environment_microbiome,pysr,B18_Massilia,0.13,100,78,complete_100_seeds
family3_predefined_subset_clr_raw_env,Subset with CLR,regression_50,C_environment_microbiome,pysr,B190_Methylocystis,0.0046666666666666,100,7,complete_100_seeds
family3_predefined_subset_clr_raw_env,Subset with CLR,regression_50,C_environment_microbiome,pysr,B202_Paucibacter,0.1946666666666666,100,97,complete_100_seeds
family3_predefined_subset_clr_raw_env,Subset with CLR,regression_50,C_environment_microbiome,pysr,B20_Rhodococcus,0.004,100,6,complete_100_seeds
family3_predefined_subset_clr_raw_env,Subset with CLR,regression_50,C_environment_microbiome,pysr,B213_Longivirga,0.0066666666666666,100,10,complete_100_seeds
family3_predefined_subset_clr_raw_env,Subset with CLR,regression_50,C_environment_microbiome,pysr,B214_Unclassified_Genus35,0.068,100,51,complete_100_seeds
family3_predefined_subset_clr_raw_env,Subset with CLR,regression_50,C_environment_microbiome,pysr,B216_Sphingorhabdus,0.0126666666666666,100,17,complete_100_seeds
family3_predefined_subset_clr_raw_env,Subset with CLR,regression_50,C_environment_microbiome,pysr,B230_Micromonospora,0.0053333333333333,100,7,complete_100_seeds
family3_predefined_subset_clr_raw_env,Subset with CLR,regression_50,C_environment_microbiome,pysr,B233_Unclassified_Genus39,0.0026666666666666,100,4,complete_100_seeds
family3_predefined_subset_clr_raw_env,Subset with CLR,regression_50,C_environment_microbiome,pysr,B234_Lachnoclostridium,0.0026666666666666,100,4,complete_100_seeds
family3_predefined_subset_clr_raw_env,Subset with CLR,regression_50,C_environment_microbiome,pysr,B24_Oleiphilus,0.0113333333333333,100,16,complete_100_seeds
family3_predefined_subset_clr_raw_env,Subset with CLR,regression_50,C_environment_microbiome,pysr,B25_Methylobacterium_Methylorubrum,0.0066666666666666,100,8,complete_100_seeds
family3_predefined_subset_clr_raw_env,Subset with CLR,regression_50,C_environment_microbiome,pysr,B262_Edaphobaculum,0.012,100,17,complete_100_seeds
family3_predefined_subset_clr_raw_env,Subset with CLR,regression_50,C_environment_microbiome,pysr,B263_Unclassified_Genus46,0.0106666666666666,100,15,complete_100_seeds
family3_predefined_subset_clr_raw_env,Subset with CLR,regression_50,C_environment_microbiome,pysr,B264_Aeromicrobium,0.002,100,3,complete_100_seeds
family3_predefined_subset_clr_raw_env,Subset with CLR,regression_50,C_environment_microbiome,pysr,B26_Pseudomonas,0.246,100,85,complete_100_seeds
family3_predefined_subset_clr_raw_env,Subset with CLR,regression_50,C_environment_microbiome,pysr,B270_Lysinibacillus,0.0006666666666666,100,1,complete_100_seeds
family3_predefined_subset_clr_raw_env,Subset with CLR,regression_50,C_environment_microbiome,pysr,B276_Pedomicrobium,0.002,100,3,complete_100_seeds
family3_predefined_subset_clr_raw_env,Subset with CLR,regression_50,C_environment_microbiome,pysr,B28_Clostridium_sensu_stricto_12,0.018,100,21,complete_100_seeds
family3_predefined_subset_clr_raw_env,Subset with CLR,regression_50,C_environment_microbiome,pysr,B290_Variovorax,0.004,100,6,complete_100_seeds
family3_predefined_subset_clr_raw_env,Subset with CLR,regression_50,C_environment_microbiome,pysr,B293_Unclassified_Genus53,0.0026666666666666,100,4,complete_100_seeds
family3_predefined_subset_clr_raw_env,Subset with CLR,regression_50,C_environment_microbiome,pysr,B294_Turicibacter,0.004,100,6,complete_100_seeds
family3_predefined_subset_clr_raw_env,Subset with CLR,regression_50,C_environment_microbiome,pysr,B300_Nakamurella,0.0006666666666666,100,1,complete_100_seeds
family3_predefined_subset_clr_raw_env,Subset with CLR,regression_50,C_environment_microbiome,pysr,B302_Reyranella,0.0113333333333333,100,16,complete_100_seeds
family3_predefined_subset_clr_raw_env,Subset with CLR,regression_50,C_environment_microbiome,pysr,B309_Unclassified_Genus58,0.0046666666666666,100,7,complete_100_seeds
family3_predefined_subset_clr_raw_env,Subset with CLR,regression_50,C_environment_microbiome,pysr,B314_Nitrospira,0.006,100,7,complete_100_seeds
family3_predefined_subset_clr_raw_env,Subset with CLR,regression_50,C_environment_microbiome,pysr,B317_Streptosporangium,0.024,100,32,complete_100_seeds
family3_predefined_subset_clr_raw_env,Subset with CLR,regression_50,C_environment_microbiome,pysr,B337_Unclassified_Genus67,0.02,100,24,complete_100_seeds
family3_predefined_subset_clr_raw_env,Subset with CLR,regression_50,C_environment_microbiome,pysr,B342_Silicimonas,0.004,100,6,complete_100_seeds
family3_predefined_subset_clr_raw_env,Subset with CLR,regression_50,C_environment_microbiome,pysr,B346_Unclassified_Genus70,0.0006666666666666,100,1,complete_100_seeds
family3_predefined_subset_clr_raw_env,Subset with CLR,regression_50,C_environment_microbiome,pysr,B357_Unclassified_Genus75,0.0026666666666666,100,3,complete_100_seeds
family3_predefined_subset_clr_raw_env,Subset with CLR,regression_50,C_environment_microbiome,pysr,B35_Nocardioides,0.0126666666666666,100,18,complete_100_seeds
family3_predefined_subset_clr_raw_env,Subset with CLR,regression_50,C_environment_microbiome,pysr,B378_Unclassified_Genus83,0.008,100,12,complete_100_seeds
family3_predefined_subset_clr_raw_env,Subset with CLR,regression_50,C_environment_microbiome,pysr,B381_Unclassified_Genus84,0.0173333333333333,100,22,complete_100_seeds
family3_predefined_subset_clr_raw_env,Subset with CLR,regression_50,C_environment_microbiome,pysr,B384_Unclassified_Genus85,0.0026666666666666,100,4,complete_100_seeds
family3_predefined_subset_clr_raw_env,Subset with CLR,regression_50,C_environment_microbiome,pysr,B394_Paraclostridium,0.0013333333333333,100,2,complete_100_seeds
family3_predefined_subset_clr_raw_env,Subset with CLR,regression_50,C_environment_microbiome,pysr,B397_Unclassified_Genus93,0.0153333333333333,100,22,complete_100_seeds
family3_predefined_subset_clr_raw_env,Subset with CLR,regression_50,C_environment_microbiome,pysr,B399_Unclassified_Genus94,0.0053333333333333,100,7,complete_100_seeds
family3_predefined_subset_clr_raw_env,Subset with CLR,regression_50,C_environment_microbiome,pysr,B39_Burkholderia_Caballeronia_Paraburkholderia,0.008,100,11,complete_100_seeds
family3_predefined_subset_clr_raw_env,Subset with CLR,regression_50,C_environment_microbiome,pysr,B404_Asticcacaulis,0.1,100,78,complete_100_seeds
family3_predefined_subset_clr_raw_env,Subset with CLR,regression_50,C_environment_microbiome,pysr,B40_Pseudohongiella,0.008,100,12,complete_100_seeds
family3_predefined_subset_clr_raw_env,Subset with CLR,regression_50,C_environment_microbiome,pysr,B417_Unclassified_Genus100,0.0046666666666666,100,7,complete_100_seeds
family3_predefined_subset_clr_raw_env,Subset with CLR,regression_50,C_environment_microbiome,pysr,B418_Unclassified_Genus101,0.0086666666666666,100,12,complete_100_seeds
family3_predefined_subset_clr_raw_env,Subset with CLR,regression_50,C_environment_microbiome,pysr,B456_Candidatus_Nitrotoga,0.006,100,8,complete_100_seeds
family3_predefined_subset_clr_raw_env,Subset with CLR,regression_50,C_environment_microbiome,pysr,B46_Bradyrhizobium,0.0106666666666666,100,14,complete_100_seeds
family3_predefined_subset_clr_raw_env,Subset with CLR,regression_50,C_environment_microbiome,pysr,B470_Rheinheimera,0.1306666666666666,100,91,complete_100_seeds
family3_predefined_subset_clr_raw_env,Subset with CLR,regression_50,C_environment_microbiome,pysr,B47_Limimaricola,0.0013333333333333,100,2,complete_100_seeds
family3_predefined_subset_clr_raw_env,Subset with CLR,regression_50,C_environment_microbiome,pysr,B480_Runella,0.008,100,12,complete_100_seeds
family3_predefined_subset_clr_raw_env,Subset with CLR,regression_50,C_environment_microbiome,pysr,B481_Limibaculum,0.0046666666666666,100,7,complete_100_seeds
family3_predefined_subset_clr_raw_env,Subset with CLR,regression_50,C_environment_microbiome,pysr,B487_Unclassified_Genus125,0.0426666666666666,100,41,complete_100_seeds
family3_predefined_subset_clr_raw_env,Subset with CLR,regression_50,C_environment_microbiome,pysr,B490_Dinghuibacter,0.0146666666666666,100,17,complete_100_seeds
family3_predefined_subset_clr_raw_env,Subset with CLR,regression_50,C_environment_microbiome,pysr,B501_Unclassified_Genus131,0.0013333333333333,100,2,complete_100_seeds
family3_predefined_subset_clr_raw_env,Subset with CLR,regression_50,C_environment_microbiome,pysr,B511_Cellvibrio,0.004,100,6,complete_100_seeds
family3_predefined_subset_clr_raw_env,Subset with CLR,regression_50,C_environment_microbiome,pysr,B512_Unclassified_Genus136,0.0026666666666666,100,4,complete_100_seeds
family3_predefined_subset_clr_raw_env,Subset with CLR,regression_50,C_environment_microbiome,pysr,B517_Unclassified_Genus138,0.0566666666666666,100,50,complete_100_seeds
family3_predefined_subset_clr_raw_env,Subset with CLR,regression_50,C_environment_microbiome,pysr,B518_Unclassified_Genus140,0.0246666666666666,100,32,complete_100_seeds
family3_predefined_subset_clr_raw_env,Subset with CLR,regression_50,C_environment_microbiome,pysr,B51_Sulfitobacter,0.01,100,14,complete_100_seeds
family3_predefined_subset_clr_raw_env,Subset with CLR,regression_50,C_environment_microbiome,pysr,B525_Labrys,0.01,100,12,complete_100_seeds
family3_predefined_subset_clr_raw_env,Subset with CLR,regression_50,C_environment_microbiome,pysr,B52_Gillisia,0.002,100,3,complete_100_seeds
family3_predefined_subset_clr_raw_env,Subset with CLR,regression_50,C_environment_microbiome,pysr,B533_Kribbella,0.01,100,12,complete_100_seeds
family3_predefined_subset_clr_raw_env,Subset with CLR,regression_50,C_environment_microbiome,pysr,B557_Unclassified_Genus156,0.0046666666666666,100,6,complete_100_seeds
family3_predefined_subset_clr_raw_env,Subset with CLR,regression_50,C_environment_microbiome,pysr,B61_Sediminicola,0.108,100,84,complete_100_seeds
family3_predefined_subset_clr_raw_env,Subset with CLR,regression_50,C_environment_microbiome,pysr,B67_Zhongshania,0.002,100,3,complete_100_seeds
family3_predefined_subset_clr_raw_env,Subset with CLR,regression_50,C_environment_microbiome,pysr,B71_Brevundimonas,0.0206666666666666,100,28,complete_100_seeds
family3_predefined_subset_clr_raw_env,Subset with CLR,regression_50,C_environment_microbiome,pysr,B77_GKS98_freshwater_group,0.2673333333333333,100,95,complete_100_seeds
family3_predefined_subset_clr_raw_env,Subset with CLR,regression_50,C_environment_microbiome,pysr,B87_Pontibacter,0.002,100,3,complete_100_seeds
family3_predefined_subset_clr_raw_env,Subset with CLR,regression_50,C_environment_microbiome,pysr,C1_salt,0.2126666666666666,100,68,complete_100_seeds
family3_predefined_subset_clr_raw_env,Subset with CLR,regression_50,C_environment_microbiome,pysr,C2_fresh,0.0586666666666666,100,58,complete_100_seeds
family3_predefined_subset_clr_raw_env,Subset with CLR,regression_50,C_environment_microbiome,pysr,C3_sed,0.0286666666666666,100,38,complete_100_seeds
family3_predefined_subset_clr_raw_env,Subset with CLR,regression_50,C_environment_microbiome,pysr,F10_Boeremia,0.0033333333333333,100,5,complete_100_seeds
family3_predefined_subset_clr_raw_env,Subset with CLR,regression_50,C_environment_microbiome,pysr,F110_Fusicolla,0.002,100,3,complete_100_seeds
family3_predefined_subset_clr_raw_env,Subset with CLR,regression_50,C_environment_microbiome,pysr,F112_Tolypocladium,0.0026666666666666,100,4,complete_100_seeds
family3_predefined_subset_clr_raw_env,Subset with CLR,regression_50,C_environment_microbiome,pysr,F117_Humicola,0.0033333333333333,100,5,complete_100_seeds
family3_predefined_subset_clr_raw_env,Subset with CLR,regression_50,C_environment_microbiome,pysr,F11_Unclassified_Genus,0.0226666666666666,100,26,complete_100_seeds
family3_predefined_subset_clr_raw_env,Subset with CLR,regression_50,C_environment_microbiome,pysr,F155_Coniochaeta,0.002,100,3,complete_100_seeds
family3_predefined_subset_clr_raw_env,Subset with CLR,regression_50,C_environment_microbiome,pysr,F157_Unclassified_Genus31,0.0006666666666666,100,1,complete_100_seeds
family3_predefined_subset_clr_raw_env,Subset with CLR,regression_50,C_environment_microbiome,pysr,F15_Preussia,0.0006666666666666,100,1,complete_100_seeds
family3_predefined_subset_clr_raw_env,Subset with CLR,regression_50,C_environment_microbiome,pysr,F177_Exophiala,0.0013333333333333,100,1,complete_100_seeds
family3_predefined_subset_clr_raw_env,Subset with CLR,regression_50,C_environment_microbiome,pysr,F1_Lecanicillium,0.0713333333333333,100,45,complete_100_seeds
family3_predefined_subset_clr_raw_env,Subset with CLR,regression_50,C_environment_microbiome,pysr,F2_Cladosporium,0.0613333333333333,100,46,complete_100_seeds
family3_predefined_subset_clr_raw_env,Subset with CLR,regression_50,C_environment_microbiome,pysr,F38_Saitozyma,0.0013333333333333,100,2,complete_100_seeds
family3_predefined_subset_clr_raw_env,Subset with CLR,regression_50,C_environment_microbiome,pysr,F48_Fusarium,0.0093333333333333,100,13,complete_100_seeds
family3_predefined_subset_clr_raw_env,Subset with CLR,regression_50,C_environment_microbiome,pysr,F4_Botryotinia,0.042,100,39,complete_100_seeds
family3_predefined_subset_clr_raw_env,Subset with CLR,regression_50,C_environment_microbiome,pysr,F52_Paraconiothyrium,0.008,100,10,complete_100_seeds
family3_predefined_subset_clr_raw_env,Subset with CLR,regression_50,C_environment_microbiome,pysr,F58_Acremonium,0.0153333333333333,100,20,complete_100_seeds
family3_predefined_subset_clr_raw_env,Subset with CLR,regression_50,C_environment_microbiome,pysr,F66_Didymella,0.0013333333333333,100,2,complete_100_seeds
family3_predefined_subset_clr_raw_env,Subset with CLR,regression_50,C_environment_microbiome,pysr,F67_Solicoccozyma,0.0086666666666666,100,11,complete_100_seeds
family3_predefined_subset_clr_raw_env,Subset with CLR,regression_50,C_environment_microbiome,pysr,F6_Plectosphaerella,0.0106666666666666,100,16,complete_100_seeds
family3_predefined_subset_clr_raw_env,Subset with CLR,regression_50,C_environment_microbiome,pysr,F70_Mortierella,0.0013333333333333,100,1,complete_100_seeds
family3_predefined_subset_clr_raw_env,Subset with CLR,regression_50,C_environment_microbiome,pysr,F72_Sarocladium,0.0053333333333333,100,8,complete_100_seeds
family3_predefined_subset_clr_raw_env,Subset with CLR,regression_50,C_environment_microbiome,pysr,F80_Unclassified_Genus13,0.0013333333333333,100,2,complete_100_seeds
family3_predefined_subset_clr_raw_env,Subset with CLR,regression_50,C_environment_microbiome,pysr,F99_Papiliotrema,0.0006666666666666,100,1,complete_100_seeds
family3_predefined_subset_clr_raw_env,Subset with CLR,regression_50,C_environment_microbiome,pysr,HBV,0.0866666666666666,100,67,complete_100_seeds
family3_predefined_subset_clr_raw_env,Subset with CLR,regression_50,C_environment_microbiome,pysr,HFI,0.0566666666666666,100,59,complete_100_seeds
family3_predefined_subset_clr_raw_env,Subset with CLR,regression_50,C_environment_microbiome,pysr,HMI,0.0173333333333333,100,25,complete_100_seeds
family3_predefined_subset_clr_raw_env,Subset with CLR,regression_50,C_environment_microbiome,pysr,HPD,0.0253333333333333,100,30,complete_100_seeds
family3_predefined_subset_clr_raw_env,Subset with CLR,regression_50,C_environment_microbiome,pysr,LS_PC2,0.0113333333333333,100,12,complete_100_seeds
family3_predefined_subset_clr_raw_env,Subset with CLR,regression_50,C_environment_microbiome,pysr,NDFI,0.0153333333333333,100,20,complete_100_seeds
family3_predefined_subset_clr_raw_env,Subset with CLR,regression_50,C_environment_microbiome,pysr,NTL,0.068,100,68,complete_100_seeds
family3_predefined_subset_clr_raw_env,Subset with CLR,regression_50,C_environment_microbiome,pysr,P_PC1,0.0046666666666666,100,6,complete_100_seeds
family3_predefined_subset_clr_raw_env,Subset with CLR,regression_50,C_environment_microbiome,pysr,T_PC1,0.008,100,11,complete_100_seeds
family3_predefined_subset_clr_raw_env,Subset with CLR,regression_50,C_environment_microbiome,pysr,built,0.0566666666666666,100,53,complete_100_seeds
family3_predefined_subset_clr_raw_env,Subset with CLR,regression_50,C_environment_microbiome,pysr,crops,0.0046666666666666,100,7,complete_100_seeds
family3_predefined_subset_clr_raw_env,Subset with CLR,regression_50,C_environment_microbiome,pysr,curv,0.02,100,23,complete_100_seeds
family3_predefined_subset_clr_raw_env,Subset with CLR,regression_50,C_environment_microbiome,pysr,curv_prof,0.0173333333333333,100,25,complete_100_seeds
family3_predefined_subset_clr_raw_env,Subset with CLR,regression_50,C_environment_microbiome,pysr,dist_sea,0.0033333333333333,100,5,complete_100_seeds
family3_predefined_subset_clr_raw_env,Subset with CLR,regression_50,C_environment_microbiome,pysr,dist_urban,0.1126666666666666,100,87,complete_100_seeds
family3_predefined_subset_clr_raw_env,Subset with CLR,regression_50,C_environment_microbiome,pysr,elevation_m,0.0066666666666666,100,9,complete_100_seeds
family3_predefined_subset_clr_raw_env,Subset with CLR,regression_50,C_environment_microbiome,pysr,slope_pct,0.1493333333333333,100,89,complete_100_seeds
